n,word,ipa,pos,gloss,etym
1,a,/a/,叹词,啊。,原生叹词。
2,æ,/æ/,连词,和。,原生功能词。
3,aæku,/aˈækʰu/,动词,淹没。,原生词根。
4,abi,/ˈabi/,名词,渡口。,原生词根。
5,ablør,/ˈabløɹ/,名词,勇士。,原生词根。
6,abo,/ˈa.bo/,连词,但是（口语）。,原生词根（口语连词，与书面语 sed 相对但词源独立）。
7,abolar,/aˈbo.laɹ/,动词,消除，除掉。,源自拉丁语「abolere」
8,abrikot,/aˈbrikʰotʰ/,名词,杏。,源自法语「abricot」。
9,absorber,/aˈbsoɹbəɹ/,动词,吸收。,源自拉丁语「absorbere」。
10,absorberabela,/absoɹbəʁaˈbela/,形容词,可吸收的。,「absorber」+ 后缀 -bela（可被……的）。
11,absorberitá,/absoɹbəˈʁitʰaː/,形容词,被吸收的。,「absorber」+ 后缀 -itá（结果状态）。
12,abundansi,/abuˈndansi/,形容词,丰富的。,源自拉丁语「abundans」。
13,abzeiken,/abzəˈikʰən/,名词,徽章。,源自德语「Abzeichen」。
14,aĉet,/a.ˈtʃetʰ/,动词,购买。,借世界语 aĉeti。
15,aço,/ˈa.so/,名词,革命。,原生词根，模拟社会变革之音。
16,açoen,/ˈa.so.ən/,动词,变成革命。,「açoi」+ 后缀 -en（变成）。
17,açoën,/ˈa.so.ən/,动词,革命，反抗。,"""aço"" + 动词化后缀 ""-en""。"
18,açoënabela,/asoənaˈbela/,形容词,可革命的。,「açoën」+ 后缀 -bela（可被……的）。
19,açoënitá,/asoəˈnitʰaː/,形容词,被革命的。,「açoën」+ 后缀 -itá（结果状态）。
20,açoi,/ˈa.so.i/,形容词,革命的。,"""aço"" + 形容词化后缀 ""-i""。"
21,açoji,/aˈsod͡ʒi/,动词,使革命。,「açoi」+ 后缀 -ji（使动）。
22,açoli,/aˈsoli/,副词,革命地。,「açoi」+ 后缀 -li（副词化）。
23,adiauo,/adiaˈuo/,名词,告别。,源自世界语「adiaʌo」。
24,administoratio,/administʰoʁaˈtʰio/,名词,管理。,源自拉丁语「administratio」。
25,admirer,/ad.miˈʁəɹ/,动词,钦佩，赞叹。,源自拉丁语「admirari」
26,adraka,/aˈdrakʰa/,名词,生姜。,源自梵语「आद्रक」(adraka)。
27,adversa,/adˈveɹsa/,形容词,不利的，逆的。,源自拉丁语「adversus」
28,adversair,/advəˈɹsaiɹ/,名词,对手。,源自法语「adversaire」。
29,advertisemento,/advəɹtʰisəˈmentʰo/,名词,广告。,源自英语「advertisement」。
30,advokatus,/advoˈkʰatʰus/,名词,律师。,源自拉丁语「advocatus」。
31,aemula,/ˈae.mu.la/,形容词,竞争的，争先的。,源自拉丁语「aemulari」
32,aero,/ˈa.e.ʁo/,名词,空气。,源自拉丁语「aer」
33,afer,/ˈa.fəɹ/,名词,事情，事务。,源自拉丁语「res」(res)，词形维古登化。
34,afiestai,/afiəˈstʰai/,动词,赦免。,源自希腊语「ἀφίεσθαι」(aphiesthai)。
35,afkæ,/ˈafkʰæ/,名词,诅咒。,原生词根。
36,æfo,/ˈæfo/,名词,祭坛。,原生词根。
37,aĝer,/ˈad͡ʒəɹ/,名词,农田。,源自拉丁语「ager」。
38,agĝer,/ˈaɡd͡ʒəɹ/,名词,堤坝。,源自拉丁语「agger」。
39,agitar,/aˈɡi.taɹ/,动词,骚动，激动，鼓动。,源自拉丁语「agitare」
40,agó,/aˈɡoː/,动词,聚集，集合。,原生词根。
41,agóabela,/aɡoːaˈbela/,形容词,可聚集的。,「agó」+ 后缀 -bela（可被……的）。
42,agóitá,/aɡoːˈitʰaː/,形容词,被聚集的。,「agó」+ 后缀 -itá（结果状态）。
43,agon,/ˈaɡon/,名词,竞技会。,源自希腊语「ἀγών」(agon)。
44,agoni,/aˈɡoni/,形容词,贫瘠的。,源自希腊语「agonos」。
45,agresto,/aˈɡrestʰo/,名词,醋栗。,源自波兰语「agrest」。
46,agrimento,/aɡriˈmentʰo/,名词,协议。,源自英语「agreement」。
47,ágrún,/ˈaːɡruːn/,名词,林间。,原生词根。
48,aguru,/aˈɡuʁu/,名词,沉香。,源自梵语「अगुरु」(aguru)。
49,ah,/ah/,叹词,啊。,通用叹词。
50,aie,/aˈiə/,名词,镣铐。,原生词根。
51,ail,/ˈail/,名词,大蒜。,源自法语「ail」。
52,ainigma,/aiˈniɡma/,名词,谜。,源自希腊语「αἴνιγμα」(ainigma)。
53,aistetik,/aiˈstʰetʰikʰ/,名词,美学。,源自希腊语「αἰσθητική」(aisthetike)。
54,ait,/ˈaitʰ/,名词,烤肉。,原生词根。
55,aiter,/aˈitʰəɹ/,名词,以太。,源自希腊语「αἰθήρ」(aither)。
56,ajíwiquce,/a.d͡ʒiː.wi.ˈku.ke/,名词,相濡以沫的青梅竹马。,原生词根（新造）。
57,æk,/ˈækʰ/,名词,腰带。,原生词根。
58,akademia,/akʰadəˈmia/,名词,学院。,源自拉丁语「academia」。
59,akcenta,/akˈkʰen.tʰa/,名词,口音，重音，腔调。,源自拉丁语「accentus」
60,akceptar,/akˈkep.tʰaɹ/,动词,接受，接待。,源自拉丁语「acceptare」
61,akon,/ˈakʰon/,名词,标枪。,源自希腊语「akon」。
62,akord,/aˈkʰoɹd/,动词,同意。,"拉丁语 ""accordare""。"
63,akordabela,/akʰoɹdaˈbela/,形容词,可同意的。,「akord」+ 后缀 -bela（可被……的）。
64,akorditá,/akʰoˈɹditʰaː/,形容词,被同意的。,「akord」+ 后缀 -itá（结果状态）。
65,akounto,/akʰoˈuntʰo/,名词,账户。,源自英语「account」。
66,akra,/ˈa.kʰra/,形容词,凛，尖利，刺骨。,"拉丁语 ""acer"" + 形容词化。"
67,akraji,/aˈkʰrad͡ʒi/,动词,使凛。,「akra」+ 后缀 -ji（使动）。
68,akrali,/aˈkʰrali/,副词,凛地。,「akra」+ 后缀 -li（副词化）。
69,akren,/ˈakʰrən/,动词,变成凛。,「akra」+ 后缀 -en（变成）。
70,akseler,/akˈse.ləɹ/,动词,加速，加快。,源自拉丁语「accelerare」
71,aksidento,/akʰsiˈdentʰo/,名词,事故。,源自法语「accident」。
72,akso,/ˈakʰso/,名词,战斧。,源自日耳曼语「axe」。
73,aksup,/ˈakʰsup/,名词,部落。,原生词根。
74,aktiva,/akˈtʰi.va/,形容词,积极的，活跃的。,源自拉丁语「activus」
75,aktivali,/ak.tiˈva.li/,副词,主动地，积极地。,源自拉丁语「activus」+ -li（副词化）
76,akto,/ˈak.tʰo/,名词,行动，活动。,源自拉丁语「actus」
77,aktor,/ˈakʰtʰoɹ/,名词,演员。,源自拉丁语「actor」。
78,aktus,/ˈakʰ.tʰus/,名词,行为，举动。,源自拉丁语「actus」
79,akuæduktus,/akʰuæˈdukʰtʰus/,名词,水渠。,源自拉丁语「aquaeductus」。
80,ækualitas,/ækʰuaˈlitʰas/,名词,平等。,源自拉丁语「aequalitas」。
81,ækuilibrium,/ækʰuiliˈbrium/,名词,平衡。,源自拉丁语「aequilibrium」。
82,ækuitas,/ækʰuˈitʰas/,名词,公正。,源自拉丁语「aequitas」。
83,akuzatio,/a.kuˈza.ti.o/,名词,指控，控告。,源自拉丁语「accusatio」
84,akvo,/ˈakʰ.vo/,名词,水。,源自拉丁语「aqua」。
85,aler,/ˈaləɹ/,动词,饲养。,源自拉丁语「alere」。
86,alerabela,/aləʁaˈbela/,形容词,可饲养的。,「aler」+ 后缀 -bela（可被……的）。
87,aleritá,/aləˈʁitʰaː/,形容词,被饲养的。,「aler」+ 后缀 -itá（结果状态）。
88,algebra,/aˈlɡebra/,名词,代数。,源自希腊语「ἄλγεβρα」(algebra)。
89,almenu,/al.ˈme.nu/,副词,至少。,造词。
90,alport,/al.ˈpoɹtʰ/,动词,带来。,借世界语 alporti。
91,alta,/ˈal.tʰa/,形容词,高的。,借拉丁 altus。
92,altamaró,/al.ˈtʰa.ma.ʁoː/,名词,公海。,"""alta""（高）+ ""maró""（海）。"
93,altaskola,/altʰaˈskʰola/,名词,高中。,「alta」+「skola」。
94,alva,/ˈal.va/,名词,意义，价值。,原生词根。
95,alven,/al.ˈven/,动词,到达。,借世界语 alveni。
96,am,/ˈam/,动词,爱（深爱）。,"原生词根（""amanto"" 词根）；与「làng」（喜欢）相区别。"
97,amanto,/aˈman.tʰo/,名词,爱人，恋人。,"""am""（爱）+ ""-anto""（施动者后缀）；源自拉丁语 ""amare""。"
98,amavent,/aˈma.vəntʰ/,名词,穿堂而过的暖风，带来远处某地气息的风。,ama（远方）+ vent（风）。
99,ambasadeur,/ambasaˈdeuɹ/,名词,大使。,源自法语「ambassadeur」。
100,ambau,/ˈam.bau/,数词,两者（都）。,造词。
101,ambular,/aˈmbulaɹ/,动词,行走。,源自拉丁语「ambulare」。
102,ambularabela,/ambulaʁaˈbela/,形容词,可行走的。,「ambular」+ 后缀 -bela（可被……的）。
103,ambularitá,/ambulaˈʁitʰaː/,形容词,被行走的。,「ambular」+ 后缀 -itá（结果状态）。
104,amdi,/ˈamdi/,名词,播种季。,原生词根。
105,amdisíng,/aˈmdisiːŋɡ/,名词,播种时节泥土与种子混合的气味。,amdi（播种季）+ síng（气味）。
106,amerikano,/a.meˈʁi.ka.no/,名词,美国人。,源自「Amerika」（美洲/美国）+ 人称 -ano
107,åmí,/ˈɔː.miː/,名词,爱。,原生情感词（长元音 /ɔː/）。
108,amien,/aˈmi.ən/,动词,去爱，付出爱。,"""åmí"" + 动词化后缀 ""-en""。"
109,amienabela,/amiənaˈbela/,形容词,可去爱的。,「amien」+ 后缀 -bela（可被……的）。
110,amienitá,/amiəˈnitʰaː/,形容词,被去爱的。,「amien」+ 后缀 -itá（结果状态）。
111,amikoelf,/a.mi.kʰoˈelf/,名词,朋友间不必说破、彼此心照的体谅。,amiko（友）+ elf（体谅）。
112,amlápas,/aˈmlaːpas/,名词,瘟疫。,原生词根。
113,amo,/ˈamo/,名词,爱情。,源自世界语「amo」。
114,ampoliar,/ampoˈliaɹ/,动词,扩大。,源自拉丁语「ampliare」。
115,ampoliarabela,/ampoliaʁaˈbela/,形容词,可扩大的。,「ampoliar」+ 后缀 -bela（可被……的）。
116,ampoliaritá,/ampoliaˈʁitʰaː/,形容词,被扩大的。,「ampoliar」+ 后缀 -itá（结果状态）。
117,amra,/ˈamra/,名词,芒果。,源自梵语「आम्र」(amra)。
118,an,/an/,名词,年。,原生词根。
119,ana,/ˈana/,名词,皮毛。,原生词根。
120,analis,/aˈna.lis/,动词,分析。,源自拉丁语「analysis」（希腊语「ἀνάλυσις」）
121,ananko,/aˈnaŋkʰo/,名词,必然。,源自希腊语「ἀνάγκη」(ananke)。
122,anatman,/aˈnatʰman/,名词,无我。,源自梵语「अनात्मन्」(anatman)。
123,anbak,/ˈanbakʰ/,名词,磨盘。,原生词根。
124,ãnbí,/ˈɐ̃nbiː/,名词,誓约。,原生词根。
125,anĉor,/ˈantʃoɹ/,名词,锚。,源自日耳曼语「anchor」。
126,andar,/anˈdaɹ/,动词,去。,"西班牙语 ""andar""。"
127,andarabela,/andaʁaˈbela/,形容词,可去的。,「andar」+ 后缀 -bela（可被……的）。
128,andaritá,/andaˈʁitʰaː/,形容词,被去的。,「andar」+ 后缀 -itá（结果状态）。
129,angulus,/aˈŋɡulus/,名词,角度。,源自拉丁语「angulus」。
130,anihilaçión,/ani.hi.laˈsi.oːn/,名词,消灭。,"拉丁语 ""annihilatio""。"
131,animal,/a.niˈmal/,名词,动物。,"拉丁语 ""animal""。"
132,animó,/ˈa.ni.moː/,名词,灵魂。,原生词根。
133,anisi,/aˈnisi/,形容词,悬殊的。,源自希腊语「ἄνισος」(anisos)。
134,ænisi,/æˈnisi/,动词,打嗝。,原生词根。
135,anitia,/aniˈtʰia/,名词,无常。,源自梵语「अनित्य」(anitya)。
136,ankau,/an.ˈkʰau/,副词,也。,源自世界语「ankaŭ」，音系调整（同 ankorau）。
137,ankorau,/anˈkʰo.ʁau/,副词,仍然，还。,"世界语 ""ankoraʌ""。"
138,anstatu,/an.ˈstʰa.tʰu/,介词,代替。,造词。
139,-ant-,/antʰ/,中缀,现在分词（正在……的）。,penter（画）→ pentanta。
140,antagonisto,/antʰaɡoˈnistʰo/,名词,反派。,源自法语「antagoniste」。
141,æntæot,/æˈntʰæotʰ/,名词,白桦。,原生词根。
142,ante,/ˈantʰə/,副词,之前。,源自拉丁语「ante」。
143,antepagina,/an.tʰeˈpa.ɡi.na/,名词,扉页，前页。,ante（前）+ pagina（页）
144,antibiotik,/antʰibiˈotʰikʰ/,名词,抗生素。,源自英语「antibiotic」。
145,anto,/ˈantʰo/,名词,蚁。,源自日耳曼语「ant」。
146,antolia,/antʰoˈlia/,名词,船舱。,源自希腊语「ἀντλία」(antlia)。
147,antra,/ˈan.tʰra/,名词,洞穴，深处。,"拉丁语 ""antrum""。"
148,anuntio,/aˈnun.tʰi.o/,名词,公告，通告。,源自拉丁语「annuntiatio」
149,aotoi,/aoˈtʰoi/,名词,斗笠蓑衣。,源自越南语「ao toi」。
150,apar,/ˈapaɹ/,名词,项链。,原生词根。
151,ape,/ˈapə/,名词,锯子。,原生词根。
152,apeiri,/apəˈiʁi/,形容词,无限的。,源自希腊语「ἄπειρος」(apeiros)。
153,apelatio,/apəlaˈtʰio/,名词,上诉。,源自拉丁语「appellatio」。
154,apendikso,/apəˈndikʰso/,名词,附录。,源自拉丁语「appendix」。
155,aperar,/a.pəˈʁaɹ/,动词,出现。,"拉丁语 ""apparere"" + ""-ar""。"
156,aperarabela,/apəʁaʁaˈbela/,形容词,可出现的。,「aperar」+ 后缀 -bela（可被……的）。
157,aperaritá,/apəʁaˈʁitʰaː/,形容词,被出现的。,「aperar」+ 后缀 -itá（结果状态）。
158,aperi,/a.ˈpe.ʁi/,动词,出现。,借世界语 aperi。
159,aplaudo,/aˈplau.do/,名词,掌声。,源自拉丁语「plausus」。
160,apogar,/ˈa.po.gaɹ/,动词,支撑，倚靠。,源自法语「appuyer」
161,apotek,/aˈpotʰəkʰ/,名词,药房。,源自德语「Apotheke」。
162,åpsi,/ˈɔːpsi/,名词,烽火。,原生词根。
163,apud,/ˈa.pud/,介词,在...旁边。,"第二版新增，源自拉丁语 ""apud""。"
164,æra,/ˈæʁa/,名词,纪元。,源自拉丁语「aera」。
165,ǽral,/ˈæːʁal/,动词,凝视。,原生词根。
166,ǽralo,/ˈæː.ʁal.o/,名词,目光，注视。,原生词根「ǽral」（凝视）加名词化 -o
167,aranjar,/aˈran.dʒaɹ/,动词,安排，料理。,源自法语「arranger」
168,arat,/ˈaʁatʰ/,名词,罗汉。,源自梵语「अर्हत्」(arhat)。
169,arbitrára,/aɹ.biˈtʰraː.ʁa/,形容词,任意的，专制的。,原生词根。
170,arbitráren,/aɹbiˈtʰraːʁən/,动词,变成任意。,「arbitrára」+ 后缀 -en（变成）。
171,arbitrárguvernó,/aɹ.bi.ˈtʰraːɹ.ɡu.veɹ.noː/,名词,专制政府。,"""arbitrár""（任意）+ ""guvernó""（政府）。"
172,arbitrárji,/aɹbiˈtʰraːɹd͡ʒi/,动词,使任意。,「arbitrára」+ 后缀 -ji（使动）。
173,arbitrárli,/aɹbiˈtʰraːɹli/,副词,任意地。,「arbitrára」+ 后缀 -li（副词化）。
174,arbo,/ˈaɹbo/,名词,树。,源自拉丁语「arbor」。
175,arena,/aˈʁena/,名词,竞技场。,源自拉丁语「arena」。
176,areser,/aˈʁesəɹ/,动词,枯萎。,源自拉丁语「arescere」。
177,areserabela,/aʁəsəʁaˈbela/,形容词,可枯萎的。,「areser」+ 后缀 -bela（可被……的）。
178,areseritá,/aʁəsəˈʁitʰaː/,形容词,被枯萎的。,「areser」+ 后缀 -itá（结果状态）。
179,arĝenta,/aɹˈd͡ʒen.tʰa/,形容词,银色的。,源自拉丁语「argentum」
180,argumentar,/aɹ.guˈmen.tʰaɹ/,动词,论证，引证。,源自拉丁语「argumentari」
181,argumentum,/aɹɡuˈmentʰum/,名词,证据。,源自拉丁语「argumentum」。
182,arhu,/ˈaɹhu/,名词,松树。,原生词根。
183,aria,/aˈʁia/,名词,咏叹调。,源自意大利语「aria」。
184,aristokratia,/aʁistʰokʰraˈtʰia/,名词,贵族制。,源自希腊语「ἀριστοκρατία」(aristokratia)。
185,aritmetika,/aʁitʰməˈtʰikʰa/,名词,算术。,源自拉丁语「arithmetica」。
186,ariva,/aɹˈʁi.va/,动词,到达。,"第二版拼写调整（原第一版 ""arriva""）。"
187,arivabela,/aʁivaˈbela/,形容词,可到达的。,「ariva」+ 后缀 -bela（可被……的）。
188,arivaitá,/aʁivaˈitʰaː/,形容词,被到达的。,「ariva」+ 后缀 -itá（结果状态）。
189,arkai,/aˈɹkʰai/,形容词,古老的。,源自希腊语「ἀρχαῖος」(archaios)。
190,arkitektura,/aɹkʰitʰəˈkʰtʰuʁa/,名词,建筑。,源自拉丁语「architectura」。
191,arkivum,/aˈɹkʰivum/,名词,档案。,源自拉丁语「archivum」。
192,arkus,/ˈaɹkʰus/,名词,拱门。,源自拉丁语「arcus」。
193,arma,/ˈaɹma/,名词,武器。,源自拉丁语「arma」。
194,armoir,/aˈɹmoiɹ/,名词,衣柜。,源自法语「armoire」。
195,arna,/ˈaɹ.na/,形容词,坚固的，牢靠的。,原生词根。
196,arnaji,/aˈɹnad͡ʒi/,动词,使坚固。,「arna」+ 后缀 -ji（使动）。
197,arnali,/aˈɹnali/,副词,坚固地。,「arna」+ 后缀 -li（副词化）。
198,arnen,/ˈaɹnən/,动词,变成坚固。,「arna」+ 后缀 -en（变成）。
199,arø,/ˈaʁø/,名词,股份。,源自英语「share」。
200,æroporto,/æʁoˈpoɹtʰo/,名词,机场。,源自法语「aéroport」。
201,arpegĝio,/aɹpəˈɡd͡ʒio/,名词,琶音。,源自意大利语「arpeggio」。
202,arso,/ˈaɹso/,名词,艺术。,源自拉丁语「ars」。
203,arsohipielago,/aɹsohipiəˈlaɡo/,名词,群岛。,源自西班牙语「archipiélago」。
204,arsohitekto,/aɹsohiˈtʰekʰtʰo/,名词,建筑师。,源自法语「architecte」。
205,arsomedika,/aɹsoməˈdikʰa/,名词,医术。,源自拉丁语「ars medica」。
206,asana,/aˈsana/,名词,坐姿。,源自梵语「आसन」(asana)。
207,asbu,/ˈasbu/,名词,旱季。,原生词根。
208,asbuvento,/as.buˈven.tʰo/,名词,旱季将尽、第一场雨将至的那种焦灼的期盼。,asbu（旱季）+ vento（将至）。
209,ase,/ˈasə/,名词,神殿。,原生词根。
210,ases,/ˈasəs/,名词,盟友。,原生词根。
211,aset,/ˈasətʰ/,名词,资产。,源自英语「asset」。
212,aseto,/aˈsetʰo/,名词,香醋。,源自意大利语「aceto」。
213,asetum,/aˈsetʰum/,名词,醋。,源自拉丁语「acetum」。
214,ashoram,/aˈʃoʁam/,名词,禅房。,源自梵语「आश्रम」(ashram)。
215,asieto,/asiˈetʰo/,名词,盘子。,源自法语「assiette」。
216,ásku,/ˈaːskʰu/,动词,绷紧。,原生词根。
217,asma,/ˈasma/,名词,葡萄藤。,借词「asma」。
218,asolo,/aˈsolo/,名词,独奏。,源自意大利语「assolo」。
219,aspektus,/aˈspek.tʰus/,名词,目光，神情。,源自拉丁语「aspectus」
220,æstas,/ˈæstʰas/,名词,夏日。,源自拉丁语「aestas」。
221,asteni,/aˈstʰeni/,形容词,虚弱的。,源自希腊语「ἀσθενής」(asthenes)。
222,astoronomia,/astʰoʁonoˈmia/,名词,天文。,源自拉丁语「astronomia」。
223,astoronomos,/astʰoʁoˈnomos/,名词,天文学家。,源自希腊语「ἀστρονόμος」(astronomos)。
224,astra,/ˈastʰ.ra/,名词,星辰（诗歌用）。,"拉丁语 ""astrum""。"
225,asul,/ˈasul/,名词,凿子。,原生词根。
226,asuranso,/asuˈʁanso/,名词,保险。,源自法语「assurance」。
227,asva,/ˈasva/,名词,智者。,原生词根。
228,áta,/ˈaː.tʰa/,数词,八。,日耳曼词源。
229,ætas,/ˈætʰas/,名词,历史时期。,源自拉丁语「aetas」。
230,atend,/a.ˈtʰend/,动词,等待。,源自拉丁语「attendere」。
231,atendu,/aˈtʰen.du/,动词,等待。,"世界语 ""atendi""。"
232,atendubela,/atʰənduˈbela/,形容词,可等待的。,「atendu」+ 后缀 -bela（可被……的）。
233,atenduitá,/atʰənduˈitʰaː/,形容词,被等待的。,「atendu」+ 后缀 -itá（结果状态）。
234,atenta,/aˈtʰentʰa/,形容词,细心的。,源自拉丁语「attentus」。
235,atentli,/aˈtʰentʰli/,副词,注意地，仔细地。,「atenta」（细心的，词典词）+ -li（副词化）
236,atento,/aˈtʰentʰo/,名词,关注。,源自拉丁语「attentio」。
237,atletes,/aˈtʰletʰəs/,名词,运动员。,源自希腊语「ἀθλητής」(athletes)。
238,atlon,/ˈatʰlon/,名词,奖赏。,源自希腊语「ἆθλον」(athlon)。
239,atmosfera,/atʰmoˈsfeʁa/,名词,氛围，气氛。,源自希腊语「ἀτμός」(atmos)+「sphaera」。
240,atomos,/aˈtʰomos/,名词,原子。,源自希腊语「ἄτομος」(atomos)。
241,atrø,/ˈatʰrø/,动词,推脱。,原生词根。
242,atse,/ˈatʰsə/,名词,皮靴。,原生词根。
243,aud,/aud/,动词,听见。,借世界语 aŭdi。
244,audit,/aˈuditʰ/,名词,审计。,源自英语「audit」。
245,auĝer,/aˈud͡ʒəɹ/,动词,增加。,源自拉丁语「augere」。
246,auĝerabela,/aud͡ʒəʁaˈbela/,形容词,可增加的。,「auĝer」+ 后缀 -bela（可被……的）。
247,auĝeritá,/aud͡ʒəˈʁitʰaː/,形容词,被增加的。,「auĝer」+ 后缀 -itá（结果状态）。
248,aulos,/aˈulos/,名词,双管笛。,源自希腊语「αὐλός」(aulos)。
249,aureumsækulum,/auʁəumsæˈkʰulum/,名词,黄金时代。,源自拉丁语「aureum saeculum」。
250,auris,/ˈau.ʁis/,名词,耳朵（诗体/古体用）。,源自拉丁语「auris」
251,auróra,/auˈʁoː.ʁa/,名词,黎明。,"拉丁语 ""auróra""。"
252,ausiktosturmo,/ausikʰtʰoˈstʰuɹmo/,名词,瞭望台。,源自德语「Aussichtsturm」。
253,auto,/ˈau.tʰo/,名词,汽车。,源自拉丁语「automobilis」。
254,autumn,/ˈau.tʰum/,名词,秋季。,"英语 ""autumn""。"
255,autumnus,/auˈtʰumnus/,名词,秋日。,源自拉丁语「autumnus」。
256,avanc,/ˈa.vaŋk/,动词,前进，划过。,"法语 ""avancer""，词尾清化。"
257,avancabela,/avankaˈbela/,形容词,可前进的。,「avanc」+ 后缀 -bela（可被……的）。
258,avancitá,/avaˈnkitʰaː/,形容词,被前进的。,「avanc」+ 后缀 -itá（结果状态）。
259,avantur,/a.vanˈtʰuɹ/,名词,冒险。,"法语 ""aventure""。"
260,avari,/aˈvaʁi/,形容词,吝啬的。,源自拉丁语「avarus」。
261,avenu,/aˈvenu/,名词,林荫道。,源自法语「avenue」。
262,aviz,/ˈaviz/,名词,吊灯。,借词「avize」。
263,bæ,/ˈbæ/,名词,绑腿。,原生词根。
264,babilada,/ba.biˈla.da/,名词,闲聊，闲谈。,源自法语「babiller」
265,badak,/ˈbadakʰ/,名词,犀牛。,源自马来语「badak」。
266,badem,/ˈbadəm/,名词,杏仁。,借词「badem」。
267,bakar,/ˈbakʰaɹ/,动词,烧烤。,源自马来语「bakar」。
268,bakerei,/bakʰəˈʁei/,名词,面包房。,源自德语「Bäckerei」。
269,bakí,/ˈbakʰiː/,名词,猫。,源自斯拉夫语「kot」。
270,bakirci,/baˈkʰiɹki/,名词,铜匠。,借词「bakirci」。
271,baklava,/baˈkʰlava/,名词,蜂蜜酥。,借词「baklava」。
272,bakteria,/bakʰtʰəˈʁia/,名词,细菌。,源自英语「bacteria」。
273,balbutar,/balˈbu.tʰaɹ/,动词,结巴，支吾。,源自拉丁语「balbutire」
274,balda,/ˈbal.da/,形容词,勇敢的。,原生词根。
275,balden,/ˈbaldən/,动词,变成勇敢。,「balda」+ 后缀 -en（变成）。
276,baldji,/ˈbald͡ʒi/,动词,使勇敢。,「balda」+ 后缀 -ji（使动）。
277,baldli,/ˈbaldli/,副词,勇敢地。,「balda」+ 后缀 -li（副词化）。
278,baleto,/baˈletʰo/,名词,芭蕾。,源自意大利语「balletto」。
279,bǽlge,/ˈbæːlɡə/,名词,水囊。,原生词根。
280,balikci,/baˈlikʰi/,名词,渔民。,借词「balikci」。
281,balkon,/ˈbalkʰon/,名词,阳台。,源自法语「balcon」。
282,bambu,/ˈbam.bu/,名词,竹。,"马来语 ""bambu""。"
283,bandido,/baˈndido/,名词,强盗。,源自西班牙语「bandido」。
284,banhokhunko,/banhoˈkʰhuŋkʰo/,名词,粽子。,源自越南语「banh chung」。
285,banie,/ˈba.niə/,名词,楼房（≥四层）。,"波兰语 ""budynek"" 简化。"
286,baniĝ,/ba.ˈnid͡ʒ/,动词,洗澡。,借世界语 baniĝi。
287,banku,/ˈbaŋkʰu/,名词,银行。,源自法语「banque」。
288,baptisma,/baˈptʰisma/,名词,洗礼。,源自拉丁语「baptisma」。
289,bar,/ˈbaɹ/,名词,酒吧。,源自法语「bar」。
290,bari,/ˈbaʁi/,形容词,沉重的。,源自希腊语「βαρύς」(barys)。
291,baritono,/baʁiˈtʰono/,名词,男中音。,源自意大利语「baritono」。
292,barko,/ˈbaɹkʰo/,名词,蜂箱。,源自波兰语「barć」。
293,barna,/ˈbaɹ.na/,名词,孩子，幼崽（与 infan 同义，语体更亲昵）。,原生词根。
294,barometer,/baʁoˈmetʰəɹ/,名词,气压计。,源自英语「barometer」。
295,barsozkozo,/baɹsoˈzkʰozo/,名词,甜菜汤。,源自波兰语「barszcz」。
296,basilika,/basiˈlikʰa/,名词,圣殿。,源自拉丁语「basilica」。
297,basiliko,/basiˈlikʰo/,名词,罗勒。,源自意大利语「basilico」。
298,basket,/ˈbaskʰətʰ/,名词,篮。,源自日耳曼语「basket」。
299,baso,/ˈbaso/,名词,低音。,源自意大利语「basso」。
300,baston,/ˈbas.tʰon/,名词,棍，棒。,源自法语「bâton」
301,batafre,/baˈtʰafrə/,名词,鼠。,源自日耳曼语「mouse」。
302,batal,/ˈba.tʰal/,动词,战斗。,与 batala 同根，动词词干。
303,batala,/baˈtʰa.la/,动词,战斗。,"拉丁语 ""battuere""。"
304,batalabela,/batʰalaˈbela/,形容词,可战斗的。,「batala」+ 后缀 -bela（可被……的）。
305,batalaitá,/batʰalaˈitʰaː/,形容词,被战斗的。,「batala」+ 后缀 -itá（结果状态）。
306,bateri,/baˈtʰeʁi/,名词,电池。,源自英语「battery」。
307,bati,/ˈbatʰi/,形容词,深邃的，深沉的。,源自希腊语「βαθύς」(bathys/bathus)。
308,batik,/ˈbatʰikʰ/,名词,蜡染。,源自马来语「batik」。
309,batistero,/batʰiˈstʰeʁo/,名词,洗礼堂。,源自意大利语「battistero」。
310,baza,/ˈbaza/,形容词,基础的。,源自拉丁语「basis」。
311,bazaskola,/bazaˈskʰola/,名词,初中。,「baza」+「skola」。
312,be,/ˈbe/,名词,蜂。,源自日耳曼语「bee」。
313,beak,/ˈbeakʰ/,动词,浸泡。,原生词根。
314,bear,/ˈbeaɹ/,名词,熊。,源自日耳曼语「bear」。
315,bearinko,/bəaˈʁiŋkʰo/,名词,轴承。,源自英语「bearing」。
316,bedaur,/ˈbe.dauɹ/,名词/动词,遗憾，惋惜。,第二版新增，原创词。
317,bedaurabela,/bədauʁaˈbela/,形容词,可遗憾的。,「bedaur」+ 后缀 -bela（可被……的）。
318,bedauritá,/bədauˈʁitʰaː/,形容词,被遗憾的。,「bedaur」+ 后缀 -itá（结果状态）。
319,bei,/ˈbei/,名词,贝伊。,借词「bey」。
320,beja,/ˈbe.d͡ʒa/,形容词,米色的。,源自法语「beige」
321,bekøn,/ˈbekʰøn/,动词,打倒，击败。,原生词根，模拟打击声。
322,bekønabela,/bekʰønaˈbela/,形容词,可打倒的。,「bekøn」+ 后缀 -bela（可被……的）。
323,bekønitá,/bekʰøˈnitʰaː/,形容词,被打倒的。,「bekøn」+ 后缀 -itá（结果状态）。
324,bekte,/ˈbekʰtʰə/,名词,钱币。,原生词根。
325,bela,/ˈbela/,形容词,美丽的。,"拉丁语 ""bellus""。"
326,belakan,/bəˈlakʰan/,名词,虾酱。,源自马来语「belacan」。
327,beleko,/bəˈlekʰo/,名词,美丽。,源自世界语「beleco」。
328,belen,/ˈbelən/,动词,变成美丽。,「bela」+ 后缀 -en（变成）。
329,beli,/ˈbeli/,副词,美丽地。,「bela」+ 后缀 -li（副词化）。
330,belji,/ˈbeld͡ʒi/,动词,使美丽。,「bela」+ 后缀 -ji（使动）。
331,belka,/ˈbelkʰa/,名词,松鼠。,源自俄语「белка」(belka)。
332,belum,/ˈbelum/,名词,战争。,源自拉丁语「bellum」。
333,bena,/ˈbe.na/,动词,祝福（与 benidik 同源，更口语化）。,"拉丁语 ""bene""。"
334,benabela,/bənaˈbela/,形容词,可祝福（与 benidik 同源的。,「bena」+ 后缀 -bela（可被……的）。
335,benaitá,/bənaˈitʰaː/,形容词,被祝福（与 benidik 同源的。,「bena」+ 后缀 -itá（结果状态）。
336,benĉo,/ˈbentʃo/,名词,长椅。,源自日耳曼语「bench」。
337,benidik,/bə.niˈdikʰ/,助词,祝福。,"拉丁语 ""benedicere"" 简化。"
338,bento,/ˈbentʰo/,名词,便当。,源自日语「弁当」(bento)。
339,berga,/ˈbeɹ.ɡa/,名词,山崖，峭壁。,日耳曼语源。
340,besoinom,/bəˈswa.nom/,名词,需要，索取。,"法语 ""besoin"" + 名词后缀 ""-om""。"
341,besto,/ˈbes.tʰo/,名词,野兽。,原生词根。
342,bét,/beːtʰ/,名词,热，热度。,原生词根（与 bétanke 温热 同根）。
343,bétanka,/beːˈtʰaŋkʰa/,形容词,温热的。,原生词根。
344,betik,/ˈbetʰikʰ/,名词,木瓜。,源自马来语「betik」。
345,betpéda,/bəˈtʰpeːda/,形容词,稳重的。,原生词根。
346,bevar,/ˈbe.vaɹ/,动词,喝。,"拉丁语 ""bibere"" 变体。"
347,bevarabela,/bəvaʁaˈbela/,形容词,可喝的。,「bevar」+ 后缀 -bela（可被……的）。
348,bevaritá,/bəvaˈʁitʰaː/,形容词,被喝的。,「bevar」+ 后缀 -itá（结果状态）。
349,bezon,/bə.ˈzon/,动词,需要。,借世界语 bezoni。
350,bhiksohu,/bʰiˈkʰsohu/,名词,僧。,源自梵语「भिक्षु」(bhikshu)。
351,bhiksohuni,/bʰikʰsoˈhuni/,名词,尼。,源自梵语「भिक्षुणी」(bhikshuni)。
352,biber,/ˈbibəɹ/,名词,青椒。,借词「biber」。
353,biblioteka,/biblioˈtʰekʰa/,名词,图书馆。,源自拉丁语「bibliotheca」。
354,bíi,/ˈbiːi/,名词,挂毯。,原生词根。
355,bijou,/biˈd͡ʒou/,名词,珠宝。,源自法语「bijou」。
356,bíka,/ˈbiːkʰa/,名词,岔路。,原生词根。
357,bilo,/ˈbilo/,名词,法案。,源自英语「bill」。
358,bín,/ˈbiːn/,名词,音符。,源自意大利语「nota」。
359,biobu,/biˈobu/,名词,屏风。,源自日语「屏風」(byobu)。
360,biografia,/bioɡraˈfia/,名词,传记。,源自拉丁语「biographia」。
361,biologia,/bioloˈɡia/,名词,生物。,源自希腊语「βιολογία」(biologia)。
362,birĉo,/ˈbiɹtʃo/,名词,桦树。,源自日耳曼语「birch」。
363,bird,/biɹd/,名词,鸟。,"英语 ""bird""，词尾清化。"
364,bisek,/ˈbisəkʰ/,名词,长老。,原生词根。
365,bisiklo,/biˈsikʰlo/,名词,自行车。,源自英语「bicycle」。
366,biskuit,/biˈskʰuitʰ/,名词,饼干。,源自法语「biscuit」。
367,bisømú,/biˈsømuː/,名词,节日。,原生词根。
368,bistoro,/biˈstʰoʁo/,副词,急速地。,源自俄语「быстро」(bystro)。
369,bita,/ˈbitʰa/,形容词,愚钝的。,原生词根。
370,blagak,/ˈblaɡakʰ/,动词,恳求。,源自波兰语「blagac」。
371,blægek,/ˈblæɡəkʰ/,名词,积雪。,原生词根。
372,blagriro,/blaˈɡriʁo/,动词,怒斥。,原生词根。
373,blanka,/ˈblan.kʰa/,形容词,白色的。,借英语 blank。
374,blanken,/ˈblaŋkʰən/,动词,变成白色。,「blanki」+ 后缀 -en（变成）。
375,blanki,/ˈblaŋkʰi/,形容词,白色的。,"德语 ""blank""。"
376,blankji,/ˈblaŋkʰd͡ʒi/,动词,使白色。,「blanki」+ 后缀 -ji（使动）。
377,blankli,/ˈblaŋkʰli/,副词,白色地。,「blanki」+ 后缀 -li（副词化）。
378,blaua,/ˈblau.a/,形容词,蓝色的。,源自德语「blau」
379,blava,/ˈbla.va/,形容词,蓝色的。,源自拉丁语「blavus」（蓝）／日耳曼语「blau」
380,blelga,/ˈblelɡa/,形容词,腼腆的。,原生词根。
381,bleró,/ˈbleʁoː/,名词,先知。,原生词根。
382,blimum,/ˈblimum/,名词,薄雾。,原生词根。
383,blimumdren,/bli.mumˈdren/,名词,薄雾散去的那个瞬间，天光乍亮。,blimum（薄雾）+ dren（褪去）。
384,blin,/ˈblin/,名词,薄饼。,源自俄语「блин」(blin)。
385,blín,/ˈbliːn/,名词,米酒。,源自日语「酒」(sake)。
386,blinta,/ˈblintʰa/,名词,山顶。,原生词根。
387,blir,/bliɹ/,动词,变成，成为。,"受瑞典语 ""bli"" 影响。"
388,blirabela,/bliʁaˈbela/,形容词,可变成的。,「blir」+ 后缀 -bela（可被……的）。
389,bliritá,/bliˈʁitʰaː/,形容词,被变成的。,「blir」+ 后缀 -itá（结果状态）。
390,blisoe,/bliˈsoə/,名词,苔原。,原生词根。
391,blitzo,/ˈblitʰzo/,名词,闪电。,源自德语「Blitz」。
392,blizarto,/bliˈzaɹtʰo/,名词,暴风雪。,源自法语「blizzard」。
393,bloko,/ˈblo.kʰo/,名词,块，区块。,源自法语「bloc」
394,blom,/ˈblom/,名词,医者。,原生词根。
395,blova,/ˈblo.va/,动词,吹。,原生词根（拟声）。
396,blovabela,/blovaˈbela/,形容词,可吹的。,「blova」+ 后缀 -bela（可被……的）。
397,blovaitá,/blovaˈitʰaː/,形容词,被吹的。,「blova」+ 后缀 -itá（结果状态）。
398,blua,/ˈblu.a/,形容词,蓝色的。,源自法语「bleu」
399,blutpá,/ˈblutʰpaː/,名词,分量。,原生词根。
400,bo,/ˈbo/,名词,黄牛。,源自越南语「bo」。
401,boar,/ˈboaɹ/,名词,野猪。,源自日耳曼语「boar」。
402,boat,/ˈboatʰ/,名词,小船。,源自日耳曼语「boat」。
403,boatn,/bo.ˈa.tʰən/,动词,听。,"英语 ""listen"" 变体。"
404,boatnabela,/boatʰnaˈbela/,形容词,可听的。,「boatn」+ 后缀 -bela（可被……的）。
405,boatnitá,/boaˈtʰnitʰaː/,形容词,被听的。,「boatn」+ 后缀 -itá（结果状态）。
406,bodhi,/ˈbodhi/,名词,菩提树。,源自梵语「बोधि」(bodhi)。
407,bodhisatova,/bodhisaˈtʰova/,名词,菩萨。,源自梵语「बोधिसत्त्व」(bodhisattva)。
408,bois,/ˈbois/,名词,树林。,源自法语「bois」。
409,bokian,/boˈkʰian/,名词,鹳。,源自波兰语「bocian」。
410,boksi,/ˈbokʰsi/,名词,权杖。,原生词根。
411,boksinko,/boˈkʰsiŋkʰo/,名词,拳击。,源自英语「boxing」。
412,bokzek,/ˈbokʰzəkʰ/,名词,培根。,源自波兰语「boczek」。
413,bol,/bol/,名词,瓢，舀器。,"英语 ""bowl""。"
414,bolto,/ˈboltʰo/,名词,螺栓。,源自英语「bolt」。
415,bompo,/ˈbompo/,名词,炸弹。,源自英语「bomb」。
416,boninfan,/boˈnin.fan/,名词,好孩子。,"""bon"" + ""infan""。"
417,bonitá,/ˈbo.ni.tʰaː/,形容词,好的。,"拉丁语 ""bonus""。"
418,bonkoreko,/boŋkʰoˈʁekʰo/,名词,仁慈。,源自世界语「bonkoreco」。
419,bonsai,/boˈnsai/,名词,盆景。,源自日语「盆栽」(bonsai)。
420,bonto,/ˈbontʰo/,名词,债券。,源自英语「bond」。
421,bonus,/ˈbonus/,名词,奖金。,源自英语「bonus」。
422,bonveno,/boˈnveno/,名词,欢迎。,源自世界语「bonveno」。
423,bora,/ˈboʁa/,名词,旗帜。,原生词根。
424,borétro,/boˈʁeːtʰro/,名词,木桶。,原生词根。
425,borsohko,/boˈɹsohkʰo/,名词,红菜汤。,源自俄语「борщ」(borshch)。
426,borsuk,/ˈboɹsukʰ/,名词,獾。,源自波兰语「borsuk」。
427,botanik,/boˈtʰanikʰ/,名词,植物学。,源自希腊语「βοτανική」(botanike)。
428,bouĝi,/boˈud͡ʒi/,名词,蜡烛。,源自法语「bougie」。
429,boulanĝer,/bouˈland͡ʒəɹ/,名词,面包师。,源自法语「boulanger」。
430,boulanĝeri,/boulaˈnd͡ʒeʁi/,名词,面包店。,源自法语「boulangerie」。
431,boulevarto,/bouləˈvaɹtʰo/,名词,大道。,源自法语「boulevard」。
432,bousheri,/bouˈʃeʁi/,名词,肉店。,源自法语「boucherie」。
433,bouteilo,/boutʰəˈilo/,名词,酒瓶。,源自法语「bouteille」。
434,bozu,/ˈbozu/,名词,宾客。,原生词根。
435,bradi,/ˈbradi/,形容词,缓慢的。,源自希腊语「βραδύς」(bradys)。
436,bráglǽ,/ˈbraːɡlæː/,名词,刻痕。,原生词根。
437,brahma,/ˈbrahma/,名词,梵天。,源自梵语「ब्रह्मा」(brahma)。
438,brahman,/ˈbrahman/,名词,梵。,源自梵语「ब्रह्मन्」(brahman)。
439,brahmana,/braˈhmana/,名词,婆罗门。,源自梵语「ब्राह्मण」(brahmana)。
440,brako,/ˈbra.kʰo/,名词,手臂。,借世界语 brako。
441,branĉa,/ˈbran.tʃa/,名词,树枝。,"拉丁语 ""branca""。"
442,bre,/ˈbre/,名词,遗物。,原生词根。
443,brera,/ˈbreʁa/,动词,吞咽。,原生词根。
444,bresa,/ˈbre.sa/,动词,搅动，搅拌。,原生词根。
445,bresabela,/brəsaˈbela/,形容词,可搅动的。,「bresa」+ 后缀 -bela（可被……的）。
446,bresaitá,/brəsaˈitʰaː/,形容词,被搅动的。,「bresa」+ 后缀 -itá（结果状态）。
447,breto,/ˈbretʰo/,名词,砧板。,源自德语「Brett」。
448,bría,/ˈbriːa/,名词,家谱。,原生词根。
449,brieftasho,/briəˈftʰaʃo/,名词,钱包。,源自德语「Brieftasche」。
450,brifarbia,/brifaˈɹbia/,形容词,破旧的。,原生词根。
451,bril,/bril/,名词,精彩，光辉。,"可能源自意大利语 ""brillare""。"
452,brile,/ˈbri.lə/,副词,明亮地。,bril（光辉）+ 副词化 -e。
453,brili,/ˈbri.li/,动词,闪烁，闪耀。,"意大利语 ""brillare""。"
454,brilibela,/briliˈbela/,形容词,可闪烁的。,「brili」+ 后缀 -bela（可被……的）。
455,brilítá,/briˈliːtʰaː/,形容词,被闪烁的。,「brili」+ 后缀 -itá（结果状态）。
456,brilo,/ˈbrilo/,名词,眼镜。,源自德语「Brille」。
457,brip,/ˈbrip/,名词,印章。,原生词根。
458,brirve,/ˈbriɹvə/,名词,羊皮卷。,原生词根。
459,bróder,/ˈbroː.dəɹ/,名词,兄弟（日常）。,日耳曼语源。
460,bronzo,/ˈbronzo/,名词,青铜像。,源自意大利语「bronzo」。
461,brosat,/ˈbrosatʰ/,动词,抛掷。,源自俄语「бросать」(brosat)。
462,broski,/ˈbroskʰi/,名词,铃铛。,原生词根。
463,broso,/ˈbroso/,名词,刷子。,源自法语「brosse」。
464,bruhobá,/bruˈhobaː/,名词,壁炉。,原生词根。
465,brula,/ˈbru.la/,动词,燃烧。,"拉丁语 ""brulare""。"
466,brulabela,/brulaˈbela/,形容词,可燃烧的。,「brula」+ 后缀 -bela（可被……的）。
467,brulaitá,/brulaˈitʰaː/,形容词,被燃烧的。,「brula」+ 后缀 -itá（结果状态）。
468,bruof,/ˈbruof/,名词,庙宇。,原生词根。
469,brusnika,/bruˈsnikʰa/,名词,越橘。,源自俄语「брусника」(brusnika)。
470,brusta,/ˈbrus.ta/,名词,胸膛，胸口。,源自德语「Brust」
471,brútke,/ˈbruːtʰkʰə/,名词,手套。,原生词根。
472,buaia,/buaˈia/,名词,鳄鱼。,源自马来语「buaya」。
473,budoha,/buˈdoha/,名词,佛陀。,源自梵语「बुद्ध」(buddha)。
474,budohiat,/budoˈhiatʰ/,动词,开悟。,源自梵语「बुध्यते」(buddhyate)。
475,budu,/ˈbudu/,名词,鱼露。,源自马来语「budu」。
476,buĝet,/ˈbu.d͡ʒətʰ/,名词,预算。,源自英语「budget」。
477,buket,/ˈbukʰətʰ/,名词,桶。,源自日耳曼语「bucket」。
478,buko,/ˈbu.kʰo/,名词,嘴，口。,源自拉丁语「bucca」
479,bulet,/ˈbulətʰ/,名词,子弹。,源自英语「bullet」。
480,buli,/ˈbu.li/,动词,沸腾。,源自拉丁语「bullire」(bullire)。
481,bulir,/ˈbuliɹ/,动词,煮沸。,源自拉丁语「bullire」。
482,bulirabela,/buliʁaˈbela/,形容词,可煮沸的。,「bulir」+ 后缀 -bela（可被……的）。
483,buliritá,/buliˈʁitʰaː/,形容词,被煮沸的。,「bulir」+ 后缀 -itá（结果状态）。
484,bulpo,/ˈbulpo/,名词,灯泡。,源自英语「bulb」。
485,bulrútro,/buˈlruːtʰro/,动词,干燥。,原生词根。
486,buluh,/ˈbuluh/,名词,竹林。,源自马来语「buluh」。
487,bumta,/ˈbumtʰa/,名词,染料。,原生词根。
488,bun,/ˈbun/,名词,米线。,源自越南语「bun」。
489,buoi,/buˈoi/,名词,柚子。,源自越南语「buoi」。
490,buom,/ˈbuom/,名词,蝴蝶。,源自越南语「buom」。
491,búpso,/ˈbuːpso/,名词,弓。,原生词根。
492,bureau,/buʁəˈau/,名词,书桌。,源自法语「bureau」。
493,bus,/ˈbus/,名词,公共汽车。,源自英语「bus」。
494,busineso,/busiˈneso/,名词,商业。,源自英语「business」。
495,buso,/ˈbu.so/,名词,巴士，公交。,借英语 bus。
496,cadir,/ˈkadiɹ/,名词,帐篷。,借词「cadir」。
497,çaira,/ˈsai.ʁa/,名词,知识，学问。,原生词根。
498,ĉakra,/ˈtʃakʰra/,名词,轮。,源自梵语「चक्र」(chakra)。
499,çalva,/ˈsal.va/,动词,拯救，挽救。,"拉丁语 ""salvare""。"
500,çalvabela,/salvaˈbela/,形容词,可拯救的。,「çalva」+ 后缀 -bela（可被……的）。
501,çalvaitá,/salvaˈitʰaː/,形容词,被拯救的。,「çalva」+ 后缀 -itá（结果状态）。
502,çalvanto,/salˈvan.tʰo/,名词,救世主。,çalva（救）+ -anto（施动者）。
503,camfistigi,/kamfiˈstʰiɡi/,名词,松子。,借词「cam fistigi」。
504,camí,/ˈkamiː/,名词,清真寺。,借词「camii」。
505,ĉampionsohip,/tʃampioˈnsohip/,名词,锦标赛。,源自英语「championship」。
506,ĉandana,/tʃaˈndana/,名词,檀香。,源自梵语「चन्दन」(chandana)。
507,çando,/ˈsan.do/,名词,窗户。,"拉丁语 ""fenestra"" 与德语 ""Fenster"" 混合。"
508,ĉanel,/ˈtʃanəl/,名词,频道。,源自英语「channel」。
509,çanta,/ˈsan.tʰa/,形容词,神圣的。,"拉丁语 ""sanctus""。"
510,çanten,/ˈsantʰən/,动词,变成神圣。,「çanta」+ 后缀 -en（变成）。
511,çantji,/ˈsantʰd͡ʒi/,动词,使神圣。,「çanta」+ 后缀 -ji（使动）。
512,çantli,/ˈsantʰli/,副词,神圣地。,「çanta」+ 后缀 -li（副词化）。
513,ĉapelo,/tʃaˈpe.lo/,名词,帽子。,借世界语 ĉapelo。
514,capsa,/ˈkap.sa/,名词,轿厢，舱室。,源自拉丁语「capsa」
515,carica,/kaˈʁika/,名词,皇后。,源自俄语「царица」(tsaritsa)。
516,ĉarto,/ˈtʃaɹtʰo/,名词,图表。,源自英语「chart」。
517,ĉasi,/ˈtʃa.si/,动词,狩猎。,"拉丁语 ""chassare""。"
518,ĉasibela,/tʃasiˈbela/,形容词,可狩猎的。,「ĉasi」+ 后缀 -bela（可被……的）。
519,ĉasítá,/tʃaˈsiːtʰaː/,形容词,被狩猎的。,「ĉasi」+ 后缀 -itá（结果状态）。
520,çéfa,/ˈseː.fa/,名词,钢笔。,"拉丁语 ""stylus"" 变体。"
521,ĉefa,/ˈtʃe.fa/,形容词,主要的。,源自法语「chef」+ 形容词化。
522,ĉefadministranto,/tʃef.ad.mi.nis.ˈtʰran.tʰo/,名词,首席行政官。,ĉefo（首领）+ administranto（管理者）。
523,ĉefo,/ˈtʃe.fo/,名词,首领，头目。,源自法语「chef」。
524,ĉek,/ˈtʃekʰ/,名词,支票。,源自英语「check」。
525,çéla,/ˈseː.la/,名词,天空，苍穹。,原生词根。
526,celar,/ˈke.laɹ/,动词,瞄准，指着。,源自法语「cibler」
527,çélaváyn,/ˈseː.la.vaːjn/,名词,天色将变未变的那一刻，天空的蓝浸透万物。,çéla（天空）+ váyn（染）。
528,centro,/ˈken.tʰro/,名词,中心。,借拉丁 centrum。
529,çerka,/ˈseɹ.kʰa/,动词,研究，探索。,原生词根。
530,çerkabela,/səɹkʰaˈbela/,形容词,可研究的。,「çerka」+ 后缀 -bela（可被……的）。
531,çerkaitá,/səɹkʰaˈitʰaː/,形容词,被研究的。,「çerka」+ 后缀 -itá（结果状态）。
532,certatim,/ˈkʰeɹ.tʰa.tʰim/,副词,争先地，竞争地。,源自拉丁语「certatim」
533,ĉes,/tʃəs/,动词,停止。,借世界语 ĉesi。
534,ĉesto,/ˈtʃestʰo/,名词,柜。,源自日耳曼语「chest」。
535,çeval,/ˈse.val/,名词,马。,"第二版新增，源自拉丁语 ""caballus""。"
536,ceviz,/ˈkeviz/,名词,核桃。,借词「ceviz」。
537,çi,/si/,指示词,此（近指）。,"世界语 ""ĉi""。"
538,çikad,/siˈkʰad/,名词,蝉。,"拉丁语 ""cicada""。"
539,çikadkant,/si.ˈkʰad.kʰantʰ/,名词,蝉声。,"""çikad"" + ""kant""。"
540,ĉiken,/ˈtʃikʰən/,名词,鸡。,源自日耳曼语「chicken」。
541,cinar,/ˈkinaɹ/,名词,梧桐。,借词「cinar」。
542,çindro,/ˈsin.dro/,名词,灰烬。,"拉丁语 ""cinis""。"
543,ĉini,/ˈsi.ni/,形容词,中国的，中文的。,源自拉丁语「Sinae」（中国）
544,çinta,/ˈsin.tʰa/,形容词,洁净的，纯净的。,原生词根。
545,cintaiati,/kintʰaiˈatʰi/,动词,沉思。,源自梵语「चिन्तयति」(cintayati)。
546,çinten,/ˈsintʰən/,动词,变成洁净。,「çinta」+ 后缀 -en（变成）。
547,çintji,/ˈsintʰd͡ʒi/,动词,使洁净。,「çinta」+ 后缀 -ji（使动）。
548,çintli,/ˈsintʰli/,副词,洁净地。,「çinta」+ 后缀 -li（副词化）。
549,ĉirkau,/ˈtʃiɹkʰau/,副词,周围。,源自拉丁语「circa」。
550,ĉirkaurvidante,/tʃir.kʰauʁ.viˈdan.tʰe/,分词,环顾着，四下张望。,「ĉirkau」(周围) + 「vid」(看) + 现在分词 -ante
551,citar,/ˈki.taɹ/,动词,引用，征引。,源自拉丁语「citare」
552,çola,/ˈso.la/,名词,太阳。,"拉丁语 ""sol""。"
553,çolaflóra,/so.laˈfloː.ʁa/,名词,向日葵。,「çola」（太阳）+「flóra」（花卉）
554,çolagarda,/so.laˈgaɹ.da/,形容词,防晒的，遮阳的。,「çola」（太阳）+「garda」（守护，保卫）
555,çora,/ˈso.ʁa/,名词,姐妹。,"拉丁语 ""soror""。"
556,çorton,/ˈsoɹ.tʰon/,动词,制作，制造。,"拉丁语 ""creare"" 变体。"
557,çortonabela,/soɹtʰonaˈbela/,形容词,可制作的。,「çorton」+ 后缀 -bela（可被……的）。
558,çortonitá,/soɹtʰoˈnitʰaː/,形容词,被制作的。,「çorton」+ 后缀 -itá（结果状态）。
559,da,/da/,词根,久（时间词根，用于复合词，如 togioda）。,原生词根（旧稿误收世界语 da 作助词，已废）。
560,dæ,/dæ/,助词,情感动作助词，组成复合体态。,原生功能词。
561,dadaiati,/dadaiˈatʰi/,动词,奉献。,源自梵语「dadayati」。
562,dadati,/daˈdatʰi/,动词,施舍。,源自梵语「ददाति」(dadati)。
563,dafno,/ˈdafno/,名词,桂冠。,源自希腊语「δάφνη」(daphne)。
564,dai,/ˈdai/,名词,白天。,源自日耳曼语「day」。
565,dakgarten,/daˈkʰɡaɹtʰən/,名词,屋顶花园。,源自德语「Dachgarten」。
566,dakvi,/ˈdakʰvi/,名词,亡者。,原生词根。
567,dakzieĝel,/dakʰziˈed͡ʒəl/,名词,瓦片。,源自德语「Dachziegel」。
568,dalra,/ˈdalra/,名词,麻袋。,原生词根。
569,dama,/ˈda.ma/,名词,女士，夫人。,"拉丁语 ""domina""。"
570,damda,/ˈdamda/,形容词,浓郁。,源自越南语「dam da」。
571,dampøl,/ˈdampøl/,名词,鱼钩。,原生词根。
572,dana,/ˈdana/,名词,檀那。,源自梵语「दान」(dana)。
573,danc,/dank/,动词,跳舞。,借世界语 danci。
574,dank,/daŋkʰ/,动词,感谢。,源自德语「Dank」。
575,danko,/ˈdaŋkʰo/,名词,感谢（与 græses 谢谢 同义）。,源自拉丁语「gratias」，与 græses 同源。
576,danseur,/daˈnseuɹ/,名词,舞蹈家。,源自法语「danseur」。
577,danza,/ˈdanza/,名词,舞蹈。,源自西班牙语「danza」。
578,dæpan,/ˈdæpan/,名词,泉水。,原生词根。
579,daph,/daf/,动词,阅读。,原创词。
580,daphabela,/daphaˈbela/,形容词,可阅读的。,「daph」+ 后缀 -bela（可被……的）。
581,daphitá,/daˈphitʰaː/,形容词,被阅读的。,「daph」+ 后缀 -itá（结果状态）。
582,dara,/ˈda.ʁa/,动词,放置，放下。,原生词根。
583,darabela,/daʁaˈbela/,形容词,可放置的。,「dara」+ 后缀 -bela（可被……的）。
584,daraitá,/daʁaˈitʰaː/,形容词,被放置的。,「dara」+ 后缀 -itá（结果状态）。
585,darko,/ˈdaɹkʰo/,名词,矮人。,原生词根。
586,dæs,/dæs/,助词,影响动作助词，组成复合体态。,原生功能词。
587,dasafa,/daˈsafa/,形容词,勤快的。,原生词根。
588,dásetu,/daːˈsetʰu/,名词,金币。,原生词根。
589,data,/ˈdatʰa/,名词,数据。,源自拉丁语「data」。
590,daur,/dauɹ/,动词,持续。,借世界语 daŭri。
591,de,/də/,介词,从。,"拉丁语 ""de""。"
592,debilitar,/dəbiˈlitʰaɹ/,动词,削弱。,源自拉丁语「debilitare」。
593,debilitarabela,/dəbilitʰaʁaˈbela/,形容词,可削弱的。,「debilitar」+ 后缀 -bela（可被……的）。
594,debilitaritá,/dəbilitʰaˈʁitʰaː/,形容词,被削弱的。,「debilitar」+ 后缀 -itá（结果状态）。
595,decid,/də.ˈkid/,动词,决定。,借世界语 decidi。
596,deçidi,/dəˈsidi/,动词,决定。,源自世界语「decidi」。
597,deduktio,/dəduˈkʰtʰio/,名词,演绎。,源自拉丁语「deductio」。
598,defekto,/dəˈfekʰtʰo/,名词,缺陷。,源自拉丁语「defectus」。
599,defendar,/deˈfen.daɹ/,动词,防御，防守。,源自拉丁语「defendere」
600,defensio,/dəfəˈnsio/,名词,防守。,源自拉丁语「defensio」。
601,defikar,/deˈfi.kaɹ/,动词,缺少，缺失。,源自拉丁语「deficere」
602,definitio,/dəfiniˈtʰio/,名词,定义。,源自拉丁语「definitio」。
603,defno,/ˈdefno/,名词,月桂。,借词「defne」。
604,degustada,/de.ɡusˈta.da/,名词,品尝，品味。,源自拉丁语「degustare」
605,deili,/dəˈili/,形容词,胆怯的。,源自希腊语「δειλός」(deilos)。
606,dekel,/ˈdekʰəl/,名词,盖子。,源自德语「Deckel」。
607,deklar,/dəˈkʰlaɹ/,动词,声明，说出。,"拉丁语 ""declarare""。"
608,deklarabela,/dəkʰlaʁaˈbela/,形容词,可声明的。,「deklar」+ 后缀 -bela（可被……的）。
609,deklaritá,/dəkʰlaˈʁitʰaː/,形容词,被声明的。,「deklar」+ 后缀 -itá（结果状态）。
610,deklina,/deˈkʰli.na/,动词,避开，避免。,源自拉丁语「declinare」
611,dekmil,/ˈdekʰ.mil/,数词,万（十千）。,"""dek""（十）+ ""mil""（千）。"
612,dekor,/ˈdekʰoɹ/,名词,布景。,源自希腊语「dekor」。
613,dekstra,/ˈdekʰ.stʰə.ra/,形容词,右边的。,"拉丁语 ""dexter""。"
614,dekstraji,/dəˈkʰstʰe.rad͡ʒi/,动词,使右边。,「dekstra」+ 后缀 -ji（使动）。
615,dekstrali,/dəˈkʰstʰe.rali/,副词,右边地。,「dekstra」+ 后缀 -li（副词化）。
616,dekstren,/ˈdekʰ.stʰə.rən/,动词,变成右边。,「dekstra」+ 后缀 -en（变成）。
617,delikati,/deˈli.ka.tʰi/,形容词,精致的，清秀的。,源自拉丁语「delicatus」
618,demand,/dəˈmand/,动词,问。,"拉丁语 ""demandare""。"
619,demandabela,/dəmandaˈbela/,形容词,可问的。,「demand」+ 后缀 -bela（可被……的）。
620,demanditá,/dəmaˈnditʰaː/,形容词,被问的。,「demand」+ 后缀 -itá（结果状态）。
621,demet,/dəˈmetʰ/,动词,摘下，取下。,源自拉丁语「demittere」。
622,demokratia,/dəmokʰraˈtʰia/,名词,民主。,源自希腊语「δημοκρατία」(demokratia)。
623,demoliri,/dəmoˈliʁi/,动词,拆除。,源自拉丁语「demoliri」。
624,demoliribela,/dəmoliʁiˈbela/,形容词,可拆除的。,「demoliri」+ 后缀 -bela（可被……的）。
625,demolirítá,/dəmoliˈʁiːtʰaː/,形容词,被拆除的。,「demoliri」+ 后缀 -itá（结果状态）。
626,dengeta,/dəˈŋɡetʰa/,名词,坡度。,原生词根。
627,deniku,/dəˈnikʰu/,副词,总之。,源自拉丁语「denique」。
628,denkomal,/dəˈŋkʰomal/,名词,纪念碑。,源自德语「Denkmal」。
629,densi,/ˈdensi/,形容词,稠密的。,源自拉丁语「densus」。
630,déo,/ˈdeːo/,名词,树皮。,原生词根。
631,departemento,/də.paɹ.tʰə.ˈmen.tʰo/,名词,部门。,借英语 department。
632,dependar,/deˈpen.daɹ/,动词,依赖，取决于。,源自拉丁语「dependere」
633,depresio,/dəprəˈsio/,名词,抑郁。,源自拉丁语「depressio」。
634,deput,/ˈdeputʰ/,名词,议员。,源自法语「député」。
635,dér,/ˈdeːɹ/,名词,鹿。,源自日耳曼语「deer」。
636,déra,/ˈdeː.ʁa/,介词,关于，涉及。,"拉丁语 ""de"" + 扩展。"
637,desender,/dəˈsendəɹ/,动词,下降。,源自拉丁语「descendere」。
638,desenderabela,/dəsəndəʁaˈbela/,形容词,可下降的。,「desender」+ 后缀 -bela（可被……的）。
639,desenderitá,/dəsəndəˈʁitʰaː/,形容词,被下降的。,「desender」+ 后缀 -itá（结果状态）。
640,desért,/dəˈseːtʰ/,名词,甜点。,"法语 ""dessert""。"
641,destoruktio,/dəstʰoʁuˈkʰtʰio/,名词,毁灭。,源自拉丁语「destructio」。
642,detala,/ˈde.tʰa.la/,形容词,详细的，详尽的。,源自法语「détail」
643,deva,/ˈdeva/,名词,神。,源自梵语「देव」(deva)。
644,devai,/deˈvai/,助动,必须，应该。,源自拉丁语「debere」+ 情态后缀「-vai」（应该）
645,develop,/də.vəˈlop/,动词,发展。,"英语 ""develop""。"
646,developabela,/dəvəlopaˈbela/,形容词,可发展的。,「develop」+ 后缀 -bela（可被……的）。
647,developitá,/dəvəloˈpitʰaː/,形容词,被发展的。,「develop」+ 后缀 -itá（结果状态）。
648,deveni,/dəˈve.ni/,动词,变成。,"拉丁语 ""devenire""。"
649,devi,/ˈdevi/,名词,女神。,源自梵语「देवी」(devi)。
650,devotmene,/dəˈvotʰ.mə.nə/,副词,虔诚地。,"""devot""（虔诚）+ ""mene""（心态）。"
651,dezerti,/deˈzeɹ.tʰi/,形容词,荒凉的，荒芜的。,源自拉丁语「desertus」
652,dezir,/də.ˈziɹ/,动词,渴望。,借世界语 deziri。
653,deziro,/dəˈzi.ʁo/,名词,愿望。,"拉丁语 ""desiderium""。"
654,dharma,/ˈdʰaɹma/,名词,法。,源自梵语「धर्म」(dharma)。
655,dharmaĉakra,/dʰaɹmaˈtʃakʰra/,名词,法轮。,源自梵语「धर्मचक्र」(dharmachakra)。
656,dhiana,/dʰiˈana/,名词,冥想。,源自梵语「ध्यान」(dhyana)。
657,dia,/ˈdia/,名词,手铐。,原生词根。
658,dialektik,/diaˈlekʰtʰikʰ/,名词,辩证。,源自希腊语「διαλεκτική」(dialektike)。
659,dialogus,/diaˈloɡus/,名词,对话。,源自拉丁语「dialogus」。
660,didni,/ˈdid.ni/,名词,扭曲；《星空夜》。,原生词根（新造）。
661,dien,/ˈdi.ən/,名词,日，天。,"法语 ""jour"" 变体。"
662,diferenko,/difəˈʁeŋkʰo/,名词,区别。,源自世界语「diferenco」。
663,diferentia,/difəʁəˈntʰia/,名词,差别。,源自拉丁语「differentia」。
664,difunder,/diˈfundəɹ/,动词,扩散。,源自拉丁语「diffundere」。
665,difunderabela,/difundəʁaˈbela/,形容词,可扩散的。,「difunder」+ 后缀 -bela（可被……的）。
666,difunderitá,/difundəˈʁitʰaː/,形容词,被扩散的。,「difunder」+ 后缀 -itá（结果状态）。
667,diĝité,/di.d͡ʒiˈtʰeː/,名词,手指。,"拉丁语 ""digitus""。"
668,digno,/ˈdiɡ.no/,名词,尊严。,借拉丁 dignitas。
669,dika,/ˈdi.kʰa/,形容词,厚的。,原生词根。
670,dikap,/ˈdikʰap/,动词,絮叨。,原生词根。
671,diken,/ˈdikʰən/,动词,变成厚。,「dika」+ 后缀 -en（变成）。
672,dikji,/ˈdikʰd͡ʒi/,动词,使厚。,「dika」+ 后缀 -ji（使动）。
673,dikli,/ˈdikʰli/,副词,厚地。,「dika」+ 后缀 -li（副词化）。
674,diktak,/ˈdikʰtʰakʰ/,名词,猎人。,原生词根。
675,diktionarium,/dikʰtʰionaˈʁium/,名词,词典。,源自拉丁语「dictionarium」。
676,diktum,/ˈdikʰtʰum/,名词,台词。,源自拉丁语「dictum」。
677,dilatar,/diˈlatʰaɹ/,动词,膨胀。,源自拉丁语「dilatare」。
678,dilatarabela,/dilatʰaʁaˈbela/,形容词,可膨胀的。,「dilatar」+ 后缀 -bela（可被……的）。
679,dilatarion,/di.laˈtʰa.ri.on/,名词,扩张，膨胀。,「dilatar」（膨胀，拉丁语 dilatare）+ 名词化后缀 -ion
680,dilataritá,/dilatʰaˈʁitʰaː/,形容词,被膨胀的。,「dilatar」+ 后缀 -itá（结果状态）。
681,diliĝensi,/diliˈd͡ʒensi/,形容词,勤勉的。,源自拉丁语「diligens」。
682,diliĝentia,/dilid͡ʒəˈntʰia/,名词,勤勉。,源自拉丁语「diligentia」。
683,dimidio,/diˈmi.di.o/,名词,一半。,源自拉丁语「dimidium」
684,dinamika,/dinaˈmikʰa/,名词,强弱。,源自意大利语「dinamica」。
685,dinamis,/diˈnamis/,名词,动力。,源自希腊语「δύναμις」(dynamis)。
686,dinamit,/diˈnamitʰ/,名词,炸药。,源自英语「dynamite」。
687,dinho,/ˈdinho/,名词,祠堂。,源自越南语「dinh」。
688,diplomatia,/diˈplo.ma.ti.a/,名词,外交。,源自拉丁语「diplomatia」
689,dipót,/ˈdipoːtʰ/,副词,沉重地。,原生词根。
690,diretor,/diˈʁetʰoɹ/,名词,指挥。,源自意大利语「direttore」。
691,dis,/ˈdis/,形容词,迟钝的。,源自希腊语「δυσ-」(dys)。
692,disendo,/disˈsen.do/,名词,直播，广播。,dis-（散）+ sendi（送）。
693,disigo,/diˈsiɡo/,名词,离别。,源自世界语「disiĝo」。
694,diskos,/ˈdiskʰos/,名词,铁饼。,源自希腊语「δίσκος」(diskos)。
695,diskut,/dis.ˈkʰutʰ/,动词,讨论。,借世界语 diskuti。
696,disponar,/ˈdis.po.naɹ/,动词,整理，布置，归置。,源自拉丁语「disponere」
697,disponer,/diˈsponəɹ/,动词,计划。,源自拉丁语「disponere」。
698,disponerabela,/disponəʁaˈbela/,形容词,可计划的。,「disponer」+ 后缀 -bela（可被……的）。
699,disponeritá,/disponəˈʁitʰaː/,形容词,被计划的。,「disponer」+ 后缀 -itá（结果状态）。
700,dispositio,/dis.poˈsi.tʰio/,名词,安排，部署。,源自拉丁语「dispositio」
701,disputo,/diˈsputʰo/,名词,争论。,源自拉丁语「disputatio」。
702,dissendo,/disˈsen.do/,名词,直播，广播。,dis-（散）+ sendi（送）。
703,distantia,/distʰaˈntʰia/,名词,距离。,源自拉丁语「distantia」。
704,distinguer,/distʰiˈŋɡuəɹ/,动词,区分。,源自拉丁语「distinguere」。
705,distinguerabela,/distʰiŋɡuəʁaˈbela/,形容词,可区分的。,「distinguer」+ 后缀 -bela（可被……的）。
706,distingueritá,/distʰiŋɡuəˈʁitʰaː/,形容词,被区分的。,「distinguer」+ 后缀 -itá（结果状态）。
707,diversitas,/divəˈɹsitʰas/,名词,多样。,源自拉丁语「diversitas」。
708,divesta,/diˈves.tʰa/,动词,穿着，穿戴。,原生词根。
709,divestabela,/divəstʰaˈbela/,形容词,可穿着的。,「divesta」+ 后缀 -bela（可被……的）。
710,divestaitá,/divəstʰaˈitʰaː/,形容词,被穿着的。,「divesta」+ 后缀 -itá（结果状态）。
711,dividi,/diˈvi.di/,动词,分割。,"拉丁语 ""dividere""。"
712,dividibela,/dividiˈbela/,形容词,可分割的。,「dividi」+ 后缀 -bela（可被……的）。
713,dividítá,/diviˈdiːtʰaː/,形容词,被分割的。,「dividi」+ 后缀 -itá（结果状态）。
714,diviline,/di.viˈli.nə/,名词,分界线。,"""divi""（分割）+ ""line""（线）。"
715,divisi,/diˈvisi/,形容词,分裂的。,源自拉丁语「divisus」。
716,do,/do/,连词,那么，就。,"世界语 ""do""。"
717,dóbló,/ˈdoːbloː/,名词,蹄子。,原生词根。
718,doksa,/ˈdokʰsa/,名词,赞美。,源自希腊语「δόξα」(doxa)。
719,doktorina,/dokʰtʰoˈʁina/,名词,教义。,源自拉丁语「doctrina」。
720,dokumento,/do.kʰuˈmen.tʰo/,名词,文件。,借拉丁 documentum。
721,dokumentum,/dokʰuˈmentʰum/,名词,文件。,源自拉丁语「documentum」。
722,dolĉela,/ˈdol.tʃə.la/,形容词,甜蜜的。,"意大利语 ""dolce""。"
723,dolĉelen,/doˈltʃelən/,动词,变成甜蜜。,「dolĉela」+ 后缀 -en（变成）。
724,dolĉeli,/doˈltʃeli/,副词,甜蜜地。,「dolĉela」+ 后缀 -li（副词化）。
725,dolĉelji,/doˈltʃeld͡ʒi/,动词,使甜蜜。,「dolĉela」+ 后缀 -ji（使动）。
726,dolma,/ˈdolma/,名词,葡萄叶卷。,借词「dolma」。
727,dolorif,/ˈdo.lo.ʁif/,动词,伤害。,"""dolor""（疼痛）+ 动词化后缀 ""-if""。"
728,dolorifabela,/doloʁifaˈbela/,形容词,可伤害的。,「dolorif」+ 后缀 -bela（可被……的）。
729,dolorifitá,/doloʁiˈfitʰaː/,形容词,被伤害的。,「dolorif」+ 后缀 -itá（结果状态）。
730,dolus,/ˈdo.lus/,名词,欺诈，诡计。,源自拉丁语「dolus」
731,doman,/ˈdoman/,名词,手稿。,原生词根。
732,domar,/ˈdomaɹ/,动词,驯服。,源自拉丁语「domare」。
733,domarabela,/domaʁaˈbela/,形容词,可驯服的。,「domar」+ 后缀 -bela（可被……的）。
734,domaritá,/domaˈʁitʰaː/,形容词,被驯服的。,「domar」+ 后缀 -itá（结果状态）。
735,domino,/ˈdo.mi.no/,名词,尊称：夫人，女士（正式）。,源自拉丁语「domina」(domina)。
736,dominó,/do.miˈnoː/,名词,尊称：先生（正式）。,源自拉丁语「dominus」(dominus)。
737,domna,/ˈdom.na/,名词,店主，老板，主人。,源自拉丁语「dominus」
738,donac,/do.ˈnak/,动词,赠送。,借世界语 donaci。
739,donaç,/doˈnas/,副词,作为礼物。,"拉丁语 ""donum"" 变体。"
740,donant,/ˈdo.nantʰ/,名词,赠送者。,"拉丁语 ""donans""。"
741,donar,/doˈnaɹ/,动词,给予。,"拉丁语 ""donare""。"
742,donarabela,/donaʁaˈbela/,形容词,可给予的。,「donar」+ 后缀 -bela（可被……的）。
743,donaritá,/donaˈʁitʰaː/,形容词,被给予的。,「donar」+ 后缀 -itá（结果状态）。
744,doner,/ˈdonəɹ/,名词,雷。,源自德语「Donner」。
745,dora,/ˈdoʁa/,动词,咳嗽。,原生词根。
746,dorm,/doɹm/,动词,睡觉。,源自拉丁语「dormire」。
747,dormir,/doɹˈmiɹ/,动词,睡觉。,"法语 ""dormir""。"
748,dormirabela,/doɹmiʁaˈbela/,形容词,可睡觉的。,「dormir」+ 后缀 -bela（可被……的）。
749,dormiritá,/doɹmiˈʁitʰaː/,形容词,被睡觉的。,「dormir」+ 后缀 -itá（结果状态）。
750,dormo,/ˈdoɹmo/,名词,睡眠。,源自世界语「dormo」。
751,doser,/ˈdosəɹ/,动词,教导。,源自拉丁语「docere」。
752,doserabela,/dosəʁaˈbela/,形容词,可教导的。,「doser」+ 后缀 -bela（可被……的）。
753,doseritá,/dosəˈʁitʰaː/,形容词,被教导的。,「doser」+ 后缀 -itá（结果状态）。
754,dotgé,/ˈdotʰɡeː/,名词,恶魔。,原生词根。
755,douan,/doˈuan/,名词,海关。,源自法语「douane」。
756,douli,/doˈuli/,形容词,受缚的。,源自希腊语「δοῦλος」(doulos)。
757,dráenu,/draːˈenu/,名词,树脂。,原生词根。
758,drama,/ˈdrama/,名词,戏剧。,源自拉丁语「drama」。
759,dramf,/dramf/,动词,打铁，锻造。,原生词根（与 drami 铁匠 同根）。
760,drami,/ˈdrami/,名词,铁匠。,原生词根。
761,drap,/ˈdrap/,名词,床单。,源自法语「drap」。
762,drava,/ˈdrava/,名词,孤儿。,原生词根。
763,drem,/drəm/,动词,做梦。,"英语 ""dream""。"
764,dremabela,/drəmaˈbela/,形容词,可做梦的。,「drem」+ 后缀 -bela（可被……的）。
765,dretlælu,/drəˈtʰlælu/,名词,门闩。,原生词根。
766,drevra,/ˈdrevra/,名词,低处。,原生词根。
767,drias,/ˈdrias/,名词,树妖。,源自希腊语「δρυάς」(dryas)。
768,driksa,/ˈdrikʰsa/,动词,许诺。,原生词根。
769,drimi,/ˈdrimi/,名词,女巫。,原生词根。
770,drinkar,/ˈdrin.kʰaɹ/,动词,饮。,"第二版新增，源自英语 ""drink"" + ""-ar""。"
771,drinkarabela,/driŋkʰaʁaˈbela/,形容词,可饮的。,「drinkar」+ 后缀 -bela（可被……的）。
772,drohú,/ˈdrohuː/,名词,此岸。,原生词根。
773,drosi,/ˈdrosi/,名词,鳃。,原生词根。
774,drubrun,/ˈdrubrun/,名词,训练场。,源自希腊语「γυμνάσιον」(gymnasion)。
775,druntæfmá,/druˈntʰæfmaː/,动词,踉跄。,原生词根。
776,drúpran,/ˈdruːpran/,名词,庆典。,原生词根。
777,duá,/ˈduaː/,名词,断头台。,原生词根。
778,dubi,/ˈdubi/,形容词,可疑的。,源自拉丁语「dubius」。
779,dubium,/duˈbium/,名词,怀疑。,源自拉丁语「dubium」。
780,dubo,/ˈdubo/,名词,疑惑。,源自世界语「dubo」。
781,dubrava,/duˈbrava/,名词,橡树林。,源自斯拉夫语「dubrava」。
782,duca,/ˈdu.ka/,动词,引导，带领。,源自拉丁语「ducere」
783,dueto,/duˈetʰo/,名词,二重奏。,源自意大利语「duetto」。
784,dufur,/ˈdufuɹ/,名词,边缘。,原生词根。
785,duk,/ˈdukʰ/,名词,鸭。,源自日耳曼语「duck」。
786,dum,/dum/,连词,当……期间。,源自拉丁语「dum」。
787,dunen,/ˈdunən/,名词,火刑柱。,原生词根。
788,dupla,/ˈdu.pla/,形容词,双的，成双的，双倍的。,源自拉丁语「duplus」
789,dúpófi,/duːˈpoːfi/,名词,荒野。,原生词根。
790,durar,/duˈʁaɹ/,动词,持续。,"拉丁语 ""durare""。"
791,durarabela,/duʁaʁaˈbela/,形容词,可持续的。,「durar」+ 后缀 -bela（可被……的）。
792,durian,/duˈʁian/,名词,榴莲。,源自马来语「durian」。
793,duser,/ˈdusəɹ/,动词,领导。,源自拉丁语「ducere」。
794,duserabela,/dusəʁaˈbela/,形容词,可领导的。,「duser」+ 后缀 -bela（可被……的）。
795,duseranto,/duseˈʁanto/,名词,领导者，领路人。,「duser」（领导）+ 后缀 -anto（施动者）
796,dziekiol,/ziəˈkʰiol/,名词,啄木鸟。,源自波兰语「dzieciol」。
797,é,/ˈeː/,名词,船。,源自日耳曼语「ship」。
798,eaglo,/əˈaɡlo/,名词,鹰。,源自日耳曼语「eagle」。
799,ebemãr,/əˈbemɐ̃ɹ/,名词,首领。,原生词根。
800,eblo,/ˈeblo/,名词,机会，可能。,源自拉丁语「-abilis」（可能后缀名词化）。
801,eĉ,/ˈetʃ/,副词,甚至。,源自世界语「eĉ」。
802,ece,/ˈe.ke/,叹词,瞧，看哪。,源自拉丁语「ecce」
803,éda,/ˈeː.da/,名词,食物（正式）。,"拉丁语 ""edere""（吃）。"
804,editeur,/ədiˈtʰeuɹ/,名词,编辑。,源自法语「éditeur」。
805,edro,/ˈedro/,名词,婚礼。,原生词根。
806,efa,/ˈefa/,名词,工匠。,原生词根。
807,efiko,/əˈfikʰo/,名词,作用。,源自世界语「efiko」。
808,efimeri,/əfiˈmeʁi/,形容词,短暂的。,源自希腊语「ἐφήμερος」(ephimeros)。
809,eĝa,/ˈe.d͡ʒa/,名词,妻子。,原生词根。
810,eĝensi,/əˈd͡ʒensi/,形容词,贫乏的。,源自拉丁语「egens」。
811,eglél,/ˈeɡleːl/,名词,枷锁。,原生词根。
812,egli,/ˈeɡli/,名词,地图。,原生词根。
813,eglis,/ˈeɡlis/,名词,教堂。,源自法语「église」。
814,eĝo,/ˈe.d͡ʒo/,名词,丈夫。,原生词根。
815,egúf,/ˈeɡuːf/,名词,丝绸。,原生词根。
816,eisenbahno,/əisəˈnbahno/,名词,铁路。,源自德语「Eisenbahn」。
817,ekagera,/əkʰaˈɡeʁa/,名词,夸张。,源自拉丁语「exaggerare」。
818,ekfã,/ˈekʰfɐ̃/,名词,菌类。,原生词根。
819,ekho,/ˈekʰho/,名词,青蛙。,源自越南语「ech」。
820,ekifa,/əˈkʰifa/,形容词,清晰的。,原生词根。
821,ekolesia,/əkʰoləˈsia/,名词,教会。,源自拉丁语「ecclesia」。
822,ekonomi,/əkʰoˈnomi/,名词,经济。,源自英语「economy」。
823,ekrivain,/əkʰriˈvain/,名词,作家。,源自法语「écrivain」。
824,eksciti,/ekˈsi.tʰi/,形容词,激动的。,源自拉丁语「excitatus」
825,eksempoli,/əkʰsəˈmpoli/,副词,例如。,源自拉丁语「exempli」。
826,eksersitus,/əkʰsəˈɹsitʰus/,名词,军队。,源自拉丁语「exercitus」。
827,eksister,/ekˈsis.tʰəɹ/,动词,存在。,源自拉丁语「exsistere」
828,eksita,/ekˈsi.tʰa/,形容词,激动的，兴奋的。,源自拉丁语「excitare」
829,eksito,/ˈəkʰ.si.tʰo/,名词,兴奋，激动。,源自拉丁语「excitus」
830,eksohibition,/əkʰsohibiˈtʰion/,名词,展览。,源自英语「exhibition」。
831,eksopedition,/əkʰsopədiˈtʰion/,名词,探险。,源自英语「expedition」。
832,eksoperĝisi,/əkʰsopəˈɹd͡ʒisi/,动词,醒来。,源自拉丁语「expergisci」。
833,eksoperĝisibela,/əkʰsopəɹd͡ʒisiˈbela/,形容词,可醒来的。,「eksoperĝisi」+ 后缀 -bela（可被……的）。
834,eksoperimento,/əkʰsopəʁiˈmentʰo/,名词,实验。,源自英语「experiment」。
835,eksoplorar,/əkʰsoˈploʁaɹ/,动词,探索。,源自拉丁语「explorare」。
836,eksoplorarabela,/əkʰsoploʁaʁaˈbela/,形容词,可探索的。,「eksoplorar」+ 后缀 -bela（可被……的）。
837,eksotratim,/əkʰsoˈtʰratʰim/,名词,加时赛。,源自英语「extra time」。
838,eksotremi,/əkʰsoˈtʰremi/,形容词,极端的。,源自拉丁语「extremus」。
839,eksplodar,/ekˈsplo.daɹ/,动词,爆发，爆炸。,源自拉丁语「explodere」
840,ekuation,/əkʰuaˈtʰion/,名词,方程。,源自英语「equation」。
841,ekuitatus,/əkʰuiˈtʰatʰus/,名词,骑兵。,源自拉丁语「equitatus」。
842,ekzistar,/ekˈzi.stʰaɹ/,动词,存在。,源自拉丁语「existere」
843,el,/əl/,代词,她（阴性单数）。,"西班牙语 ""ella"" 简化。"
844,ela,/ˈela/,名词,小豆蔻。,源自梵语「एला」(ela)。
845,elafri,/əˈlafri/,形容词,轻盈的。,源自希腊语「ἐλαφρός」(elaphros)。
846,elaia,/əlaˈia/,名词,橄榄枝。,源自希腊语「ἐλαία」(elaia)。
847,elaunein,/əlauˈnein/,动词,驱逐。,源自希腊语「ἐλαύνειν」(elaunein)。
848,elegansi,/ələˈɡansi/,形容词,文雅的。,源自拉丁语「elegans」。
849,elekt,/ə.ˈlekʰtʰ/,动词,选择。,借世界语 elekti。
850,elektion,/ələˈkʰtʰion/,名词,选举。,源自英语「election」。
851,elementum,/ələˈmentʰum/,名词,元素。,源自拉丁语「elementum」。
852,eleuteri,/ələuˈtʰeʁi/,形容词,自由的。,源自希腊语「ἐλεύθερος」(eleutheros)。
853,eleuterosli,/ələutʰəˈʁosli/,副词,自由地。,「eleuteros」+「-li」。
854,elfalni,/əˈlfalni/,名词,乐师。,原生词根。
855,élfolvi,/eːˈlfolvi/,名词,遗孤。,原生词根。
856,elig,/ə.ˈliɡ/,动词,发出。,源自拉丁语「elicere」。
857,elipsis,/əˈlipsis/,名词,椭圆。,源自拉丁语「ellipsis」。
858,elir,/ə.ˈliɹ/,动词,走出。,源自拉丁语「exire」。
859,elmiha,/əˈlmiha/,动词,拉扯。,原生词根。
860,elmontan,/əl.monˈtʰan/,名词,共历艰难后结成的那种不移的情谊。,el（经）+ montan（山，喻艰险）。
861,elpren,/əl.ˈpren/,动词,取出。,借世界语 elpreni。
862,elva,/ˈel.va/,形容词,其他的，别的。,原生词根。
863,elven,/ˈelvən/,动词,变成其他。,「elva」+ 后缀 -en（变成）。
864,elvji,/ˈelvd͡ʒi/,动词,使其他。,「elva」+ 后缀 -ji（使动）。
865,elvli,/ˈelvli/,副词,其他地。,「elva」+ 后缀 -li（副词化）。
866,embarasa,/əmbaˈʁasa/,形容词,尴尬的。,源自法语「embarras」。
867,emna,/ˈe.ma/,动词,选择，挑选。,原生词根。
868,emnabela,/əmnaˈbela/,形容词,可选择的。,「emna」+ 后缀 -bela（可被……的）。
869,emocio,/eˈmo.ti.o/,名词,情感。,源自拉丁语「emotio」
870,en,/ən/,介词,在...里面。,"世界语 ""en""。"
871,éna,/ˈeː.na/,形容词,空的，虚无的。,原生词根。
872,ende,/ˈendə/,名词,怪兽。,原生词根。
873,énen,/ˈeːnən/,动词,变成空。,「éna」+ 后缀 -en（变成）。
874,energeia,/ənəɹɡəˈia/,名词,能量。,源自希腊语「ἐνέργεια」(energeia)。
875,energeiali,/ə.nəɹ.ɡeˈia.li/,副词,充满活力地，有力地。,「energeia」（能量，希腊语 ἐνέργεια）+ 副词后缀 -li
876,enĝin,/ˈend͡ʒin/,名词,引擎。,源自英语「engine」。
877,engoganko,/əŋɡoˈɡaŋkʰo/,名词,犀鸟。,源自马来语「enggang」。
878,enir,/ə.ˈniɹ/,动词,进入。,源自拉丁语「inire」。
879,énis,/ˈeːnis/,名词,毛毡。,原生词根。
880,énji,/ˈeːnd͡ʒi/,动词,使空。,「éna」+ 后缀 -ji（使动）。
881,énli,/ˈeːnli/,副词,空地。,「éna」+ 后缀 -li（副词化）。
882,éno,/ˈeː.no/,数词,一。,日耳曼词源。
883,enoia,/ənoˈia/,名词,概念。,源自希腊语「ἔννοια」(ennoia)。
884,ensiklopædia,/ənsikʰlopæˈdia/,名词,百科全书。,源自拉丁语「encyclopaedia」。
885,enta,/ˈen.tʰa/,连词,以便，为了，引导目的状语从句。,原生功能词。
886,entæ,/ˈentʰæ/,名词,纺锤。,原生词根。
887,enterporis,/əntʰəˈɹpoʁis/,名词,企业。,源自英语「enterprise」。
888,entertainmento,/əntʰəɹtʰaiˈnmentʰo/,名词,娱乐。,源自英语「entertainment」。
889,envio,/əˈnvio/,名词,嫉妒。,源自世界语「envio」。
890,epeiros,/əpəˈiʁos/,名词,大陆。,源自希腊语「ἤπειρος」(epeiros)。
891,epineion,/əpinəˈion/,名词,海港。,源自希腊语「ἐπίνειον」(epineion)。
892,episkopus,/əpiˈskʰopus/,名词,主教。,源自拉丁语「episcopus」。
893,epistemologia,/əpistʰəmoloˈɡia/,名词,认识论。,源自希腊语「ἐπιστημολογία」(epistemologia)。
894,epistula,/əpiˈstʰula/,名词,书信。,源自拉丁语「epistula」。
895,epru,/ˈepru/,名词,干旱。,原生词根。
896,erar,/ˈɜ.aɹ/,动词,弄错。,"拉丁语 ""errare""。"
897,erarabela,/əʁaʁaˈbela/,形容词,可弄错的。,「erar」+ 后缀 -bela（可被……的）。
898,erase,/əˈʁasə/,动词,打盹。,原生词根。
899,erbumve,/əˈɹbumvə/,名词,密林。,原生词根。
900,erd,/ɜd/,名词,泥土。,"古英语 ""eorthe""，词尾清化。"
901,erda,/ˈeɹ.da/,名词,大地（诗歌）。,"古英语 ""eorthe""。"
902,ergél,/ˈeɹɡeːl/,名词,芦苇。,原生词根。
903,ergo,/ˈeɹɡo/,副词,因此。,源自拉丁语「ergo」。
904,eri,/ˈeʁi/,名词,斧头。,原生词根。
905,erik,/ˈeʁikʰ/,名词,樱桃李。,借词「erik」。
906,erinies,/əʁiˈniəs/,名词,复仇女神。,源自希腊语「Ἐρινύες」(erinyes)。
907,érla,/ˈɜː.la/,动词,期待。,原生词根。
908,érlabela,/eːɹlaˈbela/,形容词,可期待的。,「érla」+ 后缀 -bela（可被……的）。
909,erlæn,/ɜˈlæn/,名词,交织的时光。,"古英语 ""erlǣnan"" + ""-læn"" 名词化。"
910,eror,/ˈeɹroɹ/,名词,谬误。,源自拉丁语「error」。
911,erpó,/ˈeɹpoː/,名词,犁沟。,原生词根。
912,erto,/ˈeɹtʰo/,名词,大地。,源自德语「Erde」。
913,ésdekton,/eːˈsdekʰtʰon/,名词,方案。,源自英语「plan」。
914,ese,/ˈesə/,名词,传说。,原生词根。
915,esek,/ˈesəkʰ/,名词,驴。,借词「esek」。
916,esentia,/əsəˈntʰia/,名词,本质。,源自拉丁语「essentia」。
917,esepto,/əˈseptʰo/,名词,例外。,源自世界语「escepto」。
918,esese,/əˈsesə/,名词,收获季。,原生词根。
919,esharpo,/əˈʃaɹpo/,名词,围巾。,源自法语「écharpe」。
920,eskalier,/əskʰaˈliəɹ/,名词,楼梯。,源自法语「escalier」。
921,eskludar,/esˈkʰlu.daɹ/,动词,排除，除外。,源自拉丁语「excludere」
922,esnarap,/əˈsnaʁap/,名词,谜语。,原生词根。
923,esper,/ˈes.pəɹ/,动词,希望。,"拉丁语 ""sperare""。"
924,esperabela,/əspəʁaˈbela/,形容词,可希望的。,「esper」+ 后缀 -bela（可被……的）。
925,esprimer,/esˈpʁimeɹ/,动词,表达，表述。,源自拉丁语「exprimere」
926,espuela,/əspuˈela/,名词,马刺。,源自西班牙语「espuela」。
927,est,/əstʰ/,动词,是（状态）。,"拉丁语 ""esse""。"
928,estabela,/əstʰaˈbela/,形容词,可是（状态）的。,「est」+ 后缀 -bela（可被……的）。
929,ésti,/ˈeːstʰi/,名词,井。,原生词根。
930,esting,/əs.ˈtʰiŋɡ/,动词,熄灭。,借世界语 estingi。
931,estu,/ˈestʰu/,名词,老翁。,原生词根。
932,esu,/ˈesu/,动词,呻吟。,原生词根。
933,eswekgon,/əswˈekʰɡon/,名词,棍棒。,原生词根。
934,etaga,/eˈta.ɡa/,名词,楼层。,源自法语「étage」
935,etaĝer,/əˈtʰad͡ʒəɹ/,名词,书架。,源自法语「étagère」。
936,etanko,/əˈtʰaŋkʰo/,名词,池塘。,源自法语「étang」。
937,etato,/ˈe.ta.to/,名词,年龄。,"源自拉丁语「aetas, aetatis」"
938,etika,/əˈtʰikʰa/,名词,伦理。,源自拉丁语「ethica」。
939,etos,/ˈetʰos/,名词,性格。,源自希腊语「ἦθος」(ethos)。
940,etudianto,/ətʰudiˈantʰo/,名词,学生。,源自法语「étudiant」。
941,eugoni,/əuˈɡoni/,形容词,肥沃的。,源自希腊语「εὔγονος」(eugon)。
942,euren,/əˈuʁən/,动词,变成广阔。,「euri」+ 后缀 -en（变成）。
943,euri,/əˈuʁi/,形容词,广阔的。,源自希腊语「εὐρύς」(eury)。
944,eurji,/əˈuɹd͡ʒi/,动词,使广阔。,「euri」+ 后缀 -ji（使动）。
945,eurli,/əˈuɹli/,副词,广阔地。,「euri」+ 后缀 -li（副词化）。
946,eusebi,/əuˈsebi/,形容词,虔诚的。,源自希腊语「εὐσεβής」(eusebes)。
947,euteli,/əuˈtʰeli/,形容词,浅薄的。,源自希腊语「εὐτελής」(euteles)。
948,ev,/əv/,名词,水。,原生词根。
949,éva,/ˈeː.va/,名词,傍晚（与 vesper 同义）。,"法语 ""soir"" 变体。"
950,evanĝelium,/əvand͡ʒəˈlium/,名词,福音。,源自拉丁语「evangelium」。
951,evaporar,/əvaˈpoʁaɹ/,动词,蒸发。,源自拉丁语「evaporare」。
952,evaporarabela,/əvapoʁaʁaˈbela/,形容词,可蒸发的。,「evaporar」+ 后缀 -bela（可被……的）。
953,event,/əˈventʰ/,动词,发生。,"拉丁语 ""evenire""。"
954,eventabela,/əvəntʰaˈbela/,形容词,可发生的。,「event」+ 后缀 -bela（可被……的）。
955,evolutio,/əvoluˈtʰio/,名词,进化。,源自拉丁语「evolutio」。
956,exakte,/ekˈsak.tʰe/,副词,恰好，正是，正好。,源自拉丁语「exactus」（精确的）
957,exaurir,/ekˈsau.riɹ/,动词,耗尽，使精疲力竭。,源自拉丁语「exhaurire」
958,excitar,/ek.siˈtaɹ/,动词,使激动，激起。,源自拉丁语「excitare」
959,excludar,/ek.skuˈdaɹ/,动词,排除，排除在外。,源自拉丁语「excludere」
960,exfoliar,/eks.foˈliaɹ/,动词,剥落，脱落。,源自拉丁语「exfoliare」
961,existar,/ekˈsis.taɹ/,动词,存在。,源自拉丁语「existere」
962,expandar,/ekˈspan.daɹ/,动词,张开，展开。,源自拉丁语「expandere」
963,expelar,/ek.speˈlaɹ/,动词,驱散，驱逐。,源自拉丁语「expellere」
964,fa,/ˈfa/,名词,碗。,源自法语「bol」。
965,fabel,/ˈfa.bəl/,名词,童话。,"德语 ""Fabel""。"
966,façila,/faˈsila/,形容词,容易的。,源自拉丁语「facilis」。
967,fainomenon,/fainoˈmenon/,名词,现象。,源自希腊语「φαινόμενον」(phainomenon)。
968,fãk,/ˈfɐ̃kʰ/,名词,词语。,原生词根（鼻化元音 /ɐ̃/）。
969,fako,/ˈfakʰo/,名词,科目，学科。,源自德语「Fach」。
970,fakteur,/faˈkʰtʰeuɹ/,名词,邮递员。,源自法语「facteur」。
971,faktori,/faˈkʰtʰoʁi/,名词,工厂。,源自英语「factory」。
972,fala,/ˈfa.la/,动词,落下。,"拉丁语 ""fallere""。"
973,falabela,/falaˈbela/,形容词,可落下的。,「fala」+ 后缀 -bela（可被……的）。
974,falankoso,/falaˈŋkʰoso/,名词,方阵。,源自希腊语「φάλαγξ」(phalanx)。
975,fali,/ˈfa.li/,动词,落下。,源自拉丁语「fallere」。
976,falseto,/faˈlsetʰo/,名词,假声。,源自意大利语「falsetto」。
977,falsi,/ˈfalsi/,形容词,错误的。,源自拉丁语「falsus」。
978,fame,/ˈfa.mə/,名词,饥饿。,源自拉丁语「fames」(fames)。
979,familia,/faˈmi.li.a/,名词,家庭。,"拉丁语 ""familia""。"
980,famosi,/faˈmosi/,形容词,著名的。,源自拉丁语「famosus」。
981,fan,/ˈfan/,名词,球迷。,源自英语「fan」。
982,fari,/ˈfaʁi/,动词,做。,源自拉丁语「facere」。
983,farmasi,/faˈɹmasi/,名词,药店。,源自法语「pharmacie」。
984,farmasien,/faɹmaˈsiən/,名词,药剂师。,源自法语「pharmacien」。
985,farmer,/ˈfaɹməɹ/,名词,农民。,源自日耳曼语「farmer」。
986,faros,/ˈfaʁos/,名词,灯塔。,源自希腊语「φάρος」(pharos)。
987,fayrolumo,/faj.ˈʁo.lu.mo/,名词,萤火虫。,"世界语 ""fajrolumo""（""fajro"" 火 + ""lumo"" 光）。"
988,féa,/ˈfeːa/,名词,陶器。,原生词根。
989,fea,/ˈfea/,名词,银币。,原生词根。
990,febris,/ˈfeb.ris/,名词,发烧，热病。,源自拉丁语「febris」
991,féla,/ˈfeː.la/,形容词,快乐，幸福的。,原生词根。
992,félen,/ˈfeːlən/,动词,变成快乐。,「féla」+ 后缀 -en（变成）。
993,féli,/ˈfeːli/,副词,快乐地。,「féla」+ 后缀 -li（副词化）。
994,feliko,/fəˈlikʰo/,名词,幸福。,源自拉丁语「felix」。
995,félji,/ˈfeːld͡ʒi/,动词,使快乐。,「féla」+ 后缀 -ji（使动）。
996,feltit,/ˈfeltʰitʰ/,名词,织机。,原生词根。
997,fém,/feːm/,数词,五。,北日耳曼词源。
998,fenda,/ˈfen.da/,动词,劈开，分裂。,"拉丁语 ""findere""。"
999,fendabela,/fəndaˈbela/,形容词,可劈开的。,「fenda」+ 后缀 -bela（可被……的）。
1000,fenester,/fəˈnes.tʰəɹ/,名词,窗户。,"拉丁语 ""fenestra""。"
1001,fenetro,/fəˈnetʰro/,名词,窗。,源自法语「fenêtre」。
1002,feno,/ˈfeno/,名词,块茎。,原生词根。
1003,fensinko,/fəˈnsiŋkʰo/,名词,击剑。,源自英语「fencing」。
1004,fenta,/ˈfen.tʰa/,名词,幻想，想象。,原生词根。
1005,fépnirãn,/feːˈpniɹrɐ̃n/,名词,笼子。,原生词根。
1006,fer,/fəɹ/,名词,事物，承载物。,"拉丁语 ""ferre""。"
1007,feraf,/ˈfeʁaf/,名词,布施。,源自梵语「दान」(dana)。
1008,feri,/ˈfe.ʁi/,形容词,野生的。,源自拉丁语「ferus」
1009,feria,/fəˈʁia/,名词,假日。,源自拉丁语「feriae」。
1010,ferio,/feˈʁi.o/,名词,假期。,借拉丁 feriae。
1011,ferm,/fəɹm/,动词,关闭。,借世界语 fermi。
1012,fermentar,/fəˈɹmentʰaɹ/,动词,发酵。,源自拉丁语「fermentare」。
1013,fermentarabela,/fəɹməntʰaʁaˈbela/,形容词,可发酵的。,「fermentar」+ 后缀 -bela（可被……的）。
1014,fermo,/ˈfeɹmo/,名词,农场。,源自法语「ferme」。
1015,fero,/ˈfe.ʁo/,名词,铁。,源自拉丁语「ferrum」(ferrum)。
1016,ferro,/ˈfe.ʁo/,名词,铁。,源自拉丁语「ferrum」(ferrum)。
1017,fésætram,/feːˈsætʰram/,名词,圣所。,原生词根。
1018,fester,/ˈfestʰəɹ/,名词,记号。,原生词根。
1019,fibula,/ˈfi.bu.la/,名词,别针，胸针。,源自拉丁语「fibula」
1020,fideli,/fiˈdeli/,形容词,忠诚的。,源自拉丁语「fidelis」。
1021,fidelitas,/fidəˈlitʰas/,名词,忠诚。,源自拉丁语「fidelitas」。
1022,fides,/ˈfidəs/,名词,信心。,源自拉丁语「fides」。
1023,fido,/ˈfi.do/,名词,信任。,"拉丁语 ""fides""。"
1024,fiereko,/fiəˈʁekʰo/,名词,骄傲。,源自世界语「fiereco」。
1025,fíex,/ˈfiː.əks/,名词,歌曲。,"拉丁语 ""vox"" 变体。"
1026,fíexen,/ˈfiː.ə.ksən/,动词,作曲，唱歌。,"""fíex"" + 动词化后缀 ""-en""。"
1027,fíexenabela,/fiːəksənaˈbela/,形容词,可作曲的。,「fíexen」+ 后缀 -bela（可被……的）。
1028,fifes,/ˈfifəs/,名词,嫩芽。,原生词根。
1029,figura,/ˈfi.ɡu.ra/,名词,身影，身形，轮廓。,源自拉丁语「figura」
1030,fik,/ˈfikʰ/,名词,无花果。,借词「fig」。
1031,fikro,/ˈfikʰro/,名词,矛。,原生词根。
1032,filino,/fiˈlino/,名词,女儿。,源自世界语「filino」。
1033,filmo,/ˈfilmo/,名词,电影。,源自英语「film」。
1034,filo,/ˈfilo/,名词,儿子。,源自世界语「filo」。
1035,filosofia,/filosoˈfia/,名词,哲学。,源自拉丁语「philosophia」。
1036,filosofii,/fi.lo.soˈfi.i/,形容词,哲学的。,filosofia（哲学，词典词）+ -i（形容词化）
1037,filosofos,/filoˈsofos/,名词,哲学家。,源自希腊语「φιλόσοφος」(philosophos)。
1038,fin,/fin/,动词,结束。,源自拉丁语「finire」。
1039,fina,/ˈfi.na/,形容词,最后的。,fine/fino 同根 + 形容词化 -a。
1040,final,/ˈfinal/,名词,终曲。,源自拉丁语「finale」。
1041,finanso,/fiˈnanso/,名词,金融。,源自英语「finance」。
1042,findik,/ˈfindikʰ/,名词,榛子。,借词「findik」。
1043,fine,/ˈfi.nə/,副词,终于。,"拉丁语 ""fine"" 副词化。"
1044,finir,/fiˈniɹ/,动词,结束。,"法语 ""finir""。"
1045,finirabela,/finiʁaˈbela/,形容词,可结束的。,「finir」+ 后缀 -bela（可被……的）。
1046,fino,/ˈfino/,名词,末尾，终。,源自拉丁语「finis」。
1047,fira,/ˈfi.ʁa/,数词,四。,日耳曼词源。
1048,firma,/ˈfiɹ.ma/,形容词,坚定的，牢固的。,源自拉丁语「firmus」
1049,firmar,/ˈfiɹmaɹ/,动词,加强。,源自拉丁语「firmare」。
1050,firmarabela,/fiɹmaʁaˈbela/,形容词,可加强的。,「firmar」+ 后缀 -bela（可被……的）。
1051,firmitas,/ˈfiɹ.mi.tʰas/,名词,稳固，坚实。,源自拉丁语「firmitas」
1052,fisho,/ˈfiʃo/,名词,鱼。,源自日耳曼语「fish」。
1053,fisika,/fiˈsikʰa/,名词,物理。,源自拉丁语「physica」。
1054,fistik,/ˈfistʰikʰ/,名词,开心果。,借词「fistik」。
1055,fistula,/fiˈstʰula/,名词,管道。,源自拉丁语「fistula」。
1056,fitrélpú,/fiˈtʰreːlpuː/,名词,手镯。,原生词根。
1057,fjorto,/ˈfd͡ʒoɹtʰo/,名词,峡湾。,源自日耳曼语「fjord」。
1058,flalrohep,/flaˈlrohəp/,副词,偶尔地。,原生词根。
1059,flama,/ˈfla.ma/,名词,火。,"拉丁语 ""flamma""。"
1060,flamif,/ˈfla.mif/,动词,燃火化。,"拉丁语 ""flamma"" + 动词化后缀 ""-if""。"
1061,flamifabela,/flamifaˈbela/,形容词,可燃火化的。,「flamif」+ 后缀 -bela（可被……的）。
1062,flara,/ˈfla.ʁa/,动词,嗅，闻。,原生词根。
1063,flarabela,/flaʁaˈbela/,形容词,可嗅的。,「flara」+ 后缀 -bela（可被……的）。
1064,flauta,/flaˈutʰa/,名词,长笛。,源自拉丁语「flauta」。
1065,flava,/ˈfla.va/,形容词,黄色的。,"拉丁语 ""flavus""。"
1066,flaven,/ˈflavən/,动词,变成黄色。,「flava」+ 后缀 -en（变成）。
1067,flavji,/ˈflavd͡ʒi/,动词,使黄色。,「flava」+ 后缀 -ji（使动）。
1068,flavli,/ˈflavli/,副词,黄色地。,「flava」+ 后缀 -li（副词化）。
1069,flavrano,/flaˈvrano/,名词,护符。,原生词根。
1070,flémzos,/ˈfleːmzos/,名词,船桨。,原生词根。
1071,fleuristo,/fləuˈʁistʰo/,名词,花店。,源自法语「fleuriste」。
1072,flidu,/ˈflidu/,名词,门槛。,原生词根。
1073,floglune,/floˈɡlunə/,名词,幼童。,原生词根。
1074,flor,/floɹ/,动词,开花，绽放。,原创词。
1075,flóra,/ˈfloː.ʁa/,名词,花卉，群花。,原生词根。
1076,florabela,/floʁaˈbela/,形容词,可开花的。,「flor」+ 后缀 -bela（可被……的）。
1077,flóresú,/floːˈʁesuː/,名词,热汤。,原生词根。
1078,flosa,/ˈflo.sa/,动词,漂浮。,原生词根。
1079,flosabela,/flosaˈbela/,形容词,可漂浮的。,「flosa」+ 后缀 -bela（可被……的）。
1080,flosroze,/floˈsrozə/,名词,岛屿。,原生词根。
1081,flug,/fluɡ/,动词,飞。,源自德语「Flug」。
1082,fluganto,/fluˈɡan.tʰo/,形容词/名词,飞翔的（者）。,"""flug""（飞）+ ""-anto""（现在分词）。"
1083,flugil,/ˈflu.ɡil/,名词,翅膀。,"""flug""（飞）+ 工具后缀 ""-il""。"
1084,fluir,/fluˈiɹ/,动词,流动。,"西班牙语 ""fluir""。"
1085,fluirabela,/fluiʁaˈbela/,形容词,可流动的。,「fluir」+ 后缀 -bela（可被……的）。
1086,flut,/flutʰ/,名词,笛。,"英语 ""flute""。"
1087,flútof,/ˈfluːtʰof/,名词,界碑。,原生词根。
1088,fo,/ˈfo/,名词,米粉。,源自越南语「pho」。
1089,foederatio,/foədəʁaˈtʰio/,名词,联盟。,源自拉丁语「foederatio」。
1090,foedus,/foˈedus/,名词,条约。,源自拉丁语「foedus」。
1091,føhn,/føːn/,名词,疯子。,"德语 ""verrückt"" 变体。"
1092,føhna,/ˈføː.na/,形容词,疯狂的，疯癫的。,「føhn」（疯子）＋形容词化后缀 -a
1093,føhnen,/ˈføː.nən/,动词,发疯，疯狂行为。,"""fø hn"" + 动词化后缀 ""-en""。"
1094,føhnenabela,/føhnənaˈbela/,形容词,可发疯的。,「føhnen」+ 后缀 -bela（可被……的）。
1095,folio,/ˈfo.li.o/,名词,叶子。,"拉丁语 ""folium""。"
1096,folte,/ˈfoltʰə/,名词,蒸汽。,原生词根。
1097,fond,/fond/,动词,建立。,借世界语 fondi。
1098,fontana,/foˈntʰana/,名词,喷泉。,源自拉丁语「fontana」。
1099,foprik,/ˈfoprikʰ/,名词,刑具。,原生词根。
1100,for,/foɹ/,形容词/副词,远的。,"英语 ""far""。"
1101,forel,/ˈfoʁəl/,名词,鳟鱼。,源自斯拉夫语「forel」。
1102,forhorizont,/foɹ.ˈho.ʁi.zontʰ/,名词,天边。,"""for""（远）+ ""horizont""（地平线）。"
1103,forir,/foɹ.ˈiɹ/,动词,离开。,借世界语 foriri。
1104,forko,/ˈfoɹkʰo/,名词,叉。,源自日耳曼语「fork」。
1105,forlas,/foɹ.ˈlas/,动词,遗弃。,借世界语 forlasi。
1106,forlok,/ˈfoɹ.lokʰ/,名词,远方。,"""for""（远）+ ""lok""（地方）。"
1107,forma,/ˈfoɹma/,名词,形式。,源自拉丁语「forma」。
1108,formula,/foˈɹmula/,名词,公式。,源自英语「formula」。
1109,fornako,/ˈfoɹnako/,名词,熔炉，大熔炉。,源自拉丁语「fornax」
1110,forpren,/foɹ.ˈpren/,动词,拿走。,原生复合（for 离 + pren 取）。
1111,forset,/ˈfoɹ.sətʰ/,名词,森林。,"第二版新增，源自德语 ""Forst""。"
1112,forta,/ˈfoɹ.tʰa/,形容词,坚强的。,"拉丁语 ""fortis""。"
1113,fortaso,/foˈɹtʰaso/,副词,或许。,源自拉丁语「fortasse」。
1114,forten,/ˈfoɹtʰən/,动词,变成坚强。,「forta」+ 后缀 -en（变成）。
1115,fortiji,/ˈfoɹ.tʰi.d͡ʒi/,动词,使坚强。,"""fort"" + 使动后缀 ""-ji""。"
1116,fortijibela,/foɹtʰid͡ʒiˈbela/,形容词,可使坚强的。,「fortiji」+ 后缀 -bela（可被……的）。
1117,fortika,/foˈɹtʰikʰa/,形容词,结实的。,源自拉丁语「fortis」。
1118,fortiter,/foˈɹtʰitʰəɹ/,副词,强烈地。,源自拉丁语「fortiter」。
1119,fortitudo,/foɹtʰiˈtʰudo/,名词,勇敢。,源自拉丁语「fortitudo」。
1120,fortli,/ˈfoɹtʰli/,副词,坚强地。,「forta」+ 后缀 -li（副词化）。
1121,forto,/ˈfoɹtʰo/,名词,力量。,源自拉丁语「fortis」。
1122,fortuiti,/foɹtʰuˈitʰi/,形容词,偶然的。,源自拉丁语「fortuitus」。
1123,fortuitli,/foɹ.tʰuˈitʰ.li/,副词,偶然地。,「fortuiti」（偶然的）＋副词化后缀 -li
1124,fortuno,/ˈfoɹ.tʰu.no/,名词,运气，命运。,源自拉丁语「fortuna」
1125,forum,/ˈfoʁum/,名词,市场。,源自拉丁语「forum」。
1126,fosa,/ˈfo.sa/,动词,挖掘。,"拉丁语 ""fodere""。"
1127,fosabela,/fosaˈbela/,形容词,可挖掘的。,「fosa」+ 后缀 -bela（可被……的）。
1128,fotilo,/foˈtʰi.lo/,名词,相机，摄像头。,foto（照片）+ -ilo（工具）。
1129,foto,/ˈfotʰo/,名词,照片。,源自英语「photo」。
1130,foul,/ˈfoul/,名词,犯规。,源自英语「foul」。
1131,four,/ˈfouɹ/,名词,烤箱。,源自法语「four」。
1132,fourneau,/fouɹnəˈau/,名词,炉灶。,源自法语「fourneau」。
1133,foursoheto,/fouɹsoˈhetʰo/,名词,叉子。,源自法语「fourchette」。
1134,foy,/ˈfoj/,名词,次，回。,"原生词根（""kelkafoy"" 词根）。"
1135,fozitnæ,/foˈzitʰnæ/,名词,草鞋。,原生词根。
1136,fraĝment,/frad͡ʒˈmentʰ/,名词,碎片，部分。,"拉丁语 ""fragmentum""。"
1137,frais,/ˈfrais/,名词,草莓。,源自法语「fraise」。
1138,frap,/frap/,动词,敲。,借世界语 frapi。
1139,frápdu,/ˈfraːpdu/,名词,柴堆。,原生词根。
1140,fráta,/ˈfraː.tʰa/,名词,兄弟（正式）。,"拉丁语 ""frater""。"
1141,fratelo,/fraˈtʰelo/,名词,哥哥。,源自拉丁语「frater」变体。
1142,frazo,/ˈfra.zo/,名词,句子。,"拉丁语 ""phrasis""。"
1143,freas,/ˈfreas/,名词,石碑。,原生词根。
1144,frékeko,/freːˈkʰekʰo/,名词,混沌。,源自希腊语「χάος」(chaos)。
1145,frelbakrup,/frəˈlbakʰrup/,名词,渔网。,原生词根。
1146,fremda,/ˈfrem.da/,形容词,陌生的，外国的。,源自德语「fremd」。
1147,fremdulo,/ˈfrem.du.lo/,名词,陌生人。,"德语 ""Fremder"" + ""-ulo""（人）。"
1148,fremer,/ˈfre.məɹ/,动词,沙沙作响，飒飒。,源自拉丁语「fremere」
1149,fremfia,/frəˈmfia/,形容词,沉闷的。,原生词根。
1150,frente,/ˈfren.tʰə/,动词,面对。,"拉丁语 ""frontem"" 动词化。"
1151,frentebela,/frəntʰəˈbela/,形容词,可面对的。,「frente」+ 后缀 -bela（可被……的）。
1152,freol,/ˈfreol/,名词,财宝。,原生词根。
1153,freska,/ˈfres.ka/,形容词,清新的，清爽的。,源自意大利语「fresco」
1154,frí,/ˈfriː/,名词,雷电。,原生词根。
1155,friedhof,/friˈedhof/,名词,墓园。,源自德语「Friedhof」。
1156,frok,/ˈfrokʰ/,名词,蛙。,源自日耳曼语「frog」。
1157,frontispicio,/fron.tʰiˈspi.tʰio/,名词,扉页，卷首。,源自拉丁语「frontispicium」
1158,frost,/frostʰ/,名词/形容词,霜，寒。,"德语 ""Frost""。"
1159,frosta,/ˈfros.tʰa/,动词,结冰，冻结。,"""frost"" 动词化。"
1160,frostabela,/frostʰaˈbela/,形容词,可结冰的。,「frosta」+ 后缀 -bela（可被……的）。
1161,frosto,/ˈfrostʰo/,名词,霜冻。,源自日耳曼语「frost」。
1162,frotipu,/froˈtʰipu/,动词,嘟囔。,原生词根。
1163,fruen,/ˈfruən/,动词,变成早。,「frui」+ 后缀 -en（变成）。
1164,frugali,/fruˈɡali/,形容词,节俭的。,源自拉丁语「frugalis」。
1165,frui,/ˈfru.i/,形容词,早的。,"世界语 ""frua""。"
1166,fruji,/ˈfrud͡ʒi/,动词,使早。,「frui」+ 后缀 -ji（使动）。
1167,frukto,/ˈfru.kʰtʰo/,名词,果实。,"拉丁语 ""fructus""。"
1168,fruli,/ˈfruli/,副词,早地。,「frui」+ 后缀 -li（副词化）。
1169,frumentum,/fruˈmentʰum/,名词,粮食。,源自拉丁语「frumentum」。
1170,frŭmrup,/ˈfrʌmrup/,名词,石匠。,原生词根。
1171,frusorsi,/fruˈsoɹsi/,名词,匕首。,原生词根。
1172,fuga,/ˈfu.ɡa/,名词,逃跑。,源自拉丁语「fuga」
1173,fugo,/ˈfuɡo/,名词,逃离，逃跑。,源自拉丁语「fuga」
1174,fulcila,/ˈful.ki.la/,名词,支撑物，扶手。,fulcir（支撑）+ -ilo（工具名词）
1175,fulcir,/ˈful.kiɹ/,动词,支撑，撑住，扶。,源自拉丁语「fulcire」
1176,fulgard,/ˈfulɡaɹd/,名词,雨歇后空气里那股清冽的草木香。,ful（雨后）+ gard（气味）。
1177,fumo,/ˈfu.mo/,名词,烟雾。,"拉丁语 ""fumus""。"
1178,fundamento,/fundaˈmentʰo/,名词,地基。,源自德语「Fundament」。
1179,fundlinio,/funˈdi.ni.o/,名词,底线。,fundo（底）+ linio。
1180,funkciar,/funkˈsi.aɹ/,动词,运作，起作用。,源自拉丁语「functio」
1181,funu,/ˈfunu/,名词,幽灵。,原生词根。
1182,fur,/ˈfuɹ/,名词,毛皮。,源自日耳曼语「fur」。
1183,fúr,/ˈfuːɹ/,名词,贝壳。,原生词根。
1184,furiosi,/fuʁiˈosi/,形容词,狂暴的。,源自拉丁语「furiosus」。
1185,furiozo,/fuˈʁi.o.zo/,名词,狂澜。,借拉丁 furiosus。
1186,furniflama,/fuɹ.niˈfla.ma/,名词,炉火。,fourneau（炉）+ flama（火）。
1187,fusono,/fuˈsono/,名词,缺口。,原生词根。
1188,futur,/ˈfu.tʰuɹ/,名词,未来。,"法语 ""futur""。"
1189,fyǽli,/ˈfjæː.li/,名词,花瓣。,"古诺斯语 ""fjaðr"" + 日语 ""花びら""。"
1190,fyar,/fjaɹ/,动词,感觉，感知。,原创词。
1191,fyarabela,/fjaʁaˈbela/,形容词,可感觉的。,「fyar」+ 后缀 -bela（可被……的）。
1192,-ga,/ɡa/,助词,也（接续）。,"源自日语助词 ""も""。"
1193,gãæ,/ˈɡɐ̃æ/,名词,戒指。,原生词根。
1194,gaĝa,/ˈɡad͡ʒa/,名词,大象。,源自梵语「गज」(gaja)。
1195,gai,/ˈɡai/,名词,网绳。,原生词根。
1196,gajn,/ɡajn/,动词,获得。,借世界语 gajni。
1197,gala,/ˈɡa.la/,名词,声音（与 son 同义，更偏向人声）。,原生词根。
1198,gála,/ˈɡaː.la/,连词,或者，要么。,原生功能词。
1199,galeri,/ɡaˈleʁi/,名词,画廊。,源自法语「galerie」。
1200,gam,/ˈɡam/,名词,游戏。,源自英语「game」。
1201,gæna,/ˈɡæ.na/,名词,宝石，珍贵之物。,"梵语 ""रत्न"" (ratna)。"
1202,ganta,/ˈɡan.tʰa/,动词,拿，取。,原生词根。
1203,gantabela,/ɡantʰaˈbela/,形容词,可拿的。,「ganta」+ 后缀 -bela（可被……的）。
1204,gao,/ˈɡao/,名词,大米。,源自越南语「gao」。
1205,ĝapati,/d͡ʒaˈpatʰi/,动词,默念。,源自梵语「जपति」(japati)。
1206,gapfa,/ˈɡapfa/,名词,沼泽。,原生词根。
1207,gar,/ˈɡaɹ/,名词,火车站。,源自法语「gare」。
1208,garavrut,/ɡaˈʁavrutʰ/,名词,高处。,原生词根。
1209,garda,/ˈɡaɹ.da/,动词,守护，保卫。,日耳曼语源。
1210,gardabela,/ɡaɹdaˈbela/,形容词,可守护的。,「garda」+ 后缀 -bela（可被……的）。
1211,gardo,/ˈɡaɹ.do/,名词,守卫，护卫。,源自日耳曼语「wardon」。
1212,gari,/ˈɡaʁi/,名词,腌姜。,源自日语「ガリ」(gari)。
1213,ĝarit,/ˈd͡ʒaʁitʰ/,动词,翻炒。,源自俄语「жарить」(zharit)。
1214,gárká,/ˈɡaːɹkʰaː/,名词,蜂群。,原生词根。
1215,gas,/ˈɡas/,名词,天然气。,源自英语「gas」。
1216,gása,/ˈɡaː.sa/,名词,客人。,日耳曼语源。
1217,gasolin,/ɡaˈsolin/,名词,汽油。,源自英语「gasoline」。
1218,gastigard,/ɡas.tʰiˈɡaɹd/,名词,客人即将到来前，家中弥漫的那种期待与忙乱。,gast（客）+ gard（预备）。
1219,gateau,/ɡatʰəˈau/,名词,蛋糕。,源自法语「gâteau」。
1220,ĝati,/ˈd͡ʒatʰi/,名词,茉莉。,源自梵语「जाति」(jati)。
1221,ĝavoronok,/d͡ʒavoˈʁonokʰ/,名词,云雀。,源自俄语「жаворонок」(zhavoronok)。
1222,ĝear,/ˈd͡ʒeaɹ/,名词,齿轮。,源自英语「gear」。
1223,ĝédzeko,/d͡ʒeːˈdzekʰo/,名词,婚姻。,源自世界语「geedzeco」。
1224,gekfu,/ˈɡekʰfu/,名词,旅人。,原生词根。
1225,ĝelato,/d͡ʒəˈlatʰo/,名词,冰淇淋。,源自意大利语「gelato」。
1226,gemøm,/ˈɡemøm/,名词,蜂巢。,原生词根。
1227,ĝen,/ˈd͡ʒen/,名词,基因。,源自英语「gene」。
1228,genai,/ɡəˈnai/,形容词,高贵的。,源自希腊语「γενναῖος」(gennaios)。
1229,ĝendarmeri,/d͡ʒəndaˈɹmeʁi/,名词,宪兵。,源自法语「gendarmerie」。
1230,ĝeneral,/d͡ʒəˈneʁal/,名词,将军。,源自法语「général」。
1231,ĝenerator,/d͡ʒənəˈʁatʰoɹ/,名词,发电机。,源自英语「generator」。
1232,ĝenerosi,/d͡ʒənəˈʁosi/,形容词,慷慨的。,源自拉丁语「generosus」。
1233,gennai,/ɡəˈnnai/,形容词,高贵的。,源自希腊语「γενναῖος」(gennaios)。
1234,ĝentileka,/d͡ʒəntʰiˈlekʰa/,形容词,有礼貌的。,「ĝentileko」派生。
1235,ĝentileko,/d͡ʒəntʰiˈlekʰo/,名词,礼貌。,源自世界语「ĝentileco」。
1236,genuo,/ˈɡe.nu.o/,名词,膝盖。,"拉丁语 ""genu""。"
1237,geografia,/ɡəoɡraˈfia/,名词,地理。,源自希腊语「γεωγραφία」(geographia)。
1238,geologia,/ɡəoloˈɡia/,名词,地质。,源自希腊语「γεωλογία」(geologia)。
1239,ĝeometria,/d͡ʒəoməˈtʰria/,名词,几何。,源自拉丁语「geometria」。
1240,ĝepak,/ˈd͡ʒepakʰ/,名词,行李。,源自德语「Gepäck」。
1241,ĝepatroj,/d͡ʒəˈpatʰrod͡ʒ/,名词,父母。,原生复合（patro 父 + matro 母 + 复数）。
1242,géra,/ˈɡeː.ʁa/,形容词,公正的，正义的。,原生词根。
1243,gera,/ˈɡeʁa/,名词,皮匠。,原生词根。
1244,géren,/ˈɡeːʁən/,动词,变成公正。,「géra」+ 后缀 -en（变成）。
1245,ĝerikto,/d͡ʒəˈʁikʰtʰo/,名词,法院。,源自德语「Gericht」。
1246,gérji,/ˈɡeːɹd͡ʒi/,动词,使公正。,「géra」+ 后缀 -ji（使动）。
1247,gérli,/ˈɡeːɹli/,副词,公正地。,「géra」+ 后缀 -li（副词化）。
1248,gesipro,/ɡəˈsipro/,名词,兽角。,原生词根。
1249,gesto,/ˈges.tʰo/,名词,动作，手势。,源自拉丁语「gestus」
1250,getah,/ˈɡetʰah/,名词,橡胶树。,源自马来语「getah」。
1251,gíã,/ˈɡiːɐ̃/,动词,浇洒。,原生词根。
1252,giani,/ɡiˈani/,名词,鸟巢。,原生词根。
1253,gifrók,/ˈɡifroːkʰ/,名词,鱼篓。,原生词根。
1254,gift,/ɡiftʰ/,名词,礼物。,"英语 ""gift""。"
1255,gigai,/ɡiˈɡai/,形容词,巨大的。,源自希腊语「γίγας」(gigas)。
1256,gilŭ,/ˈɡilʌ/,名词,溪流。,原生词根。
1257,gimgét,/ˈɡimɡeːtʰ/,名词,兽牙。,原生词根。
1258,gimnasion,/ɡimnaˈsion/,名词,体育馆。,源自希腊语「γυμνάσιον」(gymnasion)。
1259,gimnastik,/ɡiˈmnastʰikʰ/,名词,体操。,源自希腊语「γυμναστική」(gymnastike)。
1260,gingæ,/ˈɡiŋɡæ/,动词,渗漏。,原生词根。
1261,ĝinĝa,/ˈd͡ʒind͡ʒa/,名词,神社。,源自日语「神社」(jinja)。
1262,ĝioni,/d͡ʒiˈoni/,形容词,酥脆的。,源自越南语「gion」。
1263,gis,/ɡis/,连词,直到。,"世界语 ""ĝis""，音系调整。"
1264,gita,/ˈɡitʰa/,名词,薄伽梵歌。,源自梵语「गीता」(gita)。
1265,gla,/ˈɡla/,名词,村落。,原生词根。
1266,glacio,/ˈɡla.ki.o/,名词,冰。,"拉丁语 ""glacies""。"
1267,glæm,/ˈɡlæm/,名词,宝剑。,原生词根。
1268,glæna,/ˈɡlæ.na/,形容词,清澈的，明亮的。,原生词根。
1269,glænen,/ˈɡlænən/,动词,变成清澈。,「glæna」+ 后缀 -en（变成）。
1270,glænji,/ˈɡlænd͡ʒi/,动词,使清澈。,「glæna」+ 后缀 -ji（使动）。
1271,glænli,/ˈɡlænli/,副词,清澈地。,「glæna」+ 后缀 -li（副词化）。
1272,glanru,/ˈɡlanru/,名词,亲戚。,原生词根。
1273,glara,/ˈɡlaʁa/,名词,木棍。,原生词根。
1274,glas,/ˈɡlas/,名词,酒杯。,源自德语「Glas」。
1275,glaski,/ˈɡlaskʰi/,名词,蜂蜜。,原生词根。
1276,glata,/ˈɡla.tʰa/,形容词,光滑的。,原生词根。
1277,glaten,/ˈɡlatʰən/,动词,变成光滑。,「glata」+ 后缀 -en（变成）。
1278,glatji,/ˈɡlatʰd͡ʒi/,动词,使光滑。,「glata」+ 后缀 -ji（使动）。
1279,glatli,/ˈɡlatʰli/,副词,光滑地。,「glata」+ 后缀 -li（副词化）。
1280,glatlu,/ˈɡlatʰlu/,名词,时钟。,源自德语「Uhr」。
1281,glatu,/ˈɡlatʰu/,名词,房梁。,原生词根。
1282,glelberof,/ɡləˈlbeʁof/,名词,锁子甲。,源自日耳曼语「mail」。
1283,glem,/ɡləm/,动词,忘记。,"受德语 ""vergessen"" 影响。"
1284,glemabela,/ɡləmaˈbela/,形容词,可忘记的。,「glem」+ 后缀 -bela（可被……的）。
1285,gli,/ˈɡli/,动词,踮脚。,原生词根。
1286,gliare,/ɡliˈaʁə/,名词,菩提。,源自梵语「बोधि」(bodhi)。
1287,glidém,/ˈɡlideːm/,名词,背篓。,原生词根。
1288,gliki,/ˈɡlikʰi/,形容词,甜美的。,源自希腊语「γλυκύς」(glykys)。
1289,glisef,/ˈɡlisəf/,名词,占卜师。,原生词根。
1290,gloa,/ˈɡloa/,名词,蛛网。,原生词根。
1291,glóma,/ˈɡloː.ma/,名词,黄昏，暮色。,原生词根。
1292,glómatump,/ɡloː.maˈtʰump/,名词,暮色四合、万物沉静下坠的那一下。,glóma（暮）+ tump（沉）。
1293,glopkoza,/ɡloˈpkʰoza/,形容词,隐约的。,原生词根。
1294,gloria,/ɡloˈʁia/,名词,光荣。,源自拉丁语「gloria」。
1295,gluguf,/ˈɡluɡuf/,动词,磨蹭。,原生词根。
1296,go,/ˈɡo/,名词,棋。,源自日语「碁」(go)。
1297,goal,/ˈɡoal/,名词,目标。,源自英语「goal」。
1298,goaltokino,/ɡo.al.tʰoˈkʰi.no/,名词,目标人物。,「goal」（目标，英语 goal）+「tokin」（人）+ -o
1299,goat,/ˈɡoatʰ/,名词,山羊。,源自日耳曼语「goat」。
1300,goatpeda,/ˈɡoat.pʰe.da/,形容词,羊足的。,"「goat」（山羊）+ 拉丁语「pes, pedis」（足）"
1301,gohan,/ˈɡohan/,名词,米饭。,源自日语「ご飯」(gohan)。
1302,goikuon,/ɡoiˈkʰuon/,名词,春卷。,源自越南语「goi cuon」。
1303,gojli,/ˈɡoj.li/,副词,喜悦地。,「gojo」+ 副词化 -li。
1304,gojo,/ˈɡod͡ʒo/,名词,喜悦。,源自世界语「ĝojo」。
1305,gokan,/ˈɡokʰan/,名词,蜂蜡。,原生词根。
1306,golabki,/ɡoˈlabkʰi/,名词,卷心菜卷。,源自波兰语「golabki」。
1307,golup,/ˈɡolup/,名词,鸽。,源自斯拉夫语「golub」。
1308,gonkar,/ˈɡoŋkʰaɹ/,名词,陶轮。,源自斯拉夫语「gonchar」。
1309,gonko,/ˈɡoŋkʰo/,名词,锣。,源自马来语「gong」。
1310,gonunså,/ɡoˈnunsɔː/,名词,轮子。,原生词根。
1311,gorgo,/ˈɡoɹ.ɡo/,名词,喉咙。,源自法语「gorge」。
1312,gós,/ˈɡoːs/,名词,鹅。,源自日耳曼语「goose」。
1313,goskini,/ɡoˈskʰini/,形容词,好客的。,源自波兰语「goscinny」。
1314,gøtfo,/ˈɡøtʰfo/,名词,巨龙。,原生词根。
1315,gozi,/ˈɡozi/,名词,弩。,原生词根。
1316,græ,/ˈɡræ/,动词,喷嚏。,原生词根。
1317,grablo,/ˈɡrablo/,名词,耙。,源自斯拉夫语「grabl」。
1318,grada,/ˈɡra.da/,名词,程度，等级。,源自拉丁语「gradus」
1319,gradaçia,/ɡradaˈsia/,名词,毕业。,源自拉丁语「gradatio」。
1320,gradatim,/ɡraˈdatʰim/,副词,逐渐。,源自拉丁语「gradatim」。
1321,graflu,/ˈɡraflu/,名词,花火。,源自日语「花火」(hanabi)。
1322,gramatika,/ɡramaˈtʰikʰa/,名词,语法。,源自拉丁语「grammatica」。
1323,gramatikos,/ɡramaˈtʰikʰos/,名词,语法学家。,源自希腊语「γραμματικός」(grammatikos)。
1324,gramo,/ˈgʁa.mo/,名词,克，公克。,源自法语「gramme」
1325,granda,/ˈɡran.da/,形容词,大的（强调抽象概念）。,"英语 ""grand""。"
1326,grandanimó,/ɡran.ˈda.ni.moː/,名词,宽宏大量。,"""granda""（大）+ ""animó""（灵魂）。"
1327,grandarmitrupokorpo,/ɡrand.aɹ.mi.tʰru.poˈkʰoɹ.po/,名词,大批武装部队。,"""granda"" + ""armitrupo"" + ""korpo""。"
1328,granden,/ˈɡrandən/,动词,变成大的（强调抽象概念）。,「granda」+ 后缀 -en（变成）。
1329,grandji,/ˈɡrand͡ʒi/,动词,使大的（强调抽象概念）。,「granda」+ 后缀 -ji（使动）。
1330,grandli,/ˈɡrandli/,副词,大的（强调抽象概念）地。,「granda」+ 后缀 -li（副词化）。
1331,grano,/ˈɡrano/,名词,谷物，谷粒。,源自拉丁语「granum」
1332,grasa,/ˈɡra.sa/,名词,脂肪。,原生词根。
1333,græses,/ˈɡræ.səs/,助词,谢谢。,"拉丁语 ""gratias""。"
1334,grata,/ˈɡra.tʰa/,动词,抓挠。,"拉丁语 ""grattare""。"
1335,gratabela,/ɡratʰaˈbela/,形容词,可抓挠的。,「grata」+ 后缀 -bela（可被……的）。
1336,gratia,/ɡraˈtʰia/,名词,恩惠。,源自拉丁语「gratia」。
1337,gratulari,/ɡratʰuˈlaʁi/,动词,感激。,源自拉丁语「gratulari」。
1338,gratularibela,/ɡratʰulaʁiˈbela/,形容词,可感激的。,「gratulari」+ 后缀 -bela（可被……的）。
1339,gratulo,/ɡraˈtʰulo/,名词,祝贺。,源自世界语「gratulo」。
1340,græzé,/ˈɡræzeː/,动词,冲刷。,原生词根。
1341,grebef,/ˈɡrebəf/,动词,端详。,原生词根。
1342,greka,/ˈɡrekʰa/,名词,荞麦。,源自俄语「гречка」(grechka)。
1343,grenier,/ɡrəˈniəɹ/,名词,阁楼。,源自法语「grenier」。
1344,grenzo,/ˈɡrenzo/,名词,边境。,源自德语「Grenze」。
1345,greprø,/ˈɡreprø/,名词,庭院。,原生词根。
1346,grevon,/ˈɡrevon/,动词,沉淀。,原生词根。
1347,grifo,/ˈɡrifo/,名词,把手。,源自德语「Griff」。
1348,gripso,/ˈɡripso/,名词,狮鹫。,源自希腊语「γρύψ」(gryps)。
1349,grisa,/ˈɡri.sa/,形容词,灰色的。,源自法语「gris」
1350,grolzi,/ˈɡrolzi/,名词,烟囱。,原生词根。
1351,grómsa,/ˈɡroːmsa/,名词,橄榄树。,借词「zeytin」。
1352,grozibova,/ɡroziˈbova/,名词,蘑菇汤。,源自波兰语「grzybowa」。
1353,grulkæ,/ˈɡrulkʰæ/,名词,旷野。,原生词根。
1354,gruo,/ˈɡruo/,名词,鹤。,源自拉丁语「grus」。
1355,grupo,/ˈɡru.po/,名词,组，群。,源自意大利语「gruppo」。
1356,gubernar,/ɡuˈbeɹ.naɹ/,动词,控制，掌管。,源自拉丁语「gubernare」
1357,gubernatio,/ɡubəɹnaˈtʰio/,名词,治理。,源自拉丁语「gubernatio」。
1358,ĝudo,/ˈd͡ʒudo/,名词,柔道。,源自日语「柔道」(judo)。
1359,gufatbe,/ɡuˈfatʰbə/,名词,学徒。,原生词根。
1360,gúfke,/ˈɡuːfkʰə/,名词,沙漠。,原生词根。
1361,guflefbat,/ɡuˈflefbatʰ/,名词,尺度。,原生词根。
1362,guitara,/ɡuiˈtʰaɹra/,名词,吉他。,源自西班牙语「guitarra」。
1363,gúkpa,/ˈɡuːkʰpa/,副词,轻盈地。,原生词根。
1364,gukpehut,/ɡuˈkʰpehutʰ/,动词,凸起。,原生词根。
1365,gulai,/ɡuˈlai/,名词,咖喱。,源自马来语「gulai」。
1366,gúlam,/ˈɡuːlam/,名词,马鞍。,原生词根。
1367,ĝuravlo,/d͡ʒuˈʁavlo/,名词,鹤。,源自俄语「журавль」(zhuravl)。
1368,gúrma,/ˈɡuːɹma/,名词,车轴。,原生词根。
1369,gurtel,/ˈɡuɹtʰəl/,名词,皮带。,源自德语「Gürtel」。
1370,guru,/ˈɡuʁu/,名词,古鲁。,源自梵语「गुरु」(guru)。
1371,gustar,/ˈgus.tʰaɹ/,动词,品尝。,源自拉丁语「gustare」
1372,gusti,/ˈɡustʰi/,形容词,浓稠的。,源自俄语「густой」(gustoy)。
1373,gusto,/ˈɡustʰo/,名词,味道。,源自拉丁语「gustus」。
1374,guta,/ˈɡu.tʰa/,名词,滴，液滴。,源自拉丁语「gutta」
1375,guto,/ˈgu.tʰo/,名词,滴。,源自拉丁语「gutta」
1376,guvernó,/ɡu.ˈveɹ.noː/,名词,政府。,"英语 ""government""。"
1377,habili,/haˈbi.li/,形容词,熟练的，灵巧的。,源自拉丁语「habilis」
1378,habitanto,/habiˈtʰantʰo/,名词,居民。,源自法语「habitant」。
1379,hafsé,/ˈhafseː/,名词,车夫。,原生词根。
1380,haiku,/haˈikʰu/,名词,俳句。,源自日语「俳句」(haiku)。
1381,hait,/ˈhaitʰ/,名词,蜜饯。,原生词根。
1382,hakaru,/haˈkʰaʁu/,动词,斟酌。,源自日语「はかる」(hakaru)。
1383,haken,/ˈhakʰən/,名词,钩子。,源自德语「Haken」。
1384,hæla,/ˈhæ.la/,动词,隐藏，躲藏。,原生词根。
1385,hælabela,/hælaˈbela/,形容词,可隐藏的。,「hæla」+ 后缀 -bela（可被……的）。
1386,halo,/ˈhalo/,名词,大厅。,源自日耳曼语「hall」。
1387,halt,/haltʰ/,动词,停。,借世界语 halti。
1388,ham,/ˈham/,动词,炖煮。,源自越南语「ham」。
1389,hamam,/ˈhamam/,名词,浴池。,借词「hamam」。
1390,hámlú,/ˈhaːmluː/,名词,牧人。,原生词根。
1391,hanabi,/haˈnabi/,名词,烟花。,源自日语「花火」(hanabi)。
1392,hanami,/haˈnami/,名词,樱花节。,源自日语「花見」(hanami)。
1393,háó,/ˈhaːoː/,名词,经文。,原生词根。
1394,hápúma,/haːˈpuːma/,形容词,浓密的。,原生词根。
1395,hara,/ˈha.ʁa/,名词,毛发。,原生词根。
1396,hára,/ˈhaː.ʁa/,形容词,高的。,原生词根。
1397,harau,/haˈʁau/,动词,拂拭。,源自日语「払う」(harau)。
1398,hardovar,/haˈɹdovaɹ/,名词,硬件。,源自英语「hardware」。
1399,harem,/ˈhaʁəm/,名词,后宫。,借词「harem」。
1400,háren,/ˈhaːʁən/,动词,变成高。,「hára」+ 后缀 -en（变成）。
1401,hæresis,/hæˈʁesis/,名词,异端。,源自拉丁语「haeresis」。
1402,haridra,/haˈʁidra/,名词,姜黄。,源自梵语「हरिद्रा」(haridra)。
1403,hárji,/ˈhaːɹd͡ʒi/,动词,使高。,「hára」+ 后缀 -ji（使动）。
1404,hárli,/ˈhaːɹli/,副词,高地。,「hára」+ 后缀 -li（副词化）。
1405,harmonia,/haɹmoˈnia/,名词,和谐。,源自拉丁语「harmonia」。
1406,harmoniki,/haɹmoˈnikʰi/,形容词,和谐的。,源自希腊语「ἁρμονικός」(harmonikos)。
1407,haro,/ˈha.ʁo/,名词,头发。,源自德语「Haar」。
1408,harofalo,/ha.ˈʁo.fa.lo/,名词,脱发。,「haro」+「falo」。
1409,harpino,/ˈhaɹ.pi.no/,名词,发卡，发夹。,「hara」（毛发）+ 拉丁语「spina」（针）
1410,hasienda,/hasiˈenda/,名词,庄园。,源自西班牙语「hacienda」。
1411,hæsitar,/ˈhæ.si.taɹ/,动词,犹豫，迟疑。,源自拉丁语「haesitare」
1412,hasta,/ˈhas.tʰa/,形容词,匆忙的。,"德语 ""Hast""。"
1413,hasta-avanc,/ˈhastʰ.a.vank/,动词短语,匆匆划过。,"""hast"" + ""avanc""。"
1414,hasta-avancabela,/hastʰa.avankaˈbela/,形容词,可匆匆划过的。,「hasta-avanc」+ 后缀 -bela（可被……的）。
1415,hasten,/ˈhastʰən/,动词,变成匆忙。,「hasta」+ 后缀 -en（变成）。
1416,hastji,/ˈhastʰd͡ʒi/,动词,使匆忙。,「hasta」+ 后缀 -ji（使动）。
1417,hastli,/ˈhastʰli/,副词,匆忙地。,「hasta」+ 后缀 -li（副词化）。
1418,haswom,/ˈhaswom/,名词,斥候。,原生词根。
1419,haus,/ˈhaus/,名词,房屋。,源自德语「Haus」。
1420,hauto,/ˈhau.tʰo/,名词,皮肤。,原生词根。
1421,havi,/ˈha.vi/,动词,有。,源自拉丁语「habere」。
1422,hebdomas,/həˈbdomas/,名词,星期。,源自拉丁语「hebdomas」。
1423,hef,/ˈhef/,名词,爱欲。,源自梵语「काम」(kama)。
1424,hejmo,/ˈhe.d͡ʒ.mo/,名词,家（情感归属）。,借英语 home。
1425,hekatompo,/həkʰaˈtʰompo/,名词,神庙献祭。,源自希腊语「ἑκατόμβη」(hekatombe)。
1426,hektaro,/həˈkʰtʰaʁo/,名词,公顷。,源自法语「hectare」。
1427,helikopter,/həliˈkʰoptʰəɹ/,名词,直升机。,源自英语「helicopter」。
1428,hélma,/ˈheːl.ma/,名词,头盔。,日耳曼语源。
1429,help,/həlp/,动词,帮助。,借英语 help。
1430,helpanto,/həlˈpan.tʰo/,名词,助手。,helpi + -anto。
1431,helpi,/ˈhelpi/,动词,帮助。,源自世界语「helpi」。
1432,helpo,/ˈhelpo/,名词,帮助。,源自世界语「helpo」。
1433,hemiteos,/həmiˈtʰeos/,名词,半神。,源自希腊语「ἡμίθεος」(hemitheos)。
1434,heortazein,/həoɹtʰaˈzein/,动词,庆祝。,源自希腊语「ἑορτάζειν」(heortazein)。
1435,hepato,/həˈpa.tʰo/,名词,肝脏。,"拉丁语 ""hepar""。"
1436,héra,/ˈheː.ʁa/,名词,主人，领主。,日耳曼语源。
1437,herbo,/ˈheɹ.bo/,名词,草。,"拉丁语 ""herba""。"
1438,herfo,/ˈheɹfo/,名词,竖琴。,原生词根。
1439,heros,/ˈheʁos/,名词,英雄。,源自法语「héros」。
1440,hesita,/ˈhe.si.tʰa/,动词,犹豫，迟疑。,源自拉丁语「haesitare」
1441,Hey,/həj/,叹词,嘿。,第二版新增，拟声词。
1442,hezitar,/heˈzi.taɹ/,动词,犹豫，踌躇。,源自拉丁语「haesitare」
1443,hiæ,/ˈhiæ/,名词,行囊。,原生词根。
1444,hiemorna,/hiəˈmoɹna/,名词,冬天早晨赖在被窝里的那种慵懒安宁。,hiem（冬）+ morn（晨）。
1445,hiemso,/hiˈemso/,名词,冬日。,源自拉丁语「hiems」。
1446,hierau,/hiˈe.ʁau/,副词,昨天。,借拉丁 heri。
1447,higjumpo,/hiˈɡd͡ʒumpo/,名词,跳高。,源自英语「high jump」。
1448,higri,/ˈhiɡri/,形容词,湿润的。,源自希腊语「ὑγρός」(hygros)。
1449,hikinko,/hiˈkʰiŋkʰo/,名词,远足。,源自英语「hiking」。
1450,himnein,/hiˈmnein/,动词,称颂。,源自希腊语「ὑμνεῖν」(hymnein)。
1451,himnos,/ˈhimnos/,名词,赞美诗。,源自希腊语「ὕμνος」(hymnos)。
1452,hiples,/ˈhipləs/,名词,空地。,原生词根。
1453,hipodromos,/hipoˈdromos/,名词,战车赛。,源自希腊语「ἱππόδρομος」(hippodromos)。
1454,hipostasis,/hipoˈstʰasis/,名词,实体。,源自希腊语「ὑπόστασις」(hypostasis)。
1455,hipotesis,/hipoˈtʰesis/,名词,假设。,源自英语「hypothesis」。
1456,hipselofroni,/hipsəloˈfroni/,形容词,高傲的。,源自希腊语「ὑψηλόφρων」(hypselophron)。
1457,hiruáp,/hiˈʁuaːp/,名词,符号。,原生词根。
1458,histion,/hiˈstʰion/,名词,帆。,源自希腊语「ἱστίον」(histion)。
1459,historia,/histʰoˈʁia/,名词,历史。,源自拉丁语「historia」。
1460,hivér,/ˈhi.veː/,名词,冬季。,"法语 ""hiver""。"
1461,ho-,/ho/,前缀,此（指示，表强调）。,自创。
1462,ho-nokt,/ˈho.nokʰtʰ/,名词,此夜。,"""ho-"" + ""nokt""。"
1463,hoangokunko,/hoaŋɡoˈkʰuŋkʰo/,名词,皇宫。,源自越南语「hoang cung」。
1464,hodi,/ˈhø.di/,动词,独立。,原生词根。
1465,hodiau,/hoˈdi.au/,副词,今天。,借拉丁 hodie。
1466,hodibela,/hodiˈbela/,形容词,可独立的。,「hodi」+ 后缀 -bela（可被……的）。
1467,hodie,/hoˈdi.ə/,名词,今天。,"拉丁语 ""hodie""。"
1468,hødŭsus,/høˈdʌsus/,名词,肉汤。,原生词根。
1469,hofe,/ˈhofə/,名词,浅处。,原生词根。
1470,høfro,/ˈhøfro/,名词,凹陷。,原生词根。
1471,holdirir,/hoˈldiʁiɹ/,名词,阴影。,原生词根。
1472,holi,/ˈholi/,形容词,完整的。,源自希腊语「ὅλος」(holos)。
1473,holzo,/ˈholzo/,名词,木材。,源自德语「Holz」。
1474,hom,/hom/,名词,人类。,"拉丁语 ""homo""。"
1475,homa,/ˈhoma/,名词,献祭。,源自梵语「होम」(homa)。
1476,homeco,/hoˈme.ko/,名词,人性。,homo + -eco。
1477,homond,/ˈhomond/,名词,人间。,"""hom"" + ""mond""（世界）。"
1478,honesteko,/honəˈstʰekʰo/,名词,诚实。,源自世界语「honesteco」。
1479,honesti,/hoˈnestʰi/,形容词,诚实的。,源自拉丁语「honestus」。
1480,honor,/ˈhonoɹ/,名词,荣耀。,源自拉丁语「honor」。
1481,honto,/ˈhontʰo/,名词,羞耻。,源自世界语「honto」。
1482,hoplites,/hoˈplitʰəs/,名词,重装步兵。,源自希腊语「ὁπλίτης」(hoplites)。
1483,hora,/ˈho.ʁa/,名词,小时。,"拉丁语 ""hora""。"
1484,horaro,/hoˈʁa.ʁo/,名词,日程表，时间表。,horo + -aro。
1485,horizont,/ho.ʁiˈzontʰ/,名词,地平线。,"英语 ""horizon""。"
1486,horloĝ,/ˈhoɹlod͡ʒ/,名词,钟表。,源自法语「horloge」。
1487,hormon,/ˈhoɹmon/,名词,激素。,源自英语「hormone」。
1488,horo,/ˈho.ʁo/,名词,小时。,借拉丁 hora。
1489,horoloĝium,/hoʁoloˈd͡ʒium/,名词,计时器。,源自拉丁语「horologium」。
1490,horseridinko,/hoɹsəʁiˈdiŋkʰo/,名词,骑马。,源自英语「horse riding」。
1491,hortus,/ˈhoɹtʰus/,名词,花园。,源自拉丁语「hortus」。
1492,hos,/ˈhos/,名词,裤子。,源自德语「Hose」。
1493,hotel,/ˈhotʰəl/,名词,旅馆。,源自法语「hôtel」。
1494,hresta,/ˈhres.tʰa/,动词,休息，暂停。,原生词根。
1495,hrestabela,/hrəstʰaˈbela/,形容词,可休息的。,「hresta」+ 后缀 -bela（可被……的）。
1496,hrestinte,/hresˈtʰin.tʰe/,分词,休息过后（hresta 的过去分词）。,「hresta」(休息) + 过去分词 -inte
1497,hudol,/ˈhudol/,名词,棉布。,原生词根。
1498,humanita,/huˈmanita/,形容词,人道的，博爱的。,源自拉丁语「humanitas」
1499,humera,/huˈme.ra/,名词,肩膀。,源自拉丁语「humerus」
1500,humil,/ˈhu.mil/,名词,谦虚。,原生词根。
1501,humila,/hu.ˈmi.la/,形容词,谦虚的。,"""humil"" 派生。"
1502,humilen,/huˈmilən/,动词,变成谦虚。,「humila」+ 后缀 -en（变成）。
1503,humili,/huˈmili/,副词/形容词,谦虚地；谦逊的。,「humila」+ 后缀 -li；源自拉丁语「humilis」。
1504,humilji,/huˈmild͡ʒi/,动词,使谦虚。,「humila」+ 后缀 -ji（使动）。
1505,humiltermon,/hu.milˈtʰeɹ.mon/,名词,谦卑的措辞。,"""humil""（谦卑）+ ""termon""（术语）。"
1506,hurma,/ˈhuɹma/,名词,枣。,借词「hurma」。
1507,hutropup,/huˈtʰropup/,名词,咒语。,原生词根。
1508,huzú,/ˈhuzuː/,名词,粥。,原生词根。
1509,iaĝna,/iˈad͡ʒna/,名词,火祭。,源自梵语「यज्ञ」(yajna)。
1510,iagoda,/iaˈɡoda/,名词,莓果。,源自俄语「ягода」(yagoda)。
1511,iakmen,/iˈakʰmən/,名词,大麦。,源自俄语「ячмень」(yachmen)。
1512,iam,/ˈiam/,副词,已经。,源自拉丁语「iam」。
1513,ianagi,/iaˈnaɡi/,名词,柳。,源自日语「柳」(yanagi)。
1514,iari,/iˈaʁi/,名词,长枪。,源自日语「槍」(yari)。
1515,iaser,/iˈasəɹ/,动词,投掷。,源自拉丁语「iacere」。
1516,iaserabela,/iasəʁaˈbela/,形容词,可投掷的。,「iaser」+ 后缀 -bela（可被……的）。
1517,ibi,/ˈibi/,名词,漩涡。,原生词根。
1518,ibie,/iˈbi.ə/,副词,在那里。,第二版新增，原创词。
1519,ibrik,/ˈibrikʰ/,名词,铜壶。,借词「ibrik」。
1520,iĉo,/ˈitʃo/,名词,银杏。,源自日语「銀杏」(icho)。
1521,idea,/iˈdea/,名词,理念。,源自希腊语「ἰδέα」(idea)。
1522,idonfef,/iˈdonfəf/,名词,平原。,原生词根。
1523,ieiunium,/iəiuˈnium/,名词,斋戒。,源自拉丁语「ieiunium」。
1524,iel,/ˈiəl/,名词,云杉。,源自俄语「ель」(yel)。
1525,ieniceri,/iəniˈkeʁi/,名词,禁卫军。,借词「yeniceri」。
1526,ífa,/ˈiː.fa/,代词,某，某个（不定代词）。,原生词根。
1527,ifi,/ˈifi/,名词,剑柄。,原生词根。
1528,ignoser,/iˈɡnosəɹ/,动词,原谅。,源自拉丁语「ignoscere」。
1529,igo,/ˈiɡo/,名词,围棋。,源自日语「囲碁」(igo)。
1530,ika,/ˈikʰa/,名词,藤蔓。,原生词根。
1531,íka,/ˈiːkʰa/,名词,头巾。,原生词根。
1532,ikanmasin,/ikʰaˈnmasin/,名词,腌鱼。,源自马来语「ikan masin」。
1533,ikat,/ˈikʰatʰ/,动词,打结。,源自马来语「ikat」。
1534,ikona,/iˈkʰona/,名词,圣像。,源自拉丁语「icona」。
1535,ikonostas,/ikʰoˈnostʰas/,名词,圣像屏。,源自俄语「иконостас」(ikonostas)。
1536,ikra,/ˈikʰra/,名词,鱼子酱。,源自俄语「икра」(ikra)。
1537,-il,/il/,后缀,工具名词（表器械）。,foto（照片）→ fotil（相机）。
1538,ilahuni,/ilaˈhuni/,形容词,隐晦的。,源自拉丁语「obscurus」。
1539,ilæn,/ˈilæn/,名词,针。,原生词根。
1540,ilegala,/iˈle.ɡa.la/,形容词,违法的，非法的。,源自英语「illegal」
1541,ilrø,/ˈilrø/,名词,铜镜。,原生词根。
1542,ilta,/ˈil.tʰa/,形容词,几乎，差不多的。,原生词根。
1543,ilten,/ˈiltʰən/,动词,变成几乎。,「ilta」+ 后缀 -en（变成）。
1544,iltji,/ˈiltʰd͡ʒi/,动词,使几乎。,「ilta」+ 后缀 -ji（使动）。
1545,iltli,/ˈiltʰli/,副词,几乎地。,「ilta」+ 后缀 -li（副词化）。
1546,ilu,/ˈi.lu/,名词,工具。,"世界语 ""ilo"" 变体。"
1547,iluzio,/iˈlu.zi.o/,名词,错觉，幻觉。,源自拉丁语「illusio」
1548,ima,/ˈima/,形容词,温顺的。,原生词根。
1549,íma,/ˈiː.ma/,副词,几乎，将近。,原生词根。
1550,imago,/iˈmaɡo/,名词,想象。,源自世界语「imago」。
1551,imanvã,/iˈmanvɐ̃/,名词,尘土。,原生词根。
1552,imbis,/imˈbis/,名词,零食，小吃。,源自德语「Imbiss」。
1553,imigranto,/imiˈɡrantʰo/,名词,移民。,源自法语「immigrant」。
1554,imperator,/impəˈʁatʰoɹ/,名词,皇帝。,源自拉丁语「imperator」。
1555,imperium,/impəˈʁium/,名词,帝国。,源自拉丁语「imperium」。
1556,imporesio,/impoʁəˈsio/,名词,印刷。,源自拉丁语「impressio」。
1557,importa,/imˈpoɹ.tʰa/,形容词,重要的。,"拉丁语 ""importare""。"
1558,importen,/iˈmpoɹtʰən/,动词,变成重要。,「importa」+ 后缀 -en（变成）。
1559,importji,/iˈmpoɹtʰd͡ʒi/,动词,使重要。,「importa」+ 后缀 -ji（使动）。
1560,importli,/iˈmpoɹtʰli/,副词,重要地。,「importa」+ 后缀 -li（副词化）。
1561,-ina,/ˈi.na/,后缀,亲昵小称（名）：爱称，小名。,与 -ino 成对，亲昵语域。
1562,inaugurar,/inˈau.ɡu.ʁaɹ/,动词,就职，就任。,源自拉丁语「inaugurare」
1563,incir,/ˈinkiɹ/,名词,无花果树。,借词「incir」。
1564,indekso,/iˈndekʰso/,名词,索引。,源自拉丁语「index」。
1565,indiansovaĝuló,/in.di.an.so.vaˈd͡ʒu.loː/,名词,印第安野蛮人（历史用语）。,"""indian"" + ""sovaĝuló""。"
1566,indigo,/ˈindigo/,名词,靛蓝，深蓝。,源自拉丁语「indicum」
1567,induktio,/induˈkʰtʰio/,名词,归纳。,源自拉丁语「inductio」。
1568,industori,/induˈstʰoʁi/,名词,行业。,源自英语「industry」。
1569,infan,/ˈin.fan/,名词,小孩。,"拉丁语 ""infans""。"
1570,inferiori,/infəʁiˈoʁi/,形容词,低劣的。,源自拉丁语「inferior」。
1571,infirmier,/infiˈɹmiəɹ/,名词,护士。,源自法语「infirmière」。
1572,infoluo,/infoˈluo/,名词,影响。,源自世界语「influo」。
1573,inform,/inˈfoɹm/,动词,告知。,"拉丁语 ""informare""。"
1574,informatio,/infoɹmaˈtʰio/,名词,信息。,源自拉丁语「informatio」。
1575,inĝenieur,/ind͡ʒəniˈeuɹ/,名词,工程师。,源自法语「ingénieur」。
1576,inkongrua,/inˈkʰoŋ.ɡru.a/,形容词,不协调的，格格不入的。,源自拉丁语「incongruens」
1577,-ino,/ˈi.no/,后缀,亲昵小称（男/中性）：昵称。,与 -ina 成对，亲昵语域。
1578,inondation,/inondaˈtʰion/,名词,洪水。,源自法语「inondation」。
1579,insendi,/iˈnsendi/,名词,火灾。,源自法语「incendie」。
1580,insigni,/iˈnsiɡni/,形容词,显著的。,源自拉丁语「insignis」。
1581,insotitutio,/insotʰitʰuˈtʰio/,名词,机构。,源自拉丁语「institutio」。
1582,insotrumentum,/insotʰruˈmentʰum/,名词,乐器。,源自拉丁语「instrumentum」。
1583,-int-,/intʰ/,中缀,过去分词（已经……的）。,penter（画）→ pentinta。
1584,inta,/ˈin.tʰa/,连词,即使，纵然。,原生功能词。
1585,intenta,/inˈten.tʰa/,名词,意图，用意。,源自拉丁语「intentio」
1586,intente,/inˈten.tʰe/,副词,故意地，有意地。,源自拉丁语「intente」
1587,intentorektitudó,/in.tʰen.tʰo.ʁekʰ.tʰi.tʰuˈdoː/,名词,意图的正当性。,"""intento"" + ""rektitudó""。"
1588,inter,/ˈintʰəɹ/,介词,在……之间。,源自拉丁语「inter」。
1589,interesen,/in.tʰeˈʁe.sen/,动词,感兴趣，起兴趣。,intereso（兴趣）+ -en（变成）
1590,intereso,/in.tʰeˈʁe.so/,名词,兴趣。,源自拉丁语「interesse」
1591,internaciona,/in.tʰəɹ.na.kiˈo.na/,形容词,国际的。,源自法语「internationale」。
1592,internakonvulsio,/in.tʰeɹ.na.kʰonˈvul.si.o/,名词,内部动荡。,"""interna"" + ""konvulsio""。"
1593,internet,/iˈntʰeɹnətʰ/,名词,互联网。,源自英语「internet」。
1594,interporetatio,/intʰəɹpoʁətʰaˈtʰio/,名词,解释。,源自拉丁语「interpretatio」。
1595,intesto,/inˈtʰes.tʰo/,名词,肠子。,"拉丁语 ""intestinum""。"
1596,intimonta,/inˈtʰi.mon.tʰa/,形容词,亲密的。,"法语 ""intime""。"
1597,intimonten,/intʰiˈmontʰən/,动词,变成亲密。,「intimonta」+ 后缀 -en（变成）。
1598,intimontji,/intʰiˈmontʰd͡ʒi/,动词,使亲密。,「intimonta」+ 后缀 -ji（使动）。
1599,intimontli,/intʰiˈmontʰli/,副词,亲密地。,「intimonta」+ 后缀 -li（副词化）。
1600,introverta,/intʰroˈveɹtʰa/,形容词,内向的。,源自拉丁语「introvertere」。
1601,intuitio,/in.tuˈi.ti.o/,名词,直觉。,源自拉丁语「intuitio」
1602,invalida,/in.vaˈli.da/,形容词,残疾的，行动不便的。,源自拉丁语「invalidus」
1603,invenir,/iˈnveniɹ/,动词,发现。,源自拉丁语「invenire」。
1604,investigation,/invəstʰiɡaˈtʰion/,名词,调查。,源自英语「investigation」。
1605,investomento,/invəstʰoˈmentʰo/,名词,投资。,源自英语「investment」。
1606,invitar,/inˈvi.tʰaɹ/,动词,邀请。,源自拉丁语「invitare」
1607,ioĝ,/ˈiod͡ʒ/,名词,刺猬。,源自俄语「ёж」(yozh)。
1608,ioga,/iˈoɡa/,名词,瑜伽。,源自梵语「योग」(yoga)。
1609,iogurto,/ioˈɡuɹtʰo/,名词,酸奶。,借词「yogurt」。
1610,iom,/ˈiom/,副词,一点，少许。,源自世界语「iom」。
1611,ioroi,/ioˈʁoi/,名词,铠甲。,源自日语「鎧」(yoroi)。
1612,ipírim,/iˈpiːʁim/,名词,畜棚。,原生词根。
1613,iplenu,/iˈplenu/,名词,峭壁。,原生词根。
1614,ipnǽmha,/iˈpnæːmha/,形容词,黏稠的。,原生词根。
1615,ipot,/ˈipotʰ/,名词,纹章。,原生词根。
1616,ipse,/ˈipsə/,名词,海怪。,原生词根。
1617,íra,/ˈiː.ʁa/,动词,发怒，生气。,"拉丁语 ""ira""。"
1618,íran,/ˈiː.ʁan/,动词,发怒。,「íra」+ 动词化 -an。
1619,irar,/iˈʁaɹ/,动词,去，走（正式）。,"拉丁语 ""ire"" + ""-ar""。"
1620,irbis,/ˈiɹbis/,名词,雪豹。,源自俄语「ирбис」(irbis)。
1621,irigar,/iˈɹriɡaɹ/,动词,灌溉。,源自拉丁语「irrigare」。
1622,irkuam,/iˈɹkʰuam/,副词,干脆地。,原生词根。
1623,is,/ˈis/,名词,冰雪。,源自日耳曼语「ice」。
1624,Ish,/iʃ/,代词,我，吾（诗歌用）。,原生词根。
1625,ishidoro,/iʃiˈdoʁo/,名词,石灯笼。,源自日语「石灯籠」(ishidoro)。
1626,isi,/ˈisi/,形容词,平等的。,源自希腊语「ἴσος」(isos)。
1627,iskohiri,/iskʰoˈhiʁi/,形容词,强壮的。,源自希腊语「ἰσχυρός」(iskhyros)。
1628,ispanak,/iˈspanakʰ/,名词,菠菜。,借词「ispanak」。
1629,ístra,/ˈiːs.tʰra/,动词,渴望，强烈希望。,原生词根。
1630,ístraswen,/ˈiːs.tʰra.swən/,名词,对远方某处莫名的牵挂，说不清为何。,ístra（渴望）+ swen（牵）。
1631,isvimnak,/iˈsvimnakʰ/,名词,瓦罐。,原生词根。
1632,iter,/ˈi.tʰəɹ/,副词,又，再次。,"拉丁语 ""iterum""。"
1633,itpaf,/ˈitʰpaf/,名词,中心。,原生词根。
1634,itró,/ˈi.tʰroː/,名词,奴隶。,"希腊语 ""δοῦλος"" 变体。"
1635,iukata,/iuˈkʰatʰa/,名词,浴衣。,源自日语「浴衣」(yukata)。
1636,íulse,/iːˈulsə/,名词,扁担。,原生词根。
1637,iurto,/iˈuɹtʰo/,名词,毡房。,借词「yurt」。
1638,ius,/ˈius/,名词,权利。,源自拉丁语「ius」。
1639,iustitia,/iustʰiˈtʰia/,名词,正义。,源自拉丁语「iustitia」。
1640,ix,/iks/,名词,笔。,"拉丁语 ""stilus"" 简化。"
1641,izba,/ˈizba/,名词,木屋。,源自俄语「изба」(izba)。
1642,izolar,/iˈzo.laɹ/,动词,隔离。,源自意大利语「isolare」
1643,jagoda,/d͡ʒaˈɡoda/,名词,蓝莓。,源自波兰语「jagoda」。
1644,jak,/ˈd͡ʒakʰ/,名词,上衣。,源自德语「Jacke」。
1645,japonika,/d͡ʒaˈpo.ni.kʰa/,形容词,日本的。,源自拉丁语「Iaponia」
1646,jardinier,/d͡ʒaɹdiˈniəɹ/,名词,园丁。,源自法语「jardinier」。
1647,jaro,/ˈja.ʁo/,名词,年。,借法语 année 变体。
1648,jinpesilua,/d͡ʒin.pe.ˈsi.lu.a/,形容词,口误的，说错了的。,原生词根（新造）。
1649,join,/ˈd͡ʒo.in/,动词,结合。,"英语 ""join""。"
1650,joka,/ˈjo.kʰa/,形容词,戏谑的，爱开玩笑的。,源自拉丁语「iocosus」
1651,jokosa,/ˈjo.kʰo.sa/,形容词,有趣的，诙谐的。,源自拉丁语「jocosus」
1652,journalistino,/d͡ʒuɹ.na.lisˈtʰi.no/,名词,女记者。,jurnalisto + -ino（阴性）。
1653,journalisto,/d͡ʒouɹnaˈlistʰo/,名词,记者。,源自法语「journaliste」。
1654,judiçia,/d͡ʒuˈdi.si.a/,名词,法律。,词源不详，视为原创词。
1655,judiçiar,/d͡ʒuˈdi.si.aɹ/,动词,审判，裁断。,「judiçia」（法律）+ 动词化 -ar
1656,judiçiastró,/d͡ʒu.di.si.as.tʰə.ˈroː/,名词,法官。,"""judiçia"" + 施动者后缀 ""-astró""。"
1657,judiker,/ˈjudikeɹ/,动词,审判，裁决。,源自拉丁语「judicare」
1658,juna,/ˈd͡ʒu.na/,形容词,年轻的。,源自拉丁语「iuvenis」。
1659,junen,/ˈd͡ʒunən/,动词,变成年轻。,「juna」+ 后缀 -en（变成）。
1660,jungo,/ˈd͡ʒun.ɡo/,动词,连接。,"拉丁语 ""jungere""。"
1661,junji,/ˈd͡ʒund͡ʒi/,动词,使年轻。,「juna」+ 后缀 -ji（使动）。
1662,junli,/ˈd͡ʒunli/,副词,年轻地。,「juna」+ 后缀 -li（副词化）。
1663,jup,/ˈd͡ʒup/,名词,裙子。,源自法语「jupe」。
1664,jupitadien,/d͡ʒu.pi.tʰaˈdi.en/,名词,星期四（木曜日）。,jupita（木星）+ dien。
1665,kabak,/ˈkʰabakʰ/,名词,南瓜。,借词「kabak」。
1666,kabalero,/kʰabaˈleʁo/,名词,游侠。,源自西班牙语「caballero」。
1667,kabinum,/kʰaˈbinum/,名词,内阁。,源自拉丁语「cabinum」。
1668,kablo,/ˈkʰablo/,名词,电缆。,源自英语「cable」。
1669,kabuki,/kʰaˈbukʰi/,名词,歌舞伎。,源自日语「歌舞伎」(kabuki)。
1670,kadali,/kʰaˈdali/,名词,香蕉。,源自梵语「कदली」(kadali)。
1671,kader,/ˈkʰadəɹ/,动词,跌倒。,源自拉丁语「cadere」。
1672,kæder,/ˈkʰædəɹ/,动词,砍伐。,源自拉丁语「caedere」。
1673,kado,/ˈkʰado/,名词,花道。,源自日语「華道」(kado)。
1674,kadro,/ˈkʰadro/,名词,相框。,源自法语「cadre」。
1675,kaf,/ˈkʰaf/,名词,咖啡馆。,源自法语「café」。
1676,kafetier,/kʰafəˈtʰiəɹ/,名词,咖啡壶。,源自法语「cafetière」。
1677,kaĝo,/ˈkʰa.d͡ʒo/,名词,牢笼。,源自意大利语「gabbia」(gabbia) 变体。
1678,kaísi,/kʰaˈiːsi/,名词,杏干。,借词「kayisi」。
1679,kajero,/kʰaˈd͡ʒe.ʁo/,名词,本子，笔记本。,借法语 cahier。
1680,kajo,/ˈkʰa.jo/,名词,站台。,借世界语 kajo。
1681,kakao,/kʰaˈkʰao/,名词,可可。,源自西班牙语「cacao」。
1682,kakul,/ˈkʰakʰul/,名词,豆蔻。,借词「kakule」。
1683,kalcio,/ˈkal.ki.o/,名词,钙。,源自拉丁语「calcium」。
1684,kalefaser,/kʰaləˈfasəɹ/,动词,加热。,源自拉丁语「calefacere」。
1685,kalendarium,/kʰaləndaˈʁium/,名词,日历。,源自拉丁语「calendarium」。
1686,kalidi,/kʰaˈlidi/,形容词,狡猾的。,源自拉丁语「callidus」。
1687,kalkula,/kʰalˈkʰu.la/,动词,计算。,"拉丁语 ""calculare""。"
1688,kalori,/kʰaˈloʁi/,名词,卡路里。,源自英语「calorie」。
1689,kama,/ˈkʰama/,名词,欲望。,源自梵语「काम」(kama)。
1690,kamala,/kʰaˈmala/,名词,荷花。,源自梵语「कमल」(kamala)。
1691,kamaradi,/kʰa.maˈʁa.di/,名词,朋友。,"世界语 ""kamarado""。"
1692,kambiji,/kʰamˈbi.d͡ʒi/,动词,交换。,"世界语 ""ŝanĝi"" 变体 + 使动后缀 ""-ji""。"
1693,kamera,/kʰaˈmeʁa/,名词,摄像机。,源自英语「camera」。
1694,kamp,/kʰamp/,名词,田野。,"第二版新增，源自拉丁语 ""campus""。"
1695,kampaigno,/kʰampaˈiɡno/,名词,竞选。,源自英语「campaign」。
1696,kampana,/kʰaˈmpana/,名词,钟。,源自拉丁语「campana」。
1697,kampanil,/kʰaˈmpanil/,名词,钟楼。,源自拉丁语「campanile」。
1698,kampinko,/kʰaˈmpiŋkʰo/,名词,露营。,源自英语「camping」。
1699,kampio,/kʰamˈpi.o/,名词,原野，田野。,"拉丁语 ""campus"" + ""-io""。"
1700,kampuso,/kʰaˈmpuso/,名词,校园。,源自拉丁语「campus」。
1701,kæn,/kʰæn/,名词,家。,原生词根。
1702,kana,/ˈkʰana/,名词,甘蔗。,源自西班牙语「caña」。
1703,kanalis,/kʰaˈnalis/,名词,运河。,源自拉丁语「canalis」。
1704,kanap,/ˈkʰanap/,名词,沙发。,源自法语「canapé」。
1705,kænen,/ˈkʰæ.nən/,动词,安家，定居。,"""kæn"" + 动词化后缀 ""-en""。"
1706,kano,/ˈkʰano/,名词,水壶。,源自德语「Kanne」。
1707,kanon,/ˈkʰanon/,名词,大炮。,源自英语「cannon」。
1708,kanonika,/kaˈnonika/,形容词,经典的，正统的，典范的。,源自希腊语「κανονικός」(kanonikos)
1709,kansji,/ˈkʰand͡ʒi/,动词,更迭，变换。,原创词。
1710,kant,/kʰantʰ/,名词,歌。,"拉丁语 ""cantus""。"
1711,kantar,/kʰanˈtʰaɹ/,动词,唱歌。,"拉丁语 ""cantare""。"
1712,kaofi,/kʰaˈofi/,名词,气泡。,原生词根。
1713,kaos,/ˈkʰaos/,名词,混乱。,源自拉丁语「chaos」。
1714,kaotiki,/kʰaoˈtʰikʰi/,形容词,混乱的。,源自希腊语「χαοτικός」(chaotikos)。
1715,kapablo,/kaˈpa.blo/,名词,能力。,源自拉丁语「capabilis」
1716,kapal,/ˈkʰapal/,名词,帆船。,源自马来语「kapal」。
1717,kaper,/ˈkʰapəɹ/,动词,抓握。,源自拉丁语「capere」。
1718,kapit,/kʰaˈpitʰ/,动词,抓住。,"拉丁语 ""capere"" 变体。"
1719,kapít,/kʰaˈpiːtʰ/,名词,开头，首。,"拉丁语 ""caput""。"
1720,kapitain,/kʰapiˈtʰain/,名词,上尉。,源自法语「capitaine」。
1721,kapitan,/kʰaˈpitʰan/,名词,船长。,源自西班牙语「capitán」。
1722,kapitulum,/kʰapiˈtʰulum/,名词,篇章。,源自拉丁语「capitulum」。
1723,kaplika,/kʰaˈplikʰa/,名词,礼拜堂。,源自波兰语「kaplica」。
1724,kapo,/ˈkʰa.po/,名词,头。,"拉丁语 ""caput"" 简化。"
1725,kaprico,/kʰaˈpriko/,名词,任性。,源自法语「caprice」。
1726,kaptain,/kʰaˈptʰain/,名词,队长。,源自英语「captain」。
1727,kaptar,/ˈkʰaptʰaɹ/,动词,捕捉。,源自拉丁语「captare」。
1728,kapusta,/kʰaˈpustʰa/,名词,白菜。,源自俄语「капуста」(kapusta)。
1729,kaput,/ˈkʰaputʰ/,名词,首都。,源自拉丁语「caput」。
1730,kar,/ˈkʰaɹ/,名词,汽车。,源自英语「car」。
1731,kár,/ˈkʰaːɹ/,连词,因为。,"世界语 ""ĉar""。"
1732,kara,/ˈkʰa.ʁa/,形容词,心爱的。,源自拉丁语「carus」。
1733,kára,/ˈkʰaː.ʁa/,名词,王，君主。,"拉丁语 ""caesar"" 变体。"
1734,kǽra,/ˈkʰæːʁa/,名词,卫兵。,原生词根。
1735,karanfil,/kʰaˈʁanfil/,名词,康乃馨。,借词「karanfil」。
1736,karat,/ˈkʰaʁatʰ/,名词,空手道。,源自日语「空手」(karate)。
1737,karaté,/kʰa.ʁaˈtʰeː/,名词,把对方看作亲人般的深情（非血缘）。,kara（亲爱）+ té（集合）。
1738,karefour,/kʰaɹrəˈfouɹ/,名词,十字路口。,源自法语「carrefour」。
1739,karen,/ˈkʰaʁən/,动词,变成心爱。,「kara」+ 后缀 -en（变成）。
1740,kareta,/kʰaˈʁetʰa/,名词,马车。,源自俄语「карета」(kareta)。
1741,karikomu,/kʰaʁiˈkʰomu/,动词,修剪。,源自日语「刈り込む」(karikomu)。
1742,karitas,/kʰaˈʁitʰas/,名词,慈爱。,源自拉丁语「caritas」。
1743,karji,/ˈkʰaɹd͡ʒi/,动词,使心爱。,「kara」+ 后缀 -ji（使动）。
1744,karli,/ˈkʰaɹli/,副词,心爱地。,「kara」+ 后缀 -li（副词化）。
1745,karma,/ˈkʰaɹma/,名词,业力。,源自梵语「कर्म」(karma)。
1746,karoto,/kʰaˈʁotʰo/,名词,胡萝卜。,源自法语「carotte」。
1747,karpo,/ˈkʰaɹpo/,名词,鲤鱼。,源自斯拉夫语「karp」。
1748,karser,/ˈkʰaɹsəɹ/,名词,监狱。,源自拉丁语「carcer」。
1749,karuna,/kʰaˈʁuna/,名词,慈悲。,源自梵语「करुणा」(karuna)。
1750,kaserno,/kʰaˈseɹno/,名词,兵营。,源自德语「Kaserne」。
1751,kaserol,/kʰaˈseʁol/,名词,锅。,源自法语「casserole」。
1752,kash,/kʰaʃ/,动词,隐藏。,借世界语 kaŝi。
1753,kasha,/ˈkʰaʃa/,名词,燕麦粥。,源自俄语「каша」(kasha)。
1754,kasho,/ˈkʰaʃo/,名词,现金。,源自英语「cash」。
1755,kasovoi,/kʰasoˈvoi/,名词,哨兵。,源自俄语「часовой」(chasovoy)。
1756,kasta,/ˈkʰas.tʰa/,形容词,贞洁的，纯洁的。,源自拉丁语「castus」
1757,kastelum,/kʰaˈstʰelum/,名词,城堡。,源自拉丁语「castellum」。
1758,kastora,/kʰaˈstʰoʁa/,名词,营地。,源自拉丁语「castra」。
1759,kastorum,/kʰaˈstʰoʁum/,名词,堡垒。,源自拉丁语「castrum」。
1760,kát,/ˈkʰaːtʰ/,名词,苦，苦难。,原生词根（与 katif 使受苦 同根）。
1761,káta,/ˈkʰaː.tʰa/,形容词,命苦的，饥寒交迫的。,原生词根。
1762,katairein,/kʰatʰaiˈʁein/,动词,净化。,源自希腊语「καθαίρειν」(kathairein)。
1763,katalogus,/kʰatʰaˈloɡus/,名词,目录。,源自拉丁语「catalogus」。
1764,katari,/kʰaˈtʰaʁi/,形容词,纯净的。,源自希腊语「καθαρός」(katharos)。
1765,katastorof,/kʰatʰaˈstʰoʁof/,名词,灾难。,源自法语「catastrophe」。
1766,kategoria,/kʰatʰəɡoˈʁia/,名词,范畴。,源自希腊语「κατηγορία」(kategoria)。
1767,káten,/ˈkʰaːtʰən/,动词,变成命苦。,「káta」+ 后缀 -en（变成）。
1768,katif,/ˈkʰa.tʰif/,动词,使受苦。,"""kát"" + 使动后缀 ""-if""。"
1769,kátji,/ˈkʰaːtʰd͡ʒi/,动词,使命苦。,「káta」+ 后缀 -ji（使动）。
1770,kátli,/ˈkʰaːtʰli/,副词,命苦地。,「káta」+ 后缀 -li（副词化）。
1771,katsusva,/kʰaˈtʰsusva/,名词,称量。,原生词根。
1772,kaukhi,/kʰaˈukʰhi/,名词,竹桥。,源自越南语「cau khi」。
1773,kausa,/kʰaˈusa/,名词,原因。,源自拉丁语「causa」。
1774,kauti,/kʰaˈutʰi/,形容词,谨慎的。,源自拉丁语「cautus」。
1775,kautili,/ˈkʰau.tʰi.li/,副词,谨慎地，小心地。,「kauti」（谨慎的，拉丁语 cautus）+ 副词化后缀 -li
1776,kav,/ˈkʰav/,名词,地下室。,源自法语「cave」。
1777,kavak,/ˈkʰavakʰ/,名词,杨树。,借词「kavak」。
1778,ké,/kʰeː/,名词,全世界。,原生词根。
1779,ke,/kʰə/,连词,引导关系从句与名词性从句。,"世界语 ""ke""。"
1780,kebap,/ˈkʰebap/,名词,烤肉串。,借词「kebab」。
1781,keiboarto,/kʰəiboˈaɹtʰo/,名词,键盘。,源自英语「keyboard」。
1782,kekrut,/ˈkʰekʰrutʰ/,名词,卵石。,原生词根。
1783,kelapa,/kʰəˈlapa/,名词,椰子树。,源自马来语「kelapa」。
1784,kelka,/ˈkʰel.kʰa/,不定代词,一些。,"与 ""kelkafoy"" 同根。"
1785,kelkafoy,/kʰəl.kʰaˈfoj/,副词,有时。,"世界语 ""kelkafoje""。"
1786,kembúf,/ˈkʰembuːf/,名词,耳环。,原生词根。
1787,kemeia,/kʰəməˈia/,名词,化学。,源自希腊语「χημεία」(chemeia)。
1788,kéna,/ˈkʰeː.na/,动词,砍，切。,原生词根。
1789,kendo,/ˈkʰendo/,名词,剑道。,源自日语「剣道」(kendo)。
1790,kentauros,/kʰəntʰaˈuʁos/,名词,半人马。,源自希腊语「κένταυρος」(kentauros)。
1791,kerbau,/kʰəˈɹbau/,名词,水牛。,源自马来语「kerbau」。
1792,kereviz,/kʰəˈʁeviz/,名词,芹菜。,借词「kereviz」。
1793,keri,/ˈkʰeʁi/,名词,黄油。,原生词根。
1794,keris,/ˈkʰeʁis/,名词,短剑。,源自马来语「keris」。
1795,kerulea,/keˈʁu.le.a/,形容词,蓝色的。,源自拉丁语「caeruleus」
1796,kervan,/ˈkʰeɹvan/,名词,商队。,借词「kervan」。
1797,kestan,/ˈkʰestʰan/,名词,栗子。,借词「kestane」。
1798,ketam,/ˈkʰetʰam/,名词,蟹。,源自马来语「ketam」。
1799,keto,/ˈkʰetʰo/,名词,锁链。,源自德语「Kette」。
1800,ketupat,/kʰəˈtʰupatʰ/,名词,米糕。,源自马来语「ketupat」。
1801,khanho,/ˈkʰhanho/,名词,青柠。,源自越南语「chanh」。
1802,khata,/ˈkʰhatʰa/,名词,农舍。,源自俄语「хата」(khata)。
1803,khaukhau,/kʰhauˈkʰhau/,名词,蚱蜢。,源自越南语「chau chau」。
1804,khien,/ˈkʰhiən/,动词,油炸。,源自越南语「chien」。
1805,khoiga,/kʰhoˈiɡa/,名词,斗鸡。,源自越南语「choi ga」。
1806,kholep,/ˈkʰholəp/,名词,黑麦面包。,源自俄语「хлеб」(khleb)。
1807,kholev,/ˈkʰholəv/,名词,畜圈。,源自斯拉夫语「khlev」。
1808,khorupki,/kʰhoˈʁupkʰi/,形容词,鲜脆的。,源自俄语「хрупкий」(khrupkiy)。
1809,khuonkohuon,/kʰhuoŋkʰoˈhuon/,名词,蜻蜓。,源自越南语「chuon chuon」。
1810,kial,/ˈkʰi.al/,疑问副词,为什么。,由 ki-（疑问词根）+ al（原因标记）合成。
1811,kialo,/kʰiˈalo/,名词,理由。,源自世界语「kialo」。
1812,kiam,/ˈkʰi.am/,连词,当...时候。,"第二版新增，源自世界语 ""kiam""。"
1813,kibernetik,/kʰibəˈɹnetʰikʰ/,名词,领航。,源自希腊语「κυβερνητική」(kybernetike)。
1814,kie,/ˈkʰi.ə/,疑问副词,哪里。,"与 ""kiu""、""kiom"" 同根。"
1815,kiel,/ˈkʰi.əl/,疑问副词,如何。,"与 ""kiu""、""kiom"" 同根。"
1816,kiem,/ˈkʰi.əm/,名词,教室。,原生词根。
1817,kiklopso,/kʰiˈkʰlopso/,名词,独眼巨人。,源自希腊语「Κύκλωψ」(kyklops)。
1818,kiku,/ˈkʰikʰu/,名词,菊花。,源自日语「菊」(kiku)。
1819,kimion,/kʰiˈmion/,名词,孜然。,借词「kimyon」。
1820,kimono,/kʰiˈmono/,名词,和服。,源自日语「着物」(kimono)。
1821,kinon,/ˈkʰinon/,动词,晃荡。,原生词根。
1822,kio,/ˈkʰi.o/,疑问代词,什么。,"与 ""kiu""、""kiom"" 同根。"
1823,kiom,/kʰi.ˈom/,副词,多少。,"世界语 ""kiom""。"
1824,kipiatit,/kʰipiˈatʰitʰ/,动词,熬煮。,源自俄语「кипятить」(kipyatit)。
1825,kiriti,/kʰiˈʁitʰi/,形容词,利落的。,源自日语「きりっと」(kiritto)。
1826,kisnis,/ˈkʰisnis/,名词,香菜籽。,借词「kisnis」。
1827,kitara,/kʰiˈtʰaʁa/,名词,七弦琴。,源自希腊语「κιθάρα」(kithara)。
1828,kitfa,/ˈkʰitʰfa/,名词,深渊。,原生词根。
1829,kiu,/kʰi.ˈu/,代词,谁。,"世界语 ""kiu""。"
1830,kiudo,/kʰiˈudo/,名词,弓道。,源自日语「弓道」(kyudo)。
1831,klaĉo,/ˈkʰlatʃo/,名词,闲话，流言。,源自德语「Klatsch」。
1832,klaltǽ,/ˈkʰlaltʰæː/,名词,雨季。,原生词根。
1833,klaltis,/ˈkʰlaltʰis/,名词,雨季里空气湿得能拧出水的那种氛围。,klalt（雨季）+ is（湿重）。
1834,klarig,/ˈkʰla.ʁiɡ/,动词,解释。,源自拉丁语「clarificare」。
1835,klaru,/ˈkʰlaʁu/,名词,石臼。,原生词根。
1836,klasamikint,/kʰla.sa.miˈkʰintʰ/,名词,学生时代那种纯粹、再无后来者的友谊。,klasamiko（同学）+ int（纯粹）。
1837,klasamiko,/kʰlasaˈmikʰo/,名词,同学。,「klaso」+「amiko」。
1838,klasĉefo,/ˈkʰlaʃtʃəfo/,名词,班长。,「klaso」+「ĉefo」。
1839,klasifikatio,/kʰlasifikʰaˈtʰio/,名词,分类。,源自拉丁语「classificatio」。
1840,klasis,/ˈkʰlasis/,名词,舰队。,源自拉丁语「classis」。
1841,klaso,/ˈkʰlaso/,名词,班级，年级。,源自拉丁语「classis」。
1842,klasor,/ˈkʰlasoɹ/,名词,田垄。,原生词根。
1843,klastohas,/kʰlaˈstʰohas/,名词,苔藓。,原生词根。
1844,klauder,/kʰlaˈudəɹ/,动词,关闭。,源自拉丁语「claudere」。
1845,klavi,/ˈkʰla.vi/,名词,钥匙，关键。,"拉丁语 ""clavis""。"
1846,klemensi,/kʰləˈmensi/,形容词,仁慈的。,源自拉丁语「clemens」。
1847,kliento,/kʰliˈentʰo/,名词,顾客。,源自法语「client」。
1848,klikvúp,/ˈkʰlikʰvuːp/,名词,面包。,原生词根。
1849,klimbinko,/kʰliˈmbiŋkʰo/,名词,攀登。,源自英语「climbing」。
1850,klin,/kʰlin/,动词,倾斜。,借世界语 klini。
1851,klinik,/ˈkʰlinikʰ/,名词,诊所。,源自德语「Klinik」。
1852,kliptule,/kʰliˈptʰulə/,名词,水井。,原生词根。
1853,kliukva,/kʰliˈukʰva/,名词,红莓。,源自俄语「клюква」(klyukva)。
1854,klíva,/ˈkʰliːva/,名词,盛宴。,原生词根。
1855,klot,/ˈkʰlotʰ/,名词,麻布。,源自日耳曼语「cloth」。
1856,klu,/ˈkʰlu/,名词,正午。,原生词根。
1857,kluski,/ˈkʰluskʰi/,名词,面疙瘩。,源自波兰语「kluski」。
1858,knabo,/ˈkʰnabo/,名词,男孩。,源自世界语「knabo」。
1859,knemis,/ˈkʰnemis/,名词,护胫。,源自希腊语「κνημίς」(knemis)。
1860,kniaz,/ˈkʰniaz/,名词,王公。,源自俄语「князь」(knyaz)。
1861,knigto,/ˈkʰniɡtʰo/,名词,骑士。,源自日耳曼语「knight」。
1862,knopfo,/ˈkʰnopfo/,名词,纽扣。,源自德语「Knopf」。
1863,koaĉ,/ˈkʰoatʃ/,名词,教练。,源自英语「coach」。
1864,koal,/ˈkʰoal/,名词,煤炭。,源自英语「coal」。
1865,kofer,/ˈkʰofəɹ/,名词,皮箱。,源自德语「Koffer」。
1866,kognoser,/kʰoˈɡnosəɹ/,动词,识别。,源自拉丁语「cognoscere」。
1867,kohåzi,/kʰoˈhɔːzi/,名词,长跑。,源自希腊语「Μαραθών」(marathon)。
1868,koifeur,/kʰoiˈfeuɹ/,名词,理发师。,源自法语「coiffeur」。
1869,koiun,/kʰoˈiun/,名词,绵羊。,借词「koyun」。
1870,kokuer,/kʰoˈkʰuəɹ/,动词,烘烤。,源自拉丁语「coquere」。
1871,kolar,/ˈkʰolaɹ/,动词,过滤。,源自拉丁语「colare」。
1872,koler,/kʰo.ˈleɹ/,动词,生气。,借世界语 koleri。
1873,koleri,/kʰoˈle.ʁi/,副词,愤怒地。,「kolero」+ 副词化 -i。
1874,kolero,/kʰoˈleʁo/,名词,愤怒。,源自拉丁语「cholera」。
1875,kolin,/ˈkʰolin/,名词,山丘。,源自法语「colline」。
1876,kolo,/ˈkʰo.lo/,名词,脖子。,原生词根。
1877,kolokuium,/kʰolokʰuˈium/,名词,谈判。,源自拉丁语「colloquium」。
1878,kolonel,/kʰoˈlonəl/,名词,上校。,源自法语「colonel」。
1879,kolonia,/kʰoloˈnia/,名词,殖民地。,源自拉丁语「colonia」。
1880,kolor,/ˈkʰo.loɹ/,名词,颜色。,"拉丁语 ""color""。"
1881,koloratura,/kʰoloʁaˈtʰuʁa/,名词,花腔。,源自意大利语「coloratura」。
1882,kolpako,/kʰoˈlpakʰo/,名词,帽盖。,源自俄语「колпак」(kolpak)。
1883,komaka,/kʰoˈmakʰa/,形容词,精巧的。,源自日语「こまか」(komaka)。
1884,komakaes,/kʰoˈma.kʰa.əs/,名词,精致，精巧。,「komaka」（精巧的，日语 こまか）+ 抽象名词后缀 -es
1885,kombinatio,/kom.biˈna.tʰi.o/,名词,组合，搭配。,源自拉丁语「combinatio」
1886,komenc,/kʰo.ˈmenk/,动词,开始。,借世界语 komenci。
1887,komenco,/kʰoˈmen.ko/,名词,开始。,源自拉丁语「cominitium」（复合词）。
1888,komentarium,/kʰoməntʰaˈʁium/,名词,评论。,源自拉丁语「commentarium」。
1889,komer,/kʰoˈmeɹ/,动词,吃（正式）。,"西班牙语 ""comer""。"
1890,komisariat,/kʰomisaˈʁiatʰ/,名词,警察局。,源自法语「commissariat」。
1891,komisio,/koˈmisio/,名词,佣金，提成，抽成。,源自拉丁语「commissio」
1892,komitatus,/kʰomiˈtʰatʰus/,名词,郡。,源自拉丁语「comitatus」。
1893,komiti,/kʰoˈmitʰi/,名词,委员会。,源自英语「committee」。
1894,komoda,/ˈkʰo.mo.da/,形容词,舒适的，安适的。,源自拉丁语「commodus」（舒适的）
1895,komodos,/kʰoˈmodos/,名词,喜剧诗人。,源自希腊语「κωμῳδός」(komodos)。
1896,komoedia,/kʰomoəˈdia/,名词,喜剧。,源自拉丁语「comoedia」。
1897,kompagnon,/kʰoˈmpaɡnon/,名词,同伴。,源自法语「compagnon」。
1898,kompani,/kʰoˈmpani/,名词,公司。,源自英语「company」。
1899,komparar,/kʰoˈmpaʁaɹ/,动词,比较。,源自拉丁语「comparare」。
1900,kompenso,/kʰoˈmpenso/,名词,补偿。,源自拉丁语「compensare」。
1901,kompleksa,/kʰoˈmplekʰsa/,形容词,复杂的。,源自拉丁语「complexus」。
1902,komplet,/kʰomˈpletʰ/,副词,毕竟，完全地。,"拉丁语 ""completus""。"
1903,komponer,/ˈkʰom.po.nəɹ/,动词,组合，拼合。,源自拉丁语「componere」
1904,komporomiso,/kʰompoʁoˈmiso/,名词,妥协。,源自世界语「kompromiso」。
1905,kompren,/kʰomˈpren/,动词,理解，懂。,源自拉丁语「comprehendere」。
1906,komprenar,/kʰom.prəˈnaɹ/,动词,理解。,"世界语 ""kompreni"" 变体。"
1907,komprenli,/komˈpren.li/,副词,理解地，体谅地，会意地。,「kompren」（理解，词典词）+ -li（副词化）
1908,komputer,/kʰoˈmputʰəɹ/,名词,计算机。,源自英语「computer」。
1909,komunaĉarenteçoligó,/kʰo.mu.na.tʃa.ʁen.tʰe.so.liˈɡoː/,名词,共同亲缘关系。,"""komuna"" + ""ĉarenteco"" + ""ligó""。"
1910,komunalwen,/kʰo.mu.nalˈwen/,名词,同代人共有的、无需解释的集体记忆。,komuna（共同）+ wen（印记）。
1911,komuni,/kʰoˈmuni/,形容词,共同的。,源自拉丁语「communis」。
1912,konata,/kʰoˈna.tʰa/,形容词,熟悉的，认识的。,koni（认识）+ -ata。
1913,kondensar,/kʰoˈndensaɹ/,动词,凝结。,源自拉丁语「condensare」。
1914,kondiĉo,/kʰoˈnditʃo/,名词,条件。,源自拉丁语「condicio」。
1915,kóne,/ˈkʰoːnə/,名词,舞者。,原生词根。
1916,konektar,/kʰoˈnekʰ.tʰaɹ/,动词,连接。,"英语 ""connect"" + ""-ar""。"
1917,konekti,/kʰoˈnekʰ.tʰi/,动词,连接。,"""konektar"" 词根。"
1918,konfesio,/kʰonfəˈsio/,名词,忏悔。,源自拉丁语「confessio」。
1919,konfirma,/kʰonˈfiɹ.ma/,形容词,肯定的，确认的。,源自拉丁语「confirmare」
1920,konfitur,/kʰoˈnfitʰuɹ/,名词,果酱。,源自法语「confiture」。
1921,konfluar,/konˈflu.aɹ/,动词,汇合，汇聚。,源自拉丁语「confluere」
1922,konformar,/konˈfor.maɹ/,动词,符合，与…相配。,源自拉丁语「conformare」
1923,konfusa,/ˈkʰon.fu.sa/,形容词,困惑的，混乱的。,源自拉丁语「confusus」
1924,konfuso,/ˈkʰon.fu.so/,名词,困惑，混乱。,源自拉丁语「confusio」
1925,konfuzi,/konˈfu.zi/,形容词,慌乱的，杂乱的。,源自拉丁语「confusus」
1926,koniuratio,/kʰoniuʁaˈtʰio/,名词,密谋。,源自拉丁语「coniuratio」。
1927,konkolusio,/kʰoŋkʰoluˈsio/,名词,结论。,源自拉丁语「conclusio」。
1928,konkoret,/kʰoˈŋkʰoʁətʰ/,名词,混凝土。,源自英语「concrete」。
1929,konkuestio,/kʰoŋkʰuəˈstʰio/,名词,征服。,源自拉丁语「conquestio」。
1930,kónomé,/kʰoːˈnomeː/,名词,林间漏下的日光，一束穿过枝叶的暖阳。,kônno（木）+ mé（漏）——日语「木漏れ日」类意境。
1931,konsento,/kʰoˈnsentʰo/,名词,一致。,源自拉丁语「consensus」。
1932,konserto,/kʰoˈnseɹtʰo/,名词,音乐会。,源自英语「concert」。
1933,konserv,/kʰon.ˈseɹv/,动词,保存。,借世界语 konservi。
1934,konsider,/kʰonˈsi.dəɹ/,动词,考虑。,"拉丁语 ""considerare""。"
1935,konsolo,/kʰoˈnsolo/,名词,安慰。,源自拉丁语「consolatio」。
1936,konsosiatio,/kʰonsosiaˈtʰio/,名词,协会。,源自拉丁语「consociatio」。
1937,konsosien,/kon.soˈsi.en/,动词,意识到，觉察到。,konsosio（意识，词典词）+ -en（进入某状态）
1938,konsosio,/kʰonsoˈsio/,名词,意识。,源自拉丁语「conscientia」。
1939,konsotitution,/kʰonsotʰitʰuˈtʰion/,名词,宪法。,源自英语「constitution」。
1940,konstru,/ˈkʰon.stʰə.ru/,动词,建造。,源自拉丁语「construere」。
1941,konsul,/ˈkʰonsul/,名词,执政官。,源自拉丁语「consul」。
1942,konsulta,/konˈsul.tʰa/,动词,咨询，商议；任顾问。,源自拉丁语「consultare」
1943,kontagier,/konˈtaɡieɹ/,动词,传染，感染。,源自拉丁语「contagiare」
1944,kontaktar,/konˈtak.tʰaɹ/,动词,联系，联络。,源自拉丁语「contactus」
1945,konten,/kʰonˈtʰen/,名词,内容。,"拉丁语 ""contentum""。"
1946,kontenta,/kʰoˈntʰentʰa/,形容词,满意的。,源自世界语「kontenta」。
1947,kontinuar,/kʰontʰiˈnuaɹ/,动词,继续。,源自拉丁语「continuare」。
1948,kontora,/kʰoˈntʰoʁa/,副词,反而。,源自拉丁语「contra」。
1949,kontoraher,/kʰontʰoˈʁahəɹ/,动词,收缩。,源自拉丁语「contrahere」。
1950,kontorakto,/kʰontʰoˈʁakʰtʰo/,名词,合同。,源自英语「contract」。
1951,kontoraudiro,/kʰontʰoʁauˈdiʁo/,名词,矛盾。,源自世界语「kontraʌdiro」。
1952,kontoraueko,/kʰontʰoʁauˈekʰo/,名词,对立。,源自世界语「kontraʌeco」。
1953,kontrakt,/kʰonˈtʰrakʰtʰ/,名词,契约。,"拉丁语 ""contractus""。"
1954,kontraue,/kʰontʰraˈuə/,副词,相反。,源自拉丁语「contra」。
1955,kontributio,/kontriˈbutio/,名词,贡献，功绩。,源自拉丁语「contributio」
1956,konus,/ˈkʰonus/,名词,圆锥。,源自拉丁语「conus」。
1957,konversacio,/kon.veɹˈsa.ti.o/,名词,交谈，谈话。,源自拉丁语「conversatio」
1958,konvi,/ˈkʰon.vi/,动词,邀请，邀约。,源自法语「convier」
1959,konzertosál,/kʰonzəˈɹtʰosaːl/,名词,音乐厅。,源自德语「Konzertsaal」。
1960,kop,/ˈkʰop/,名词,桨。,源自希腊语「κόπη」(kope)。
1961,kopkionaiariba,/kʰopkʰionaiaˈʁiba/,名词,熏鱼。,源自俄语「копчёная рыба」(kopchyonaya ryba)。
1962,kopkit,/ˈkʰopkʰitʰ/,动词,熏制。,源自俄语「коптить」(kopchit)。
1963,kóra,/ˈkʰoː.ʁa/,动词,命令，吩咐。,"拉丁语 ""curare"" 变体。"
1964,kordi,/ˈkʰoɹ.di/,名词,心（情感核心）。,"拉丁语 ""cor""。"
1965,kordivek,/kʰoɹ.diˈvekʰ/,名词,心口微微发紧的预感，说不清是喜是忧。,kordi（心）+ vek（预感）。
1966,kordonier,/kʰoɹdoˈniəɹ/,名词,鞋匠。,源自法语「cordonnier」。
1967,korekta,/kʰoˈʁekʰ.tʰa/,形容词,正确的。,"拉丁语 ""correctus""。"
1968,korekten,/kʰoˈʁekʰtʰən/,动词,变成正确。,「korekta」+ 后缀 -en（变成）。
1969,korektji,/kʰoˈʁekʰtʰd͡ʒi/,动词,使正确。,「korekta」+ 后缀 -ji（使动）。
1970,korektli,/kʰoˈʁekʰtʰli/,副词,正确地。,「korekta」+ 后缀 -li（副词化）。
1971,korida,/kʰoˈɹrida/,名词,斗牛。,源自西班牙语「corrida」。
1972,korno,/ˈkʰoɹ.no/,名词,角。,"拉丁语 ""cornu""。"
1973,koro,/ˈkʰo.ʁo/,名词,心脏，内心。,源自拉丁语「cor」。
1974,kóro,/ˈkʰoː.ʁo/,名词,命令，指挥，号令。,源自词典「kóra」（拉丁语「curare」变体），加 -o 名词化
1975,koros,/ˈkʰoʁos/,名词,合唱团。,源自希腊语「χορός」(choros)。
1976,korpo,/ˈkoɹ.po/,名词,身体。,源自拉丁语「corpus」。
1977,korpogardisto,/kʰoɹ.po.ɡaɹˈdi.stʰo/,名词,保镖。,korpo + gardi + -isto。
1978,korpus,/ˈkʰoɹ.pus/,名词,身体，躯体。,源自拉丁语「corpus」
1979,kort,/kʰoɹtʰ/,名词,宅，院。,"拉丁语 ""cors"" 变体。"
1980,korus,/ˈkʰoʁus/,名词,合唱。,源自拉丁语「chorus」。
1981,køsen,/ˈkʰøsən/,动词,变成青涩。,「køsi」+ 后缀 -en（变成）。
1982,køsi,/ˈkʰø.si/,形容词,青涩的，未成熟的。,原创词。
1983,køsji,/ˈkʰøsd͡ʒi/,动词,使青涩。,「køsi」+ 后缀 -ji（使动）。
1984,kosko,/ˈkʰoskʰo/,名词,凉亭。,借词「kosk」。
1985,køsli,/ˈkʰøsli/,副词,青涩地。,「køsi」+ 后缀 -li（副词化）。
1986,kosmiki,/kʰoˈsmikʰi/,形容词,世俗的。,源自希腊语「κοσμικός」(kosmikos)。
1987,kosmonavto,/kʰosmoˈnavtʰo/,名词,宇航员。,源自俄语「космонавт」(kosmonavt)。
1988,kosmos,/ˈkʰosmos/,名词,宇宙。,源自希腊语「κόσμος」(kosmos)。
1989,kostar,/kʰosˈtʰaɹ/,动词,花费。,"西班牙语 ""costar""。"
1990,kostoswu,/kʰoˈstʰoswu/,名词,砚台。,原生词根。
1991,kostum,/ˈkʰostʰum/,名词,西装。,源自法语「costume」。
1992,kot,/ˈkʰotʰ/,名词,海岸。,源自法语「côte」。
1993,kotacu,/kʰoˈtʰaku/,名词,暖炉。,源自日语「炬燵」(kotatsu)。
1994,kotbírfi,/kʰoˈtʰbiːɹfi/,名词,泥石流。,原生词根。
1995,kotohen,/kʰo.tʰoˈhen/,名词,海岸人家用当地风物煮出的那道家常菜。,kot（海岸）+ ohen（炊）。
1996,kouloir,/kʰouˈloiɹ/,名词,走廊。,源自法语「couloir」。
1997,kouteau,/kʰoutʰəˈau/,名词,刀。,源自法语「couteau」。
1998,kouvertur,/kʰouˈveɹtʰuɹ/,名词,毯子。,源自法语「couverture」。
1999,kov,/ˈkʰov/,名词,牛。,源自日耳曼语「cow」。
2000,koverto,/kʰoˈveɹ.tʰo/,名词,信封。,源自法语「couvert」。
2001,kovrila,/kovˈri.la/,名词,覆盖物，罩；被子。,「kovr-」（覆盖）+ -ilo（工具名词）
2002,kóza,/ˈkʰoːza/,名词,富翁。,原生词根。
2003,Kozak,/ˈkʰo.zakʰ/,名词,哥萨克。,第二版新增。
2004,kra,/kʰra/,助词,是（判断）。,原生功能词。
2005,kraĉa,/ˈkʰra.tʃa/,动词,吐痰。,拟声词根。
2006,kraditol,/kʰraˈditʰol/,名词,河岸。,原生词根。
2007,kraĝen,/ˈkʰrad͡ʒən/,名词,衣领。,源自德语「Kragen」。
2008,kraj,/kʰraj/,连词,和。,斯拉夫语源。
2009,krankenhaus,/kʰraŋkʰəˈnhaus/,名词,医院。,源自德语「Krankenhaus」。
2010,krápa,/ˈkʰraː.pa/,名词,陡崖，峭壁。,原生词根。
2011,krapfa,/ˈkʰrapfa/,名词,石像。,原生词根。
2012,krash,/kʰraʃ/,动词,打破。,原创词。
2013,krǽtúmso,/kʰræːˈtʰuːmso/,名词,斗篷。,原生词根。
2014,krauna,/ˈkʰrau.na/,名词,王冠，顶点。,原生词根。
2015,kravat,/ˈkʰravatʰ/,名词,领带。,源自法语「cravate」。
2016,kre,/kʰrə/,动词,创造。,"拉丁语 ""creare"" 简化。"
2017,kreder,/ˈkʰredəɹ/,动词,相信。,源自拉丁语「credere」。
2018,kredit,/ˈkʰreditʰ/,名词,信用。,源自英语「credit」。
2019,krefpút,/ˈkʰrefpuːtʰ/,名词,盔甲。,原生词根。
2020,krei,/ˈkʰre.i/,动词,创造。,借世界语 krei。
2021,krema,/ˈkre.ma/,名词,霜，乳膏。,源自法语「crème」
2022,kremlo,/ˈkʰremlo/,名词,克里姆林。,源自俄语「кремль」(kreml)。
2023,krepa,/ˈkʰrepa/,名词,波浪。,原生词根。
2024,kreposto,/kʰrəˈpostʰo/,名词,要塞。,源自俄语「крепость」(krepost)。
2025,krepostonoi,/kʰrəpostʰoˈnoi/,名词,农奴。,源自俄语「крепостной」(krepostnoy)。
2026,kreser,/ˈkʰresəɹ/,动词,生长。,源自拉丁语「crescere」。
2027,kresko,/ˈkʰreskʰo/,名词,成长。,源自世界语「kresko」。
2028,kreto,/ˈkʰretʰo/,名词,粉笔。,源自拉丁语「creta」。
2029,kri,/kʰri/,动词,喊叫。,借世界语 krii。
2030,kribar,/kʰriˈbaɹ/,动词,书写（正式）。,"世界语 ""skribi"" + ""-ar""。"
2031,kribo,/ˈkʰri.bo/,名词,书写，笔迹。,借拉丁 scriptum。
2032,krif,/kʰrif/,名词,信。,原创词。
2033,kriflonko,/kʰrifˈlon.kʰo/,名词,信纸。,「krif」（信）+「lonk」（纸）
2034,krimæat,/kʰriˈmæatʰ/,名词,锁。,原生词根。
2035,krimen,/ˈkʰrimən/,名词,罪。,源自拉丁语「crimen」。
2036,Kristnask,/ˈkʰristʰ.naskʰ/,名词,圣诞。,"英语 ""Christmas""。"
2037,Kristnaskarbo,/kʰristʰnaˈskʰaɹbo/,名词,圣诞树。,「Kristnask」+「arbo」。
2038,krít,/ˈkʰriːtʰ/,名词,树叶。,原生词根。
2039,kritika,/kʰriˈtʰikʰa/,名词,批判。,源自拉丁语「critica」。
2040,kritiko,/kʰriˈtʰikʰo/,名词,批评。,源自世界语「kritiko」。
2041,kronika,/kʰroˈnikʰa/,名词,编年史。,源自拉丁语「chronica」。
2042,krubo,/ˈkʰrubo/,名词,螺旋。,源自拉丁语「spira」。
2043,krudeli,/kʰruˈdeli/,形容词,残酷的。,源自拉丁语「crudelis」。
2044,kruk,/ˈkʰrukʰ/,名词,啤酒杯。,源自德语「Krug」。
2045,kruro,/ˈkʰru.ʁo/,名词,腿。,"拉丁语 ""crus""。"
2046,ksohatría,/kʰsohaˈtʰriːa/,名词,刹帝利。,源自梵语「क्षत्रिय」(kshatriya)。
2047,kuai,/kʰuˈai/,名词,码头。,源自法语「quai」。
2048,kuala,/kʰuˈala/,名词,河口。,源自马来语「kuala」。
2049,kualitas,/kʰuaˈlitʰas/,名词,性质。,源自拉丁语「qualitas」。
2050,kuarterfinal,/kʰuaɹtʰəˈɹfinal/,名词,季度赛。,源自英语「quarterfinal」。
2051,kuarteto,/kʰuaˈɹtʰetʰo/,名词,四重奏。,源自意大利语「quartetto」。
2052,kubar,/ˈkʰubaɹ/,动词,躺下。,源自拉丁语「cubare」。
2053,kubus,/ˈkʰubus/,名词,立方体。,源自拉丁语「cubus」。
2054,kudra,/ˈkʰud.ra/,动词,缝纫。,"拉丁语 ""consuere"" 简化。"
2055,kuén,/ˈkʰueːn/,名词,王后。,源自日耳曼语「queen」。
2056,kuies,/kʰuˈiəs/,名词,静止。,源自拉丁语「quies」。
2057,kuiler,/kʰuˈiləɹ/,名词,汤匙。,源自法语「cuillère」。
2058,kuisin,/kʰuˈisin/,名词,厨房。,源自法语「cuisine」。
2059,kuki,/ˈkʰukʰi/,动词,撕扯。,原生词根。
2060,kukus,/ˈkʰukʰus/,动词,蒸。,源自马来语「kukus」。
2061,kukushoka,/kʰukʰuˈʃokʰa/,名词,布谷鸟。,源自斯拉夫语「kukushka」。
2062,kulpo,/ˈkulpo/,名词,过错，罪责；肇事者。,源自拉丁语「culpa」
2063,kultiv,/kʰul.ˈtʰiv/,动词,种植。,借世界语 kultivi。
2064,kulturo,/kʰuˈltʰuʁo/,名词,文化。,源自世界语「kulturo」。
2065,kun,/ˈkʰun/,介词,与，和。,源自世界语「kun」。
2066,kunabla,/ˈku.na.bla/,名词,摇篮。,源自拉丁语「cunabula」
2067,kundalini,/kʰundaˈlini/,名词,昆达里尼。,源自梵语「कुण्डलिनी」(kundalini)。
2068,kune,/ˈkʰu.nə/,副词,共同地。,"世界语 ""kune""。"
2069,kuneje,/kʰuˈne.d͡ʒə/,名词,无需言语、一个眼神就懂的默契。,kune（共同）+ je（相视）。
2070,kunevivio,/kʰunəviˈvio/,名词,相处，共同生活。,「kune」+「vivio」。
2071,kungodien,/kʰuŋɡoˈdiən/,名词,王宫。,源自越南语「cung dien」。
2072,kunin,/ˈkʰunin/,名词,商人。,原生词根。
2073,kupola,/kʰuˈpola/,名词,圆顶。,源自拉丁语「cupola」。
2074,kuraĝigo,/kʰuʁaˈd͡ʒiɡo/,名词,鼓励。,源自世界语「kuraĝigo」。
2075,kurago,/kʰuˈʁaɡo/,名词,勇气。,源自世界语「kuraĝo」。
2076,kurakado,/kʰuʁaˈkʰado/,名词,治疗。,源自世界语「kuracado」。
2077,kurensi,/kʰuˈɹrensi/,名词,货币。,源自英语「currency」。
2078,kurer,/ˈkʰuɹrəɹ/,动词,奔跑。,源自拉丁语「currere」。
2079,kuriositas,/ku.riˈo.si.tas/,名词,好奇心。,源自拉丁语「curiositas」
2080,kurta,/ˈkʰuɹ.tʰa/,形容词,短的。,原生词根。
2081,kurten,/ˈkʰuɹtʰən/,动词,变成短。,「kurta」+ 后缀 -en（变成）。
2082,kurteno,/kʰuɹˈtʰe.no/,名词,窗帘。,借世界语 kurteno。
2083,kurtji,/ˈkʰuɹtʰd͡ʒi/,动词,使短。,「kurta」+ 后缀 -ji（使动）。
2084,kurtli,/ˈkʰuɹtʰli/,副词,短地。,「kurta」+ 后缀 -li（副词化）。
2085,kurus,/ˈkʰuɹrus/,名词,战车。,源自拉丁语「currus」。
2086,kurva,/ˈkʰuɹva/,名词,曲线。,源自拉丁语「curva」。
2087,kush,/kʰuʃ/,动词,躺。,借世界语 kuŝi。
2088,kusha,/ˈkʰu.ʃa/,动词,躺卧。,原生词根。
2089,kutimo,/kʰuˈtʰimo/,名词,习惯。,源自世界语「kutimo」。
2090,kvalifiko,/kʰvaˈli.fi.kʰo/,名词,资格。,源自拉丁语「qualificatio」。
2091,kvalik,/ˈkʰvalikʰ/,动词,赞颂。,源自波兰语「chwalic」。
2092,kvankam,/ˈkʰvan.kʰam/,连词,尽管。,"世界语 ""kvankam""。"
2093,kvas,/ˈkʰvas/,名词,格瓦斯。,源自俄语「квас」(kvas)。
2094,kverelo,/kʰvəˈʁelo/,名词,争吵。,源自世界语「kverelo」。
2095,læ,/ˈlæ/,名词,族人。,原生词根。
2096,-la,/la/,后缀,形容词化（外来词专用）。,第二版新增。示例：tinyénla（理所当然的）。
2097,labi,/ˈlabi/,动词,滑动。,源自拉丁语「labi」。
2098,laborar,/laˈboʁaɹ/,动词,工作。,源自拉丁语「laborare」。
2099,laboratori,/laboʁaˈtʰoʁi/,名词,实验室。,源自英语「laboratory」。
2100,laboremo,/laboˈʁemo/,名词,勤劳。,源自世界语「laboremo」。
2101,laboro,/laˈboʁo/,名词,劳动。,源自拉丁语「labor」。
2102,laca,/ˈlaka/,形容词,累的，疲倦的。,源自拉丁语「lassus」。
2103,lacig,/la.ˈkiɡ/,动词,使疲劳。,借世界语 lacigi。
2104,lafi,/ˈlafi/,名词,州。,源自拉丁语「provincia」。
2105,laga,/ˈlaɡa/,名词,墓地。,原生词根。
2106,lago,/ˈla.ɡo/,名词,湖泊。,"拉丁语 ""lacus""。"
2107,-lai,/lai/,后缀,能够。,第二版新增情态词缀。
2108,laiangolaianko,/laiaŋɡolaiˈaŋkʰo/,名词,风筝。,源自马来语「layang-layang」。
2109,laika,/laˈikʰa/,名词,雪橇犬。,源自俄语「лайка」(layka)。
2110,laiteri,/laiˈtʰeʁi/,名词,乳品店。,源自法语「laiterie」。
2111,lal,/ˈlal/,名词,郁金香。,借词「lale」。
2112,lampo,/ˈlampo/,名词,灯具。,源自法语「lampe」。
2113,lampori,/laˈmpoʁi/,形容词,明亮的。,源自希腊语「λαμπρός」(lampros)。
2114,landapropiaçión,/lan.da.pro.pi.aˈsi.oːn/,名词,土地占有。,"""land"" + ""apropiaçión""。"
2115,lang,/laŋ/,名词,舌头。,"古英语 ""lang""。"
2116,làng,/læŋ/,动词,喜欢。,「lànga」（光）词根；与「am」（爱）相区别。
2117,lànga,/ˈlæŋ.ɡa/,名词/形容词,光，光明；光明的。,原生词根。
2118,làngen,/ˈlæŋ.ɡən/,动词,变成光。,「lànga」+ 后缀 -en（变成）。
2119,làngif,/ˈlæŋ.ɡif/,动词,照亮。,"""lànnga"" + 使动后缀 ""-if""。"
2120,làngji,/ˈlæŋɡ.d͡ʒi/,动词,使光。,「lànga」+ 后缀 -ji（使动）。
2121,làngli,/ˈlæŋɡ.li/,副词,光地。,「lànga」+ 后缀 -li（副词化）。
2122,lanko,/ˈlaŋkʰo/,名词,陵墓。,源自越南语「lang」。
2123,lára,/ˈlaː.ʁa/,形容词,自由的（区别于专名 Libér）。,原生词根。
2124,láren,/ˈlaːʁən/,动词,变成自由的（区别于专名 Libér）。,「lára」+ 后缀 -en（变成）。
2125,larĝa,/ˈlaɹ.d͡ʒa/,形容词,宽阔的。,原生词根。
2126,larĝen,/ˈlaɹd͡ʒən/,动词,变成宽阔。,「larĝa」+ 后缀 -en（变成）。
2127,larĝji,/ˈlaɹd͡ʒd͡ʒi/,动词,使宽阔。,「larĝa」+ 后缀 -ji（使动）。
2128,larĝli,/ˈlaɹd͡ʒli/,副词,宽阔地。,「larĝa」+ 后缀 -li（副词化）。
2129,lárji,/ˈlaːɹd͡ʒi/,动词,使自由的（区别于专名 Libér）。,「lára」+ 后缀 -ji（使动）。
2130,lárli,/ˈlaːɹli/,副词,自由的（区别于专名 Libér）地。,「lára」+ 后缀 -li（副词化）。
2131,larm,/laɹm/,名词,眼泪。,"法语 ""larme""。"
2132,larzalsa,/laˈɹzalsa/,名词,时辰。,原生词根。
2133,lasagna,/laˈsaɡna/,名词,千层面。,源自意大利语「lasagna」。
2134,lasar,/laˈsaɹ/,动词,放开，释放。,"拉丁语 ""laxare""。"
2135,laser,/ˈlasəɹ/,名词,激光。,源自英语「laser」。
2136,låtbegé,/lɔːˈtʰbeɡeː/,名词,石榴树。,借词「nar」。
2137,latera,/laˈte.ra/,名词,侧，边，侧面。,"源自拉丁语「latus, lateris」"
2138,latere,/ˈla.tʰe.ʁe/,副词,侧旁地，在一旁。,"源自拉丁语「latus, lateris」（侧）"
2139,latero,/ˈla.tʰe.ʁo/,名词,侧面，侧边。,"源自拉丁语「latus, lateris」（侧）"
2140,latigo,/laˈtʰiɡo/,名词,鞭子。,源自西班牙语「látigo」。
2141,lato,/ˈla.tʰo/,名词,侧面，一方，方面。,源自拉丁语「latus」（侧面）
2142,lau,/lau/,介词,按照，依照。,造词。
2143,laudo,/laˈudo/,名词,表扬。,源自世界语「laʌdo」。
2144,lauso,/ˈlau.so/,名词,虱子。,原生词根。
2145,laut,/lautʰ/,副词,大声地。,"德语 ""laut""。"
2146,laute,/ˈlau.tʰə/,副词,大声地。,「lau」+ 副词化 -e；与「mallaute」相对。
2147,lava,/ˈla.va/,动词,洗涤。,"拉丁语 ""lavare""。"
2148,lavanga,/laˈvaŋɡa/,名词,丁香。,源自梵语「लवङ्ग」(lavanga)。
2149,lavanta,/laˈvantʰa/,名词,薰衣草。,借词「lavanta」。
2150,leagu,/ləˈaɡu/,名词,联赛。,源自英语「league」。
2151,lefpit,/ˈlefpitʰ/,名词,草堆。,原生词根。
2152,legatus,/ləˈɡatʰus/,名词,使者。,源自拉丁语「legatus」。
2153,leĝio,/ləˈd͡ʒio/,名词,军团。,源自拉丁语「legio」。
2154,legislatúr,/le.ˈɡis.la.tʰuːɹ/,名词,立法机关。,"""legisla"" + 后缀 ""-túr""。"
2155,leklér,/ˈlekʰleːɹ/,名词,炭火。,原生词根。
2156,lekso,/ˈlekʰso/,名词,法律条文。,源自拉丁语「lex」。
2157,lektur,/ˈlekʰtʰuɹ/,名词,演讲。,源自英语「lecture」。
2158,lekú,/ˈlekʰuː/,名词,山腰。,原生词根。
2159,lekva,/ˈlekʰva/,形容词,弯曲的。,原生词根。
2160,lensa,/ˈlen.sa/,名词,镜片，透镜。,源自拉丁语「lens」
2161,lenten,/ˈlentʰən/,动词,变成慢。,「lenti」+ 后缀 -en（变成）。
2162,lenti,/ˈlen.tʰi/,形容词,慢的。,"拉丁语 ""lentus""。"
2163,lentiji,/lənˈtʰi.d͡ʒi/,动词,使慢。,"""lent"" + 使动后缀 ""-ji""。"
2164,lentli,/ˈlentʰli/,副词,慢地。,「lenti」+ 后缀 -li（副词化）。
2165,lento,/ˈlentʰo/,副词,缓慢地。,源自拉丁语「lente」。
2166,leom,/ˈleom/,动词,伸展。,原生词根。
2167,lernar,/ləɹˈnaɹ/,动词,学习。,"德语 ""lernen""。"
2168,leszokzina,/ləszoˈkʰzina/,名词,榛树。,源自波兰语「leszczyna」。
2169,léta,/ˈleː.tʰa/,动词,留下，遗落。,原生词根。
2170,letero,/ləˈtʰe.ʁo/,名词,信件。,借拉丁 littera。
2171,lev,/ləv/,动词,举，抬。,源自拉丁语「levare」。
2172,levi,/ˈlevi/,形容词,轻浮的。,源自拉丁语「levis」。
2173,leviter,/ləˈvitʰəɹ/,副词,轻微地。,源自拉丁语「leviter」。
2174,liabiliti,/liabiˈlitʰi/,名词,负债。,源自英语「liability」。
2175,libelus,/liˈbelus/,名词,剧本。,源自拉丁语「libellus」。
2176,liberar,/liˈbeʁaɹ/,动词,释放。,源自拉丁语「liberare」。
2177,libertas,/liˈbeɹtʰas/,名词,自由。,源自拉丁语「libertas」。
2178,librairi,/libraˈiʁi/,名词,书店。,源自法语「librairie」。
2179,liduú,/liˈduuː/,名词,球门。,源自英语「goal」。
2180,lieutenanto,/liəutʰəˈnantʰo/,名词,中尉。,源自法语「lieutenant」。
2181,lifto,/ˈlif.tʰo/,名词,电梯。,源自英语「lift」。
2182,liga,/ˈli.ɡa/,动词,系，绑。,"拉丁语 ""ligare""。"
2183,ligar,/ˈliɡaɹ/,动词,捆绑。,源自拉丁语「ligare」。
2184,ligno,/ˈliɡ.no/,名词,木头。,源自拉丁语「lignum」。
2185,ligo,/ˈliɡo/,名词,联系。,源自世界语「ligo」。
2186,likeion,/likʰəˈion/,名词,学园。,源自希腊语「λύκειον」(lykeion)。
2187,likri,/ˈlikʰri/,形容词,鲜嫩的。,原生词根。
2188,lilit,/ˈlilitʰ/,动词,缠绕。,源自马来语「lilit」。
2189,lim,/lim/,动词,吃。,原生词根。
2190,limbastono,/limˈbas.tʰo.no/,名词,筷子。,「lim」（吃）+「baston」（棍）
2191,limenmondo,/li.mənˈmon.do/,名词,阈界（书名）。,limen（门槛）+ mondo 复合。
2192,limglaro,/limˈɡlaʁo/,名词,筷子。,「lim」（吃）+「glara」（木棍）复合
2193,limito,/liˈmitʰo/,名词,限制。,源自拉丁语「limes」。
2194,line,/ˈli.nə/,名词,线。,"拉丁语 ""linea""。"
2195,linea,/liˈnea/,名词,直线。,源自拉丁语「linea」。
2196,lingova,/liŋˈɡo.va/,形容词,语言的。,「lingovo」（语言，借世界语 lingvo）+ 形容词词尾 -a
2197,lingovo,/liˈŋɡovo/,名词,语言。,源自拉丁语「lingua」。
2198,liotkik,/liˈotʰkʰikʰ/,名词,飞行员。,源自俄语「лётчик」(lyotchik)。
2199,lipa,/ˈlipa/,名词,椴树。,源自波兰语「lipa」。
2200,lira,/ˈliʁa/,名词,抒情。,源自希腊语「λύρα」(lyra)。
2201,liræn,/ˈli.ʁæn/,名词,深刻情感（超越友谊的灵魂共鸣）。,原生词根。
2202,lirænsil,/liˈʁæn.sil/,名词,心底那团无法言说的百感交集。,liræn（深刻情感）+ sil（堆积）。
2203,lirika,/liˈʁikʰa/,名词,抒情诗。,源自拉丁语「lyrica」。
2204,lisa,/ˈlisa/,名词,狐狸。,源自俄语「лиса」(lisa)。
2205,lita,/ˈlitʰa/,形容词,粗糙的。,原生词根。
2206,litera,/liˈtʰeʁa/,名词,字母。,源自拉丁语「littera」。
2207,literata,/liˈteʁata/,形容词,有书卷气的，有学养的。,源自拉丁语「litteratus」
2208,literatura,/litʰəʁaˈtʰuʁa/,名词,文学。,源自拉丁语「litteratura」。
2209,lito,/ˈli.tʰo/,名词,床。,借拉丁 lectus。
2210,loan,/ˈloan/,名词,贷款。,源自英语「loan」。
2211,lobha,/ˈlobha/,名词,贪婪。,源自梵语「लोभ」(lobha)。
2212,lofel,/ˈlofəl/,名词,勺子。,源自德语「Löffel」。
2213,lóga,/ˈloː.ɡa/,名词,逻辑，理性。,"拉丁语 ""logica""。"
2214,lógai,/ˈloː.gai/,形容词,理性的，合理的。,「lóga」（逻辑，理性）+ 后缀 -i（形容词化）
2215,loĝejo,/loˈd͡ʒe.jo/,名词,住处，住所。,loĝi（居住）+ -ejo（场所）。
2216,logĝia,/loˈɡd͡ʒia/,名词,拱廊。,源自意大利语「loggia」。
2217,lok,/lokʰ/,名词,地方。,"英语 ""location"" 截取。"
2218,loka,/ˈlokʰa/,名词,毛笔。,原生词根。
2219,lokus,/ˈlokʰus/,名词,位置。,源自拉丁语「locus」。
2220,lømi,/ˈlømi/,名词,笛子。,原生词根。
2221,lómú,/ˈloːmuː/,名词,残羹。,原生词根。
2222,lømvir,/ˈlømviɹ/,副词,同时。,源自拉丁语「simul」。
2223,longa,/ˈloŋ.ɡa/,形容词,长的。,"英语 ""long""。"
2224,longe,/ˈloŋɡə/,副词,长久地。,「longa」词根。
2225,longen,/ˈloŋɡən/,动词,变成长。,「longa」+ 后缀 -en（变成）。
2226,longestablíya,/loŋ.ɡə.stʰaˈbliː.ja/,形容词,长期确立的。,"""long"" + ""establíja""。"
2227,longestablíyen,/loŋɡəstʰaˈbliːjən/,动词,变成长期确立。,「longestablíya」+ 后缀 -en（变成）。
2228,longestablíyji,/loŋɡəstʰaˈbliːjd͡ʒi/,动词,使长期确立。,「longestablíya」+ 后缀 -ji（使动）。
2229,longestablíyli,/loŋɡəstʰaˈbliːjli/,副词,长期确立地。,「longestablíya」+ 后缀 -li（副词化）。
2230,longji,/ˈloŋɡd͡ʒi/,动词,使长。,「longa」+ 后缀 -ji（使动）。
2231,longli,/ˈloŋɡli/,副词,长地。,「longa」+ 后缀 -li（副词化）。
2232,longojumpo,/loŋɡoˈd͡ʒumpo/,名词,跳远。,源自英语「long jump」。
2233,lonk,/loŋkʰ/,名词,纸。,原生词根（/h/ 弱化）。
2234,lonkgruo,/loˈŋkʰɡruo/,名词,纸鹤。,「lonk」+「gruo」。
2235,loph,/lof/,代词,你们（复数）。,"""lot"" 的复数。"
2236,lorto,/ˈloɹtʰo/,名词,领主。,源自日耳曼语「lord」。
2237,los,/ˈlos/,名词,驼鹿。,源自波兰语「los」。
2238,losate,/loˈsatʰə/,动词,混合。,源自拉丁语「miscere」。
2239,losgive,/loˈsɡivə/,名词,箭。,原生词根。
2240,loso,/ˈloso/,名词,亏损。,源自英语「loss」。
2241,lot,/lotʰ/,代词,你（单数）。,原生代词。
2242,lotdo,/ˈlotʰdo/,名词,野草。,原生词根。
2243,lua,/ˈlua/,名词,水稻。,源自越南语「lua」。
2244,lŭå,/ˈlʌɔː/,名词,灌木。,原生词根。
2245,lud,/lud/,动词,玩耍。,"拉丁语 ""ludere""。"
2246,ludus,/ˈludus/,名词,竞技。,源自拉丁语「ludus」。
2247,luft,/ˈluftʰ/,名词,空气，大气。,源自德语「Luft」
2248,luk,/ˈlukʰ/,名词,草场。,源自斯拉夫语「lug」。
2249,lum,/lum/,名词,天体（词根）。,"与 ""lànnga""（光）关联。"
2250,lumbildo,/lumˈbil.do/,名词,幻灯片。,lumo（光）+ bildo（图）。
2251,lŭmbŭp,/ˈlʌmbʌp/,名词,魂魄。,原生词根。
2252,lumiére,/luˈmieː.ə/,名词,希望。,"法语借词 ""lumière""。"
2253,lumiéremen,/lu.mjeː.ˈʁe.mən/,名词,绝望里忽然透进的一线微光。,lumiére（希望之光）+ men（进入）。
2254,lumiérif,/lu.miˈeː.rif/,动词,给予希望。,"""lumiére"" + 使动后缀 ""-if""。"
2255,lumig,/lu.ˈmiɡ/,动词,照亮。,借世界语 lumigi。
2256,luna,/ˈluna/,名词,月亮。,源自拉丁语「luna」。
2257,lunadien,/lu.naˈdi.ən/,名词,星期一（月曜日）。,luna（月亮）+ dien（日）。
2258,luraf,/ˈluʁaf/,名词,陶罐。,原生词根。
2259,luser,/ˈlusəɹ/,动词,发光。,源自拉丁语「lucere」。
2260,lúta,/ˈluː.tʰa/,动词,清洁，洗净。,原生词根。
2261,-ma,/ma/,后缀,主格单数。,第二版新增语法词缀。
2262,maĉin,/ˈmatʃin/,名词,机器。,源自英语「machine」。
2263,maĉinegun,/matʃiˈneɡun/,名词,机枪。,源自英语「machine gun」。
2264,macuri,/maˈkuʁi/,名词,祭典。,源自日语「祭り」(matsuri)。
2265,magasin,/maˈɡasin/,名词,商店。,源自法语「magasin」。
2266,magazin,/maˈɡazin/,名词,杂志。,源自英语「magazine」。
2267,magra,/ˈma.ɡra/,形容词,瘦的，消瘦的。,源自拉丁语「macer」（瘦的）
2268,mahabharata,/mahabhaˈʁatʰa/,名词,摩诃婆罗多。,源自梵语「महाभारत」(mahabharata)。
2269,mail,/ˈmail/,名词,邮件。,源自英语「mail」。
2270,mair,/ˈmaiɹ/,名词,市长。,源自法语「maire」。
2271,mairi,/maˈiʁi/,名词,市政厅。,源自法语「mairie」。
2272,maiura,/maiˈuʁa/,名词,孔雀。,源自梵语「मयूर」(mayura)。
2273,mak,/ˈmakʰ/,名词,罂粟籽。,源自波兰语「mak」。
2274,mækbor,/ˈmækʰboɹ/,动词,霉变。,原生词根。
2275,måki,/ˈmɔːkʰi/,动词,蜷缩。,原生词根。
2276,makont,/ˈma.kʰontʰ/,名词,山。,"世界语 ""monto"" 变体。"
2277,maksoheroni,/makʰsohəˈʁoni/,名词,通心粉。,源自意大利语「maccheroni」。
2278,mal-,/mal/,前缀,否定，相反。,"世界语反义前缀 ""mal-""。"
2279,malakra,/maˈla.kʰra/,形容词,钝的。,"""mal-"" + ""akra""。"
2280,malakraji,/malaˈkʰrad͡ʒi/,动词,使钝。,「malakra」+ 后缀 -ji（使动）。
2281,malakrali,/malaˈkʰrali/,副词,钝地。,「malakra」+ 后缀 -li（副词化）。
2282,malakren,/maˈlakʰrən/,动词,变成钝。,「malakra」+ 后缀 -en（变成）。
2283,malamo,/maˈlamo/,名词,仇恨。,源自世界语「malamo」。
2284,malante,/ˈma.lan.tʰe/,副词,在后面；之后。,mal-（相反）+ ante（之前，词典词）
2285,malaper,/ma.la.ˈpeɹ/,动词,消失。,借世界语 malaperi。
2286,malavareko,/malavaˈʁekʰo/,名词,慷慨。,源自世界语「malavareco」。
2287,malbona,/malˈbo.na/,形容词,坏的。,"""mal-"" + ""bona""。"
2288,malbonen,/maˈlbonən/,动词,变成坏。,「malbona」+ 后缀 -en（变成）。
2289,malbonji,/maˈlbond͡ʒi/,动词,使坏。,「malbona」+ 后缀 -ji（使动）。
2290,malbonli,/maˈlbonli/,副词,坏地。,「malbona」+ 后缀 -li（副词化）。
2291,maldekstra,/malˈdekʰ.stʰə.ra/,形容词,左边的。,"""mal-"" + ""dekstra""。"
2292,maldekstraji,/maldəˈkʰstʰe.rad͡ʒi/,动词,使左边。,「maldekstra」+ 后缀 -ji（使动）。
2293,maldekstrali,/maldəˈkʰstʰe.rali/,副词,左边地。,「maldekstra」+ 后缀 -li（副词化）。
2294,maldekstren,/malˈdekʰ.stʰə.rən/,动词,变成左边。,「maldekstra」+ 后缀 -en（变成）。
2295,maldika,/malˈdi.kʰa/,形容词,薄的。,"""mal-"" + ""dika""。"
2296,maldiken,/maˈldikʰən/,动词,变成薄。,「maldika」+ 后缀 -en（变成）。
2297,maldikji,/maˈldikʰd͡ʒi/,动词,使薄。,「maldika」+ 后缀 -ji（使动）。
2298,maldikli,/maˈldikʰli/,副词,薄地。,「maldika」+ 后缀 -li（副词化）。
2299,malfaçila,/malfaˈsila/,形容词,困难的。,「mal-」+「façila」。
2300,malferm,/mal.ˈfeɹm/,动词,打开。,借世界语 malfermi。
2301,malfruen,/maˈlfruən/,动词,变成迟。,「malfrui」+ 后缀 -en（变成）。
2302,malfrui,/malˈfru.i/,形容词,迟的。,"""mal-"" + ""fru""（早）。"
2303,malfruji,/maˈlfrud͡ʒi/,动词,使迟。,「malfrui」+ 后缀 -ji（使动）。
2304,malfruli,/maˈlfruli/,副词,迟地。,「malfrui」+ 后缀 -li（副词化）。
2305,malgojen,/mal.ɡoˈjen/,动词,变成悲伤。,「malgojo」+ 变成后缀 -en。
2306,malgojo,/maˈlɡod͡ʒo/,名词,悲伤。,源自世界语「malĝojo」。
2307,malgranda,/malˈɡran.da/,形容词,小的。,"""mal-"" + ""granda""。"
2308,malgranden,/maˈlɡrandən/,动词,变成小。,「malgranda」+ 后缀 -en（变成）。
2309,malgrandji,/maˈlɡrand͡ʒi/,动词,使小。,「malgranda」+ 后缀 -ji（使动）。
2310,malgrandli,/maˈlɡrandli/,副词,小地。,「malgranda」+ 后缀 -li（副词化）。
2311,malina,/maˈlina/,名词,覆盆子。,源自俄语「малина」(malina)。
2312,malkonsento,/malkʰoˈnsentʰo/,名词,分歧。,源自世界语「malkonsento」。
2313,malkovr,/mal.ˈkʰo.vr/,动词,发现。,借世界语 malkovri。
2314,mallaute,/mal.ˈlau.tʰə/,副词,低声地。,「mal-」+「laute」。
2315,malmolili,/malˈmolili/,副词,坚硬地，生硬地。,「moli」（柔软的）加反义前缀 mal- 与后缀 -li
2316,malmulta,/malˈmul.tʰa/,形容词,少的。,"""mal-"" + ""multa""。"
2317,malmulten,/maˈlmultʰən/,动词,变成少。,「malmulta」+ 后缀 -en（变成）。
2318,malmultji,/maˈlmultʰd͡ʒi/,动词,使少。,「malmulta」+ 后缀 -ji（使动）。
2319,malmultli,/maˈlmultʰli/,副词,少地。,「malmulta」+ 后缀 -li（副词化）。
2320,malnova,/malˈno.va/,形容词,旧的。,"""mal-"" + ""nova""。"
2321,malnoven,/maˈlnovən/,动词,变成旧。,「malnova」+ 后缀 -en（变成）。
2322,malnovji,/maˈlnovd͡ʒi/,动词,使旧。,「malnova」+ 后缀 -ji（使动）。
2323,malnovli,/maˈlnovli/,副词,旧地。,「malnova」+ 后缀 -li（副词化）。
2324,malnovmond,/mal.novˈmond/,名词,旧世界。,malnova（旧）+ mond（世界）。
2325,malproksima,/mal.prokʰˈsi.ma/,形容词,远的。,"""mal-"" + ""proksima""。"
2326,malproksimen,/malproˈkʰsimən/,动词,变成远。,「malproksima」+ 后缀 -en（变成）。
2327,malproksimji,/malproˈkʰsimd͡ʒi/,动词,使远。,「malproksima」+ 后缀 -ji（使动）。
2328,malproksimli,/malproˈkʰsimli/,副词,远地。,「malproksima」+ 后缀 -li（副词化）。
2329,malpura,/malˈpu.ʁa/,形容词,肮脏的。,"""mal-"" + ""pura""。"
2330,malpuren,/maˈlpuʁən/,动词,变成肮脏。,「malpura」+ 后缀 -en（变成）。
2331,malpurli,/maˈlpuɹli/,副词,肮脏地。,「malpura」+ 后缀 -li（副词化）。
2332,malsano,/maˈlsano/,名词,疾病。,源自世界语「malsano」。
2333,malseka,/malˈse.kʰa/,形容词,潮湿的。,"""mal-"" + ""seka""。"
2334,malseken,/maˈlsekʰən/,动词,变成潮湿。,「malseka」+ 后缀 -en（变成）。
2335,malsekli,/maˈlsekʰli/,副词,潮湿地。,「malseka」+ 后缀 -li（副词化）。
2336,malsukseso,/malsuˈkʰseso/,名词,失败。,源自世界语「malsukceso」。
2337,maltrankuiles,/mal.tʰraŋ.kʰuˈi.les/,副词,不安地，焦虑地。,「trankuili」(平静的) 加否定前缀 mal- 与副词后缀 -es
2338,maltrankuili,/mal.traŋ.kʰuˈi.li/,形容词,不安的，心神不宁的。,mal-（相反）+ trankuili（平静的，词典词）
2339,maltrankuilo,/malˈtʰraŋ.kʰui.lo/,名词,不安，心神不宁。,「mal-」+「trankuili」（平静的）
2340,malvarma,/malˈvaɹ.ma/,形容词,寒冷的。,"""mal-"" + ""varma""。"
2341,malvarmali,/malvaˈɹmali/,副词,寒冷地。,「malvarma」+ 后缀 -li（副词化）。
2342,malvarmen,/maˈlvaɹmən/,动词,变成寒冷。,「malvarma」+ 后缀 -en（变成）。
2343,mamo,/ˈma.mo/,名词,乳房。,原生词根。
2344,man,/man/,名词,手。,"拉丁语 ""manus""。"
2345,mana,/ˈmana/,名词,傲慢。,源自梵语「मनस्」(mana)。
2346,mána,/ˈmaː.na/,动词,保持，维持。,"拉丁语 ""manere""。"
2347,mandala,/maˈndala/,名词,曼陀罗。,源自梵语「मण्डल」(mandala)。
2348,mandar,/ˈman.daɹ/,动词,点（餐），订购。,源自拉丁语「mandare」
2349,mandir,/ˈmandiɹ/,名词,寺庙。,源自梵语「मन्दिर」(mandir)。
2350,manga,/ˈmaŋɡa/,名词,漫画。,源自日语「漫画」(manga)。
2351,mangala,/maˈŋɡala/,形容词,吉祥的。,源自梵语「मङ्गल」(mangala)。
2352,mangoĝis,/maˈŋɡod͡ʒis/,名词,山竹。,源自马来语「manggis」。
2353,maniko,/maˈni.kʰo/,名词,袖子。,借拉丁 manica。
2354,mankar,/ˈman.kaɹ/,动词,缺少。,源自拉丁语「mancare」
2355,mano,/ˈmano/,名词,手。,源自拉丁语「manus」。
2356,mansoheto,/mansoˈhetʰo/,名词,袖口。,源自德语「Manschette」。
2357,manteau,/mantʰəˈau/,名词,外套。,源自法语「manteau」。
2358,mantel,/ˈmantʰəl/,名词,大衣。,源自德语「Mantel」。
2359,manteuestai,/mantʰəuəˈstʰai/,动词,占卜。,源自希腊语「μαντεύεσθαι」(manteuesthai)。
2360,manti,/ˈmantʰi/,名词,汤饺。,借词「manti」。
2361,mantila,/maˈntʰila/,名词,披肩。,源自西班牙语「mantilla」。
2362,mantis,/ˈmantʰis/,名词,神谕。,源自希腊语「μάντις」(mantis)。
2363,mantora,/maˈntʰoʁa/,名词,真言。,源自梵语「मन्त्र」(mantra)。
2364,mára,/ˈmaː.ʁa/,名词,田野，旷野。,原生词根。
2365,máræ,/ˈmaːʁæ/,名词,破晓。,原生词根。
2366,maraton,/maˈʁatʰon/,名词,马拉松。,源自英语「marathon」。
2367,marinero,/maʁiˈneʁo/,名词,水手。,源自西班牙语「marinero」。
2368,marka,/ˈmaɹ.kʰa/,名词,标记。,"德语 ""Marke""。"
2369,markapunt,/ˈmaɹ.kʰa.puntʰ/,名词,标记点。,"""marka"" + ""punt""。"
2370,marmo,/ˈmaɹmo/,名词,大理石。,源自意大利语「marmo」。
2371,maro,/ˈma.ʁo/,名词,海。,"与 ""altamaró"" 同根。"
2372,marsia,/maˈɹsia/,名词,进行曲。,源自意大利语「marcia」。
2373,marul,/ˈmaʁul/,名词,生菜。,借词「marul」。
2374,maslenica,/masləˈnika/,名词,狂欢节。,源自俄语「масленица」(maslenitsa)。
2375,mason,/ˈma.son/,名词,电脑。,"英语 ""machine"" 变体。"
2376,masonif,/ˈma.so.nif/,动词,用电脑操作。,"""mason"" + 使动后缀 ""-if""。"
2377,masugu,/maˈsuɡu/,副词,径直地。,源自日语「真っ直ぐ」(massugu)。
2378,matĉa,/ˈmatʰʃa/,名词,抹茶。,源自日语「抹茶」(matcha)。
2379,matematik,/matʰəˈmatʰikʰ/,名词,数学。,源自希腊语「μαθηματική」(mathematike)。
2380,matematikos,/matʰəmaˈtʰikʰos/,名词,数学家。,源自希腊语「μαθηματικός」(mathematikos)。
2381,mateno,/maˈtʰe.no/,名词,早晨。,借拉丁 matutinus。
2382,materia,/matʰəˈʁia/,名词,物质。,源自拉丁语「materia」。
2383,materialo,/ma.tʰeˈʁi.a.lo/,名词,材料，资料。,借拉丁 materia。
2384,matin,/maˈtʰin/,名词,早晨。,"法语 ""matin""。"
2385,matrioshoka,/matʰrioˈʃokʰa/,名词,套娃。,源自俄语「матрёшка」(matryoshka)。
2386,matureser,/matʰuˈʁesəɹ/,动词,成熟。,源自拉丁语「maturescere」。
2387,mauer,/maˈuəɹ/,名词,围墙。,源自德语「Mauer」。
2388,mawasu,/maˈwa.su/,动词,把玩。,源自日语「回す」(mawasu)。
2389,máxima,/ˈmaːkʰ.si.ma/,形容词,最重要的。,"拉丁语 ""maximus""。"
2390,máximen,/maːˈksimən/,动词,变成最重要。,「máxima」+ 后缀 -en（变成）。
2391,máximli,/maːˈksimli/,副词,最重要地。,「máxima」+ 后缀 -li（副词化）。
2392,-mé,/meː/,后缀,主格复数。,第二版新增语法词缀。
2393,meantime,/ˈmeːn.tʰimə/,名词,其间。,英语借入。
2394,meat,/ˈmeatʰ/,名词,蜜酒。,源自日耳曼语「mead」。
2395,medal,/ˈmedal/,名词,奖牌。,源自英语「medal」。
2396,medesin,/məˈdesin/,名词,医生。,源自法语「médecin」。
2397,media,/məˈdia/,名词,媒体。,源自英语「media」。
2398,medieta,/me.diˈe.ta/,名词,一半。,源自拉丁语「medietas」
2399,medikamentum,/mədikʰaˈmentʰum/,名词,药。,源自拉丁语「medicamentum」。
2400,medisina,/mədiˈsina/,名词,医学。,源自拉丁语「medicina」。
2401,medovukha,/mədoˈvukʰha/,名词,蜂蜜酒。,源自俄语「медовуха」(medovukha)。
2402,meí,/ˈmeiː/,名词,甲壳。,原生词根。
2403,mék,/meːkʰ/,动词,死。,原生词根。
2404,mekbua,/məˈkʰbua/,形容词,精明的。,原生词根。
2405,méla,/ˈmeː.la/,名词,磨坊，碾磨。,日耳曼语源。
2406,melioriji,/me.liˈo.ʁi.d͡ʒi/,动词,改进，改善。,源自拉丁语「meliorare」(使变好) + 使动后缀 -iji
2407,melodia,/məloˈdia/,名词,旋律。,源自意大利语「melodia」。
2408,melon,/ˈmelon/,名词,甜瓜。,源自法语「melon」。
2409,mem,/məm/,代词,自己。,"世界语 ""mem""。"
2410,memor,/ˈme.moɹ/,动词,记得。,"拉丁语 ""memor""。"
2411,memorar,/mə.moˈʁaɹ/,动词,记住。,"拉丁语 ""memorare""。"
2412,memori,/məˈmo.ʁi/,名词,记忆。,"拉丁语 ""memoria""。"
2413,mençion,/mənˈsi.on/,动词,提到。,"拉丁语 ""mentionem""。"
2414,mene,/ˈme.nə/,名词,心态，精神。,"拉丁语 ""mens""。"
2415,meneksen,/məˈnekʰsən/,名词,紫罗兰。,借词「meneksen」。
2416,mensa,/ˈmensa/,名词,食堂。,源自拉丁语「mensa」。
2417,mensis,/ˈmensis/,名词,月份。,源自拉丁语「mensis」。
2418,mentir,/ˈmen.tʰiɹ/,动词,说谎。,源自拉丁语「mentiri」
2419,menu,/ˈmenu/,名词,菜单。,源自法语「menu」。
2420,meo,/ˈmeo/,名词,冰层。,原生词根。
2421,mer,/ˈmeɹ/,名词,大海。,源自法语「mer」。
2422,mercimek,/məˈɹkiməkʰ/,名词,扁豆。,借词「mercimek」。
2423,merkurdien,/məɹ.kʰuɹˈdi.en/,名词,星期三（水曜日）。,merkur（水星）+ dien。
2424,mes,/məs/,名词,月。,"拉丁语 ""mensis""。"
2425,meseta,/məˈsetʰa/,名词,高原。,源自西班牙语「meseta」。
2426,mesit,/ˈmesitʰ/,动词,揉面。,源自俄语「месить」(mesit)。
2427,meslum,/məsˈlum/,名词,月光。,"""mes""（月）+ ""lum""（光）。"
2428,meslumilum,/mə.ˈslu.mi.lum/,名词,月亮（不常用）。,"""mes"" + ""lum"" + ""-i"" + ""lum""。"
2429,metafisika,/mətʰafiˈsikʰa/,名词,形而上学。,源自希腊语「μεταφυσική」(metaphysika)。
2430,metal,/ˈmetʰal/,名词,金属。,源自英语「metal」。
2431,meteorologia,/mətʰəoʁoloˈɡia/,名词,气象。,源自希腊语「μετεωρολογία」(meteorologia)。
2432,meter,/ˈmetʰəɹ/,动词,收割。,源自拉丁语「metere」。
2433,meteurensosen,/mətʰəuʁəˈnsosən/,名词,导演。,源自法语「metteur en scène」。
2434,metodus,/məˈtʰodus/,名词,方法。,源自拉丁语「methodus」。
2435,metron,/ˈmetʰron/,名词,音律。,源自希腊语「μέτρον」(metron)。
2436,metve,/ˈmetʰvə/,名词,坚果。,原生词根。
2437,metzoĝerei,/mətʰzod͡ʒəˈʁei/,名词,肉铺。,源自德语「Metzgerei」。
2438,meublo,/məˈublo/,名词,家具。,源自法语「meuble」。
2439,mezo,/ˈmezo/,名词,中音。,源自意大利语「mezzo」。
2440,míabi,/miːˈabi/,形容词,雅致的。,源自日语「雅」(miyabi)。
2441,miagki,/miˈaɡkʰi/,形容词,绵软的。,源自俄语「мягкий」(myagkiy)。
2442,miba,/ˈmiba/,名词,精灵。,原生词根。
2443,micumeru,/mikuˈmeʁu/,动词,细看。,源自日语「見つめる」(mitsumeru)。
2444,midó,/ˈmidoː/,名词,瞭望塔。,原生词根。
2445,mifersit,/miˈfeɹsitʰ/,名词,兜帽。,原生词根。
2446,míful,/ˈmiːful/,副词,缓缓地。,原生词根。
2447,migaku,/miˈɡakʰu/,动词,打磨。,源自日语「磨く」(migaku)。
2448,mikri,/ˈmikʰri/,形容词,微小的。,源自希腊语「μικρός」(mikros)。
2449,mikrofono,/mikʰ.ʁoˈfo.no/,名词,话筒。,借英语 microphone。
2450,mikroskop,/miˈkʰroskʰop/,名词,显微镜。,源自英语「microscope」。
2451,miladien,/mi.laˈdi.ən/,名词,星期二（火曜日）。,mila（火）+ dien（七曜专名之一）。
2452,milenium,/miləˈnium/,名词,千年。,源自拉丁语「millennium」。
2453,milfoy,/ˈmil.foj/,副词/数词,千次。,"""mil""（千）+ ""foy""（次）。"
2454,milko,/ˈmilkʰo/,名词,牛奶。,源自日耳曼语「milk」。
2455,minar,/ˈminaɹ/,名词,宣礼塔。,借词「minare」。
2456,mineral,/miˈneʁal/,名词,矿物质。,源自英语「mineral」。
2457,ministerium,/ministʰəˈʁium/,名词,部。,源自拉丁语「ministerium」。
2458,ministoro,/miniˈstʰoʁo/,名词,部长。,源自法语「ministre」。
2459,minuer,/miˈnuəɹ/,动词,减少。,源自拉丁语「minuere」。
2460,minut,/ˈmi.nutʰ/,名词,分钟。,"英语 ""minute""。"
2461,míra,/ˈmiː.ʁa/,形容词,奇妙的，惊人的。,"拉丁语 ""mirus""。"
2462,míraji,/ˈmiː.ʁa.d͡ʒi/,动词,使惊异，使惊奇。,「míra」+ 使动后缀 -ji。
2463,mírajite,/ˈmiː.ʁa.d͡ʒi.tʰe/,副词,惊讶地，被惊到地。,「míraji」（使惊异）+ 过去分词中缀 -it- + 副词尾 -e
2464,mirakel,/miˈʁa.kʰəl/,名词,奇迹。,"拉丁语 ""miraculum""。"
2465,mírali,/ˈmiː.ʁa.li/,副词,惊讶地，惊奇地。,「míra」（奇妙的，惊人的，词典词）+ -li
2466,mírante,/miːˈʁan.tʰe/,分词,惊讶着，感到惊奇的（míra 的现在分词）。,「míra」(奇妙的，惊人的) + 现在分词 -ante
2467,miraritá,/miˈʁa.ʁi.tʰaː/,形容词,令人赞叹的。,"西班牙语 ""mirar"" 形容词化。"
2468,míren,/ˈmiːʁən/,动词,变成奇妙。,「míra」+ 后缀 -en（变成）。
2469,mírli,/ˈmiːɹli/,副词,奇妙地。,「míra」+ 后缀 -li（副词化）。
2470,miroir,/miˈʁoiɹ/,名词,镜子。,源自法语「miroir」。
2471,miroserkon,/mi.ʁoˈseɹ.kʰon/,动词,珍视，珍惜。,"""mirāri"" + ""servāre"" + 动词化后缀 ""-kon""。"
2472,miser,/ˈmisəɹ/,动词,搅拌。,源自拉丁语「miscere」。
2473,miserikordia,/misəʁikʰoˈɹdia/,名词,怜悯。,源自拉丁语「misericordia」。
2474,misil,/ˈmisil/,名词,导弹。,源自英语「missile」。
2475,misionarius,/misionaˈʁius/,名词,传教士。,源自拉丁语「missionarius」。
2476,miso,/ˈmiso/,名词,味噌。,源自日语「味噌」(miso)。
2477,mistera,/ˈmis.tʰə.ʁa/,形容词,幽的，神秘的。,"英语 ""mystery""。"
2478,misteren,/miˈstʰeʁən/,动词,变成幽。,「mistera」+ 后缀 -en（变成）。
2479,misterli,/miˈstʰeɹli/,副词,幽地。,「mistera」+ 后缀 -li（副词化）。
2480,misto,/ˈmistʰo/,名词,雾气。,源自日耳曼语「mist」。
2481,mistosis,/miˈstʰosis/,名词,雾气浓得化不开的清晨，一切轮廓都柔和了。,misto（雾气）+ sis（浓重）。
2482,mitinko,/miˈtʰiŋkʰo/,名词,会议。,源自英语「meeting」。
2483,mitus,/ˈmitʰus/,名词,神话。,源自拉丁语「mythus」。
2484,mizuoiaru,/mizuoiˈaʁu/,动词,浇灌。,源自日语「水をやる」(mizu o yaru)。
2485,mlnk,/ˈml̩ŋkʰ/,名词,书。,原创词（l=/i/，鼻音同化）。
2486,mobil,/ˈmobil/,名词,手机。,源自英语「mobile」。
2487,mockprocesó,/mokʰ.pro.səˈsoː/,名词,模拟审判。,"""mock"" + ""procesó""。"
2488,model,/moˈdel/,名词,模型。,"法语 ""modèle""。"
2489,moderati,/modəˈʁatʰi/,形容词,温和的。,源自拉丁语「moderatus」。
2490,mofu,/ˈmofu/,名词,裂缝。,原生词根。
2491,moha,/ˈmoha/,名词,愚痴。,源自梵语「मोह」(moha)。
2492,mohikrit,/moˈhikʰritʰ/,名词,冷食。,原生词根。
2493,moira,/moˈiʁa/,名词,命运。,源自希腊语「μοῖρα」(moira)。
2494,moirai,/moiˈʁai/,名词,命运女神。,源自希腊语「μοῖραι」(moirai)。
2495,mokfis,/ˈmokʰfis/,名词,篱笆。,原生词根。
2496,moksoha,/moˈkʰsoha/,名词,解脱。,源自梵语「मोक्ष」(moksha)。
2497,molekula,/moləˈkʰula/,名词,分子。,源自希腊语「molekula」。
2498,molen,/ˈmolən/,动词,变成柔软。,「moli」+ 后缀 -en（变成）。
2499,moli,/ˈmo.li/,形容词,柔软的。,"拉丁语 ""mollis""。"
2500,moliji,/moˈli.d͡ʒi/,动词,使柔软。,"""mol"" + 使动后缀 ""-ji""。"
2501,molot,/ˈmolotʰ/,名词,锤。,源自斯拉夫语「molot」。
2502,moment,/moˈmen.tʰo/,名词,时刻。,"西班牙语 ""momento""。"
2503,momento,/mo.ˈmen.tʰo/,名词,时刻，片刻。,源自拉丁语「momentum」。
2504,momiĝi,/moˈmid͡ʒi/,名词,枫。,源自日语「紅葉」(momiji)。
2505,momnalon,/mom.naˈlon/,名词,独自消受某刻美好时的安然与微微怅然。,momna（独处）+ lon（安然）。
2506,mon,/mon/,代词,他（阳性单数）。,原生代词。
2507,monakho,/moˈnakʰho/,名词,修道士。,源自俄语「монах」(monakh)。
2508,monakus,/moˈnakʰus/,名词,僧侣。,源自拉丁语「monachus」。
2509,monarkia,/monaˈɹkʰia/,名词,君主制。,源自希腊语「μοναρχία」(monarchia)。
2510,monasterium,/monastʰəˈʁium/,名词,修道院。,源自拉丁语「monasterium」。
2511,monato,/moˈna.tʰo/,名词,月（月份）；同义旧形，见 mensis。,借拉丁 mensis 变体。
2512,mond,/mond/,名词,世界。,"第二版新增，源自拉丁语 ""mundus""。"
2513,mondo,/ˈmon.do/,名词,世界。,源自拉丁语「mundus」。
2514,mondom,/monˈdom/,名词,世界（变体，正式）。,"""mondo"" 名词化。"
2515,monialis,/moniˈalis/,名词,修女。,源自拉丁语「monialis」。
2516,monph,/monf/,代词,他们/她们/它们。,"""mon"" 的复数。"
2517,montagno,/moˈntʰaɡno/,名词,雪山。,源自法语「montagne」。
2518,monter,/ˈmon.tʰəɹ/,动词,展示。,源自拉丁语「monstrare」。
2519,morda,/ˈmoɹ.da/,动词,咬。,"拉丁语 ""mordere""。"
2520,morga,/ˈmoɹ.ɡa/,名词,明天。,源自德语「morgen」(Morgen)。
2521,morgau,/moɹˈɡau/,副词,明天。,借法语 demain 变体。
2522,mori,/ˈmoʁi/,形容词,愚昧的。,源自希腊语「μωρός」(moros)。
2523,moro,/ˈmoʁo/,名词,风俗。,源自世界语「moro」。
2524,morofont,/mo.ʁoˈfontʰ/,名词,年复一年同一时节的熟悉感，让人心安又微怅。,moro（风俗）+ font（源头）。
2525,morser,/ˈmoɹsəɹ/,名词,研钵。,源自德语「Mörser」。
2526,mort,/moɹtʰ/,名词,死。,"拉丁语 ""mors""。"
2527,mortiga,/moɹˈtʰi.ɡa/,动词,杀死。,"""mort"" + 使动后缀 ""-iga""。"
2528,morto,/ˈmoɹtʰo/,名词,死亡。,源自世界语「morto」。
2529,mortproklam,/moɹtʰ.proˈkʰlam/,名词,告死。,"""mort"" + ""proklam""。"
2530,mosaiko,/mosaˈikʰo/,名词,镶嵌画。,源自意大利语「mosaico」。
2531,motor,/ˈmotʰoɹ/,名词,电动机。,源自英语「motor」。
2532,motorsiklo,/motʰoˈɹsikʰlo/,名词,摩托车。,源自英语「motorcycle」。
2533,motus,/ˈmotʰus/,名词,运动。,源自拉丁语「motus」。
2534,mous,/ˈmous/,名词,鼠标。,源自英语「mouse」。
2535,moushoir,/mouˈʃoiɹ/,名词,手帕。,源自法语「mouchoir」。
2536,moutarto,/mouˈtʰaɹtʰo/,名词,芥末。,源自法语「moutarde」。
2537,muara,/muˈaʁa/,名词,河口湾。,源自马来语「muara」。
2538,muaroinuok,/muaʁoiˈnuokʰ/,名词,水上木偶。,源自越南语「mua roi nuoc」。
2539,mublå,/ˈmublɔː/,名词,筵席。,原生词根。
2540,muciat,/muˈkiatʰ/,动词,超脱。,源自梵语「मुच्यते」(mucyate)。
2541,muela,/muˈe.la/,动词,磨，碾。,"拉丁语 ""molere""。"
2542,mukludri,/muˈkʰludri/,名词,水槽。,原生词根。
2543,múla,/ˈmuː.la/,动词,移动，变化。,"拉丁语 ""movere"" 变体。"
2544,mulĝer,/ˈmuld͡ʒəɹ/,动词,挤奶。,源自拉丁语「mulgere」。
2545,multa,/ˈmul.tʰa/,形容词/代词,许多。,"第二版新增，源自拉丁语 ""multus""。"
2546,multen,/ˈmultʰən/,动词,变成许多。,「multa」+ 后缀 -en（变成）。
2547,multli,/ˈmultʰli/,副词,许多地。,「multa」+ 后缀 -li（副词化）。
2548,mulu,/ˈmulu/,名词,长辈。,原生词根。
2549,munisipium,/munisiˈpium/,名词,市镇。,源自拉丁语「municipium」。
2550,munus,/ˈmunus/,名词,职责。,源自拉丁语「munus」。
2551,mur,/ˈmuɹ/,名词,墙壁。,源自法语「mur」。
2552,murá,/ˈmuʁaː/,动词,咆哮。,原生词根。
2553,muravei,/muʁaˈvei/,名词,蚂蚁。,源自斯拉夫语「muravey」。
2554,murus,/ˈmuʁus/,名词,城墙。,源自拉丁语「murus」。
2555,musa,/ˈmusa/,名词,缪斯。,源自希腊语「μοῦσα」(musa)。
2556,muse,/ˈmusə/,名词,博物馆。,源自法语「musée」。
2557,musika,/muˈsikʰa/,名词,音乐。,源自拉丁语「musica」。
2558,musisien,/musiˈsiən/,名词,音乐家。,源自法语「musicien」。
2559,mutar,/ˈmutʰaɹ/,动词,改变。,源自拉丁语「mutare」。
2560,mutatio,/mutʰaˈtʰio/,名词,变化。,源自拉丁语「mutatio」。
2561,mutilosi,/mutʰiˈlosi/,形容词,残缺的。,源自希腊语「mutilos」。
2562,muzelomp,/mu.zəˈlomp/,名词,远远飘来、若隐若现的一段乐声。,muzel（乐）+ lomp（远处）。
2563,nafú,/ˈnafuː/,名词,中途。,原生词根。
2564,náfu,/ˈnaːfu/,名词,壁画。,原生词根。
2565,naga,/ˈnaɡa/,名词,眼镜蛇。,源自梵语「नाग」(naga)。
2566,nága,/ˈnaː.ɡa/,副词,从不，永不。,原生词根。
2567,naĝel,/ˈnad͡ʒəl/,名词,钉子。,源自德语「Nagel」。
2568,naginata,/naɡiˈnatʰa/,名词,薙刀。,源自日语「薙刀」(naginata)。
2569,nahata,/naˈhatʰa/,形容词,清凉的。,原生词根。
2570,naias,/naˈias/,名词,水泽仙女。,源自希腊语「ναϊάς」(naias)。
2571,naiplin,/naˈiplin/,名词,缰绳。,原生词根。
2572,nakovalnia,/nakʰovaˈlnia/,名词,铁砧。,源自斯拉夫语「nakovalnya」。
2573,namasto,/naˈmastʰo/,名词,问候。,源自梵语「नमस्ते」(namaste)。
2574,namati,/naˈmatʰi/,动词,膜拜。,源自梵语「नमति」(namati)。
2575,næn,/ˈnæn/,名词,领事。,源自法语「consul」。
2576,nánafe,/naːˈnafə/,名词,船夫。,原生词根。
2577,nanas,/ˈnanas/,名词,菠萝。,源自马来语「nanas」。
2578,naos,/ˈnaos/,名词,神庙。,源自希腊语「ναός」(naos)。
2579,napøri,/naˈpøɹri/,名词,谚语。,原生词根。
2580,nar,/ˈnaɹ/,名词,石榴。,借词「nar」。
2581,næra,/ˈnæ.ʁa/,代词,没有人（否定代词，区别于 neniu）。,原生词根。
2582,nargil,/ˈnaɹɡil/,名词,水烟。,借词「nargile」。
2583,narikela,/naʁiˈkʰela/,名词,椰子。,源自梵语「नारिकेल」(narikela)。
2584,naru,/ˈnaʁu/,名词,奶汁。,原生词根。
2585,nása,/ˈnaː.sa/,名词,鼻子。,原生词根。
2586,nasi,/ˈnasi/,名词,椰子饭。,源自马来语「nasi」。
2587,nasigorenko,/nasiɡoˈʁeŋkʰo/,名词,炒饭。,源自马来语「nasi goreng」。
2588,nasio,/naˈsio/,名词,民族。,源自世界语「nacio」。
2589,nasishokeni,/nasiʃoˈkʰeni/,形容词,醇厚的。,源自俄语「насыщенный」(nasyshchennyy)。
2590,nask,/naskʰ/,动词,出生。,借世界语 naski。
2591,naska,/ˈnaskʰa/,形容词,天生的。,「nask-」词根。
2592,naskigo,/naˈskʰiɡo/,名词,出生。,源自世界语「naskiĝo」。
2593,naskigtago,/naskʰiˈɡtʰaɡo/,名词,生日。,原生复合（nask 出生 + dien 日）。
2594,næstra,/ˈnæs.tʰra/,形容词,狭窄的，紧的。,原生词根。
2595,næstrali,/næˈstʰrali/,副词,狭窄地。,「næstra」+ 后缀 -li（副词化）。
2596,næstren,/ˈnæstʰrən/,动词,变成狭窄。,「næstra」+ 后缀 -en（变成）。
2597,natio,/ˈna.tʰi.o/,名词,民族，国族。,源自拉丁语「natio」
2598,natura,/naˈtʰuʁa/,名词,自然。,源自拉丁语「natura」。
2599,naturali,/naˈtʰu.ʁa.li/,副词,自然地。,「natura」（自然）＋副词化后缀 -li
2600,naus,/ˈnaus/,名词,船只。,源自希腊语「ναῦς」(naus)。
2601,nautik,/naˈutʰikʰ/,名词,航海。,源自希腊语「ναυτική」(nautike)。
2602,nævi,/ˈnævi/,名词,房柱。,原生词根。
2603,nazutan,/naˈzutʰan/,名词,藤条。,原生词根。
2604,ne-,/nə/,前缀,不，非。,"拉丁语 ""ne""。"
2605,nebulo,/ˈne.bu.lo/,名词,雾。,"拉丁语 ""nebula""。"
2606,neces,/nə.ˈkes/,动词,必要。,借世界语 necesi。
2607,nefinitá,/nə.fin.ˈi.tʰaː/,形容词,未完成的。,"""ne-"" + ""fin"" + 后缀 ""-itá""。"
2608,neĝa,/ˈne.d͡ʒa/,名词,雪。,"拉丁语 ""nix"" 派生。"
2609,negociosa,/ne.ɡoˈsi.o.sa/,形容词,忙碌的，事务繁多的。,源自拉丁语「negotiosus」
2610,nei,/ˈnei/,形容词,新颖的。,源自希腊语「νέος」(neos)。
2611,neke,/ˈne.kʰe/,连词,既不…也不…，也不。,源自拉丁语「neque」
2612,nekonatli,/ne.kʰoˈnatʰ.li/,副词,未知地，不知何时。,「ne-」（不）＋「konata」（熟悉的）＋副词化后缀 -li
2613,nélbøl,/ˈneːlbøl/,名词,鱼干。,原生词根。
2614,nenia,/nəˈnia/,形容词,没有任何的。,源自世界语「nenia」。
2615,neniavai,/nə.ni.aˈvai/,副词,绝非，决不是。,nai 强调形式 + 情态 -vai（应该）。
2616,nenomdiĝité,/nə.nom.di.d͡ʒiˈtʰeː/,名词,无名指。,"""ne-"" + ""nom"" + ""diĝité""。"
2617,nep,/ˈnep/,名词,糯米。,源自越南语「nep」。
2618,nepfumi,/nəˈpfumi/,形容词,韧劲的。,源自越南语「dai」。
2619,néra,/ˈneː.ʁa/,动词,接近，靠近（与 proksimi 同义）。,原生词根。
2620,nervosa,/neɹˈvo.sa/,形容词,紧张的，发怵的。,源自拉丁语「nervosus」
2621,nervoza,/ˈner.vo.za/,形容词,紧张的，忐忑不安的。,源自拉丁语「nervosus」
2622,nervus,/ˈneɹ.vus/,名词,神经。,源自拉丁语「nervus」
2623,nesesari,/nəsəˈsaʁi/,形容词,必要的。,源自拉丁语「necessarius」。
2624,nesesario,/nəsəsaˈʁio/,副词,必定。,源自拉丁语「necessario」。
2625,neslebe,/nəˈslebə/,名词,猎物。,原生词根。
2626,nesoka,/nəˈsokʰa/,动词,推搡。,原生词根。
2627,netmó,/ˈnetʰmoː/,名词,胸针。,原生词根。
2628,netvorko,/nəˈtʰvoɹkʰo/,名词,网络。,源自英语「network」。
2629,nevér,/ˈneveːɹ/,名词,乞丐。,原生词根。
2630,nevso,/ˈnevso/,名词,新闻。,源自英语「news」。
2631,nevsopaper,/nəvsoˈpapəɹ/,名词,报纸。,源自英语「newspaper」。
2632,nhaku,/ˈɲakʰu/,名词,稻田屋。,源自越南语「nha que」。
2633,nhan,/ɲan/,名词,龙眼。,源自越南语「nhan」。
2634,nía,/ˈniː.a/,数词,九。,日耳曼词源。
2635,níamens,/niːˈaməns/,名词,九月。,「nía」+「mensis」。
2636,nifua,/niˈfua/,名词,蚁巢。,原生词根。
2637,nigra,/ˈni.ɡra/,形容词,黑色的。,借拉丁 niger。
2638,niĝronta,/nid͡ʒˈʁon.tʰa/,形容词,黑色的。,"拉丁语 ""niger""。"
2639,niĝronten,/niˈd͡ʒrontʰən/,动词,变成黑色。,「niĝronta」+ 后缀 -en（变成）。
2640,niĝrontli,/niˈd͡ʒrontʰli/,副词,黑色地。,「niĝronta」+ 后缀 -li（副词化）。
2641,nihilismo,/nihiˈlismo/,名词,虚无主义。,源自拉丁语「nihil」。
2642,nikmunhék,/niˈkʰmunheːkʰ/,名词,葬礼。,原生词根。
2643,nikzóu,/niˈkʰzoːu/,动词,揉搓。,原生词根。
2644,nilbas,/ˈnilbas/,名词,丘陵。,原生词根。
2645,nimek,/ˈniməkʰ/,名词,背包。,原生词根。
2646,ninĝa,/ˈnind͡ʒa/,名词,忍者。,源自日语「忍者」(ninja)。
2647,nipbe,/ˈnipbə/,名词,地精。,原生词根。
2648,nirbur,/ˈniɹbuɹ/,名词,腌肉。,原生词根。
2649,nirvana,/niˈɹvana/,名词,涅槃。,源自梵语「निर्वाण」(nirvana)。
2650,nísé,/ˈniːseː/,名词,泥沙。,原生词根。
2651,niset,/ˈnisətʰ/,名词,触角。,原生词根。
2652,nivel,/ˈni.vel/,名词,水平，水准。,源自法语「niveau」
2653,nklmdo,/nəkʰˈim.do/,名词,敌人。,原创词（l=/i/，模拟敌对感）。
2654,no,/ˈno/,名词,能剧。,源自日语「能」(no)。
2655,nobilis,/noˈbilis/,名词,贵族。,源自拉丁语「nobilis」。
2656,nod,/ˈnod/,名词,结，绳结（诗歌体用语）。,源自拉丁语「nodus」
2657,noheøn,/ˈno.høːn/,名词,地板。,北欧语言借词。
2658,noheønif,/noˈhøː.nif/,动词,铺地板。,"""noheøn"" + 使动后缀 ""-if""。"
2659,nohut,/ˈnohutʰ/,名词,鹰嘴豆。,借词「nohut」。
2660,nokt,/ˈnokʰtʰ/,名词,夜晚。,"法语 ""nuit"" 与德语 ""Nacht"" 混合。"
2661,nom,/nom/,名词,名字。,"拉丁语 ""nomen""。"
2662,nondum,/ˈnondum/,副词,尚未。,源自拉丁语「nondum」。
2663,nonla,/ˈnonla/,名词,斗笠。,源自越南语「non la」。
2664,nóra,/ˈnoː.ʁa/,名词,北方。,日耳曼语源。
2665,nørbå,/ˈnøɹbɔː/,名词,木屐。,原生词根。
2666,nori,/ˈnoʁi/,名词,海苔。,源自日语「海苔」(nori)。
2667,nosker,/ˈnoskeɹ/,动词,认识，熟悉（某人）。,源自拉丁语「noscere」
2668,nostalga,/nosˈtʰal.ɡa/,形容词,思念的，牵挂的。,「nostalgo」+ 形容词化 -a。
2669,nostalgen,/nosˈtʰal.ɡən/,动词,思念。,「nostalgo」+ 动词化 -en。
2670,nostalgi,/nosˈtʰal.ɡi/,副词,思念地。,「nostalgo」+ 副词化 -i。
2671,nostalĝia,/nostʰaˈld͡ʒia/,名词,怀念，怀旧。,源自希腊语「νοσταλγία」(nostalgia)。
2672,nostalgo,/nosˈtʰal.ɡo/,名词,思念，牵挂。,源自希腊语「νόστος」(nostos) + -o。
2673,nostalvint,/nos.tʰalˈvintʰ/,名词,怀念某个回不去的地方时，心里微微发酸。,nostal（思念）+ vint（酸）。
2674,nota,/ˈnotʰa/,名词,注释。,源自拉丁语「nota」。
2675,notair,/noˈtʰaiɹ/,名词,公证人。,源自法语「notaire」。
2676,nøtar,/ˈnø.tʰaɹ/,动词,记录，写下。,原创词。
2677,nous,/ˈnous/,名词,心智。,源自希腊语「νοῦς」(nous)。
2678,nova,/ˈno.va/,形容词,新的。,"拉丁语 ""novus""。"
2679,novelo,/noˈve.lo/,名词,小说。,源自意大利语「novella」
2680,noven,/ˈnovən/,动词,变成新。,「nova」+ 后缀 -en（变成）。
2681,novigot,/noˈviɡotʰ/,名词,新年。,源自俄语「Новый год」(novy god)。
2682,novli,/ˈnovli/,副词,新地。,「nova」+ 后缀 -li（副词化）。
2683,novzelandi,/nov.zeˈlan.di/,形容词,新西兰的。,源自地名「Novzelando」（新西兰）
2684,nubo,/ˈnu.bo/,名词,云。,"拉丁语 ""nubes""。"
2685,nudelmagasin,/nu.del.maˈɡa.sin/,名词,面馆。,「nudelo」（面条）+「magasin」（商店）
2686,nudelo,/nuˈde.lo/,名词,面条。,源自德语「Nudel」。
2687,nufbálnu,/nuˈfbaːlnu/,名词,誓言。,原生词根。
2688,nufradipa,/nufraˈdipa/,形容词,模糊的。,原生词根。
2689,nulsém,/ˈnulseːm/,名词,湖畔。,原生词根。
2690,numerar,/nuˈmeʁaɹ/,动词,计数。,源自拉丁语「numerare」。
2691,númeri,/ˈnuː.mə.ʁi/,动词,命名。,"拉丁语 ""nōmināre"" + ""-i""。"
2692,nun,/nun/,名词,现在。,原生词根。
2693,nundina,/nuˈndina/,名词,集市日。,源自拉丁语「nundinae」。
2694,nuniai,/nuˈni.a.i/,副词,并不，根本不。,nun（现在）+ nai（否定）强调。
2695,nuntio,/ˈnun.tʰio/,名词,消息，讯息。,源自拉丁语「nuntium」
2696,nuper,/ˈnu.pəɹ/,副词,刚刚，方才。,源自拉丁语「nuper」
2697,nuri,/ˈnuʁi/,名词,鹦鹉。,源自马来语「nuri」。
2698,nŭrí,/ˈnʌʁiː/,名词,史书。,原生词根。
2699,nut,/ˈnutʰ/,名词,螺母。,源自英语「nut」。
2700,obilni,/oˈbilni/,形容词,丰盛的。,源自俄语「обильный」(obilnyy)。
2701,obiter,/ˈo.bi.tʰeɹ/,副词,顺便，另外。,源自拉丁语「obiter」
2702,objektum,/obˈd͡ʒek.tʰum/,名词,物品，物件。,源自拉丁语「obiectum」
2703,oble,/ˈoblə/,名词,倍。,源自拉丁语「-plex」（倍数）。
2704,oblika,/oˈblikʰa/,形容词,斜的，歪斜的。,源自拉丁语「obliquus」
2705,oblivisi,/obliˈvisi/,动词,遗忘。,源自拉丁语「oblivisci」。
2706,oboediar,/oˈbo.e.djaɹ/,动词,服从，听从。,源自拉丁语「oboedire」
2707,oboedientia,/oboədiəˈntʰia/,名词,服从。,源自拉丁语「oboedientia」。
2708,oboedientli,/o.bo.e.diˈent.li/,副词,顺从地，乖巧地。,「oboedientia」（服从，词典词）+ -li（副词化）
2709,obon,/ˈobon/,名词,盂兰盆节。,源自日语「お盆」(obon)。
2710,observar,/oˈbseɹvaɹ/,动词,观察。,源自拉丁语「observare」。
2711,obskura,/obˈsku.ra/,形容词,昏暗的，暗的。,源自拉丁语「obscurus」
2712,obskuren,/obˈsku.ren/,动词,变暗，暗下来。,obskura（昏暗的）+ -en（变成）
2713,obsokuri,/obsoˈkʰuʁi/,形容词,无名的。,源自拉丁语「obscurus」。
2714,oĉa,/ˈotʃa/,名词,绿茶。,源自日语「お茶」(ocha)。
2715,ociosa,/oˈsi.o.sa/,形容词,空闲的，无所事事的。,源自拉丁语「otiosus」
2716,óda,/ˈoː.da/,名词,颂歌，赞美诗。,"拉丁语 ""ode""。"
2717,odoro,/oˈdo.ʁo/,名词,气味。,源自拉丁语「odor」
2718,oép,/ˈoeːp/,名词,露水。,原生词根。
2719,óér,/ˈoːeːɹ/,名词,火山。,原生词根。
2720,ofen,/ˈofən/,名词,炉子。,源自德语「Ofen」。
2721,ofensio,/ofəˈnsio/,名词,进攻。,源自拉丁语「offensio」。
2722,ofiçiroswár,/o.fi.si.ʁosˈwaːɹ/,名词,成群的官员。,"""oficiro"" + ""swár""。"
2723,oficolok,/oˈfi.kʰo.lokʰ/,名词,办公室。,「ofico」（职务）+「lok」（地方）
2724,oficotenúr,/o.fi.ˈko.tʰe.nuːɹ/,名词,职位任期。,"""ofico"" + ""tenúr""。"
2725,ofisier,/ofiˈsiəɹ/,名词,军官。,源自法语「officier」。
2726,ofisium,/ofiˈsium/,名词,义务。,源自拉丁语「officium」。
2727,ófmofã,/oːˈfmofɐ̃/,名词,少年。,原生词根。
2728,ofte,/ˈoftʰə/,副词,经常。,源自德语「oft」。
2729,ogorek,/oˈɡoʁəkʰ/,名词,酸黄瓜。,源自波兰语「ogorek」。
2730,ogorot,/oˈɡoʁotʰ/,名词,菜园。,源自斯拉夫语「ogorod」。
2731,ogurec,/oˈɡuʁək/,名词,黄瓜。,源自俄语「огурец」(ogurets)。
2732,ohea,/oˈhea/,形容词,轻柔的。,原生词根。
2733,ohu,/ˈohu/,名词,木匠。,原生词根。
2734,oignon,/oˈiɡnon/,名词,洋葱。,源自法语「oignon」。
2735,oín,/ˈoiːn/,名词,永恒。,原生词根。
2736,okapu,/oˈkʰapu/,名词,果酒。,原生词根。
2737,okaz,/o.ˈkʰaz/,动词,发生。,借世界语 okazi。
2738,oke,/ˈokʰə/,名词,亚麻。,原生词根。
2739,okmo,/ˈokʰmo/,名词,谷仓。,原生词根。
2740,okne,/ˈokʰnə/,名词,畜群。,原生词根。
2741,oksi,/ˈokʰsi/,形容词,锐利的。,源自希腊语「ὀξύς」(oxys)。
2742,okul,/ˈo.kʰul/,名词,眼睛。,"拉丁语 ""oculus""。"
2743,okulreturne,/o.kʰul.ʁəˈtʰuɹ.nə/,名词,回眸。,"""okul"" + ""returne""。"
2744,okun,/ˈokʰun/,名词,鲈鱼。,源自斯拉夫语「okun」。
2745,okupar,/o.kuˈpaɹ/,动词,忙于，占用。,源自拉丁语「occupare」
2746,okuper,/oˈkʰu.pəɹ/,动词,占据，占用。,源自拉丁语「occupare」
2747,ol,/ol/,连词,比（比较）。,借世界语 ol。
2748,øl,/ˈøːl/,名词,啤酒。,"丹麦语 ""øl""。"
2749,óla,/ˈoː.la/,名词,油，油脂。,"拉丁语 ""oleum""。"
2750,olda,/ˈol.da/,形容词,老的。,"英语 ""old""。"
2751,olden,/ˈoldən/,动词,变成老。,「olda」+ 后缀 -en（变成）。
2752,oldiĝ,/ˈol.did͡ʒ/,动词,变老。,"""old"" + 后缀 ""-iĝ""。"
2753,oldli,/ˈoldli/,副词,老地。,「olda」+ 后缀 -li（副词化）。
2754,oli,/ˈoli/,形容词,凌乱的。,原生词根。
2755,oligarkia,/oliɡaˈɹkʰia/,名词,寡头制。,源自希腊语「ὀλιγαρχία」(oligarchia)。
2756,olimpiakos,/olimpiˈakʰos/,名词,奥林匹克。,源自希腊语「ὀλυμπιακός」(olympiakos)。
2757,olio,/oˈlio/,名词,橄榄油。,源自意大利语「olio」。
2758,olivetum,/oliˈvetʰum/,名词,橄榄园。,源自拉丁语「olivetum」。
2759,ølson,/ˈøːl.son/,名词,小麦。,"""øl"" + ""son""（子粒）。"
2760,óm,/ˈoːm/,名词,榕树。,源自越南语「da」。
2761,omber,/ˈom.bəɹ/,名词,影子。,"法语 ""ombre""。"
2762,omnen,/ˈomnən/,动词,变成所有。,「omni」+ 后缀 -en（变成）。
2763,omni,/ˈom.ni/,形容词,所有的。,"拉丁语 ""omnis""。"
2764,omnidien,/omˈni.di.ən/,副词,每天。,「omni」+「dien」。
2765,omnifer,/ˈom.ni.fəɹ/,代词/名词,一切事物。,"""omni"" + ""fer""。"
2766,omnifoy,/ˈom.ni.foj/,副词,每次，每回。,omni（所有的）+ foy（次）
2767,omnimondoparto,/om.ni.mon.doˈpaɹ.tʰo/,名词,世界各地。,"""omni"" + ""mondo"" + ""parto""。"
2768,omniorli,/ˈom.ni.or.li/,副词,四面八方地，全方向地。,「omni」（所有的）+「or」（方向）+ 后缀 -li（副词化）
2769,omnli,/ˈomnli/,副词,所有地。,「omni」+ 后缀 -li（副词化）。
2770,-on,/on/,后缀,与格单数。,第二版新增语法词缀。
2771,óne,/ˈoːnə/,名词,荆棘。,原生词根。
2772,onfokrup,/oˈnfokʰrup/,名词,披风。,原生词根。
2773,onigiri,/oniˈɡiʁi/,名词,饭团。,源自日语「おにぎり」(onigiri)。
2774,-ont-,/ontʰ/,中缀,将来分词。,"世界语 ""-ont-""。"
2775,ontologia,/ontʰoloˈɡia/,名词,本体论。,源自希腊语「ὀντολογία」(ontologia)。
2776,øpalã,/øˈpalɐ̃/,名词,长弓。,原生词根。
2777,openar,/o.pəˈnaɹ/,动词,打开。,"英语 ""open"" + ""-ar""。"
2778,opera,/oˈpeʁa/,名词,歌剧。,源自意大利语「opera」。
2779,opidum,/oˈpidum/,名词,城镇。,源自拉丁语「oppidum」。
2780,opinar,/oˈpi.naɹ/,动词,认为，以为。,源自拉丁语「opinari」
2781,opiniar,/oˈpi.njaɹ/,动词,认为。,源自拉丁语「opinari」
2782,opinio,/oˈpi.ni.o/,名词,舆论，意见。,源自拉丁语「opinio」
2783,opon,/ˈo.pon/,前缀,反对，违背。,「opono」（反对）词根。
2784,opono,/oˈpono/,名词,反对。,源自世界语「opono」。
2785,oprimer,/oˈpri.məɹ/,动词,压迫，剥削。,源自拉丁语「opprimere」
2786,ópte,/ˈoːptʰə/,名词,浮冰。,原生词根。
2787,opulenti,/opuˈlentʰi/,形容词,富饶的。,源自拉丁语「opulentus」。
2788,or,/oɹ/,名词,方向，源头；金。,"拉丁语 ""oriri"" 简化。"
2789,oraĝ,/ˈoʁad͡ʒ/,名词,雷雨。,源自法语「orage」。
2790,oranĝo,/oˈʁand͡ʒo/,名词,橙子。,源自法语「orange」。
2791,orangutan,/oʁaˈŋɡutʰan/,名词,猩猩。,源自马来语「orangutan」。
2792,oratio,/oʁaˈtʰio/,名词,演说。,源自拉丁语「oratio」。
2793,orator,/oˈʁatʰoɹ/,名词,雄辩家。,源自希腊语「orator」。
2794,órda,/ˈoːɹ.da/,名词,秩序。,"拉丁语 ""ordo""。"
2795,órdaji,/ˈoːɹ.da.d͡ʒi/,动词,整理，使有序。,「órda」（秩序）+ 后缀 -ji（使动）
2796,ordina,/oɹ.diˈna/,形容词,平凡的。,"法语 ""ordinaire""。"
2797,ordinar,/or.diˈnaɹ/,动词,整理，排列。,源自拉丁语「ordinare」
2798,ordinari,/oɹdiˈnaʁi/,形容词,普通的。,源自拉丁语「ordinarius」。
2799,ordinen,/oˈɹdinən/,动词,变成平凡。,「ordina」+ 后缀 -en（变成）。
2800,ordiner,/ˈoɹdineɹ/,动词,整理，归置，排列。,源自拉丁语「ordinare」
2801,ordinli,/oˈɹdinli/,副词,平凡地。,「ordina」+ 后缀 -li（副词化）。
2802,organizatio,/oɹɡanizaˈtʰio/,名词,组织。,源自拉丁语「organizatio」。
2803,organum,/oˈɹɡanum/,名词,管风琴。,源自拉丁语「organum」。
2804,ori,/ˈoʁi/,名词,歌谣。,原生词根。
2805,origami,/oʁiˈɡami/,名词,折纸。,源自日语「折り紙」(origami)。
2806,origano,/oʁiˈɡano/,名词,牛至。,源自意大利语「origano」。
2807,orkestora,/oɹkʰəˈstʰoʁa/,名词,乐队。,源自希腊语「ὀρχήστρα」(orchestra)。
2808,orkolora,/oɹˈkʰo.lo.ʁa/,形容词,金色的。,"""or""（金）+ ""kolor""（颜色）。"
2809,orkoloren,/oɹkʰoˈloʁən/,动词,变成金色。,「orkolora」+ 后缀 -en（变成）。
2810,orkolorli,/oɹkʰoˈloɹli/,副词,金色地。,「orkolora」+ 后缀 -li（副词化）。
2811,orlatin,/oɹ.laˈtʰin/,名词,山脊上最先被照亮的那一道金边。,or（金）+ latin（边缘）。
2812,ornar,/ˈoɹnaɹ/,动词,装饰。,源自拉丁语「ornare」。
2813,ørsum,/ˈøɹsum/,名词,烛光。,原生词根。
2814,ósa,/ˈoː.sa/,动词,敢于，胆敢。,原生词根。
2815,osbe,/ˈosbə/,名词,雕像。,原生词根。
2816,osean,/oˈsean/,名词,海洋。,源自法语「océan」。
2817,osetro,/oˈsetʰro/,名词,鲟鱼。,源自斯拉夫语「osetr」。
2818,osha,/ˈoʃa/,副词,婉转地。,原生词根。
2819,óslu,/ˈoːslu/,名词,巨人。,原生词根。
2820,øsmilsu,/øˈsmilsu/,名词,树根。,原生词根。
2821,osto,/ˈos.tʰo/,名词,骨头。,源自希腊语「ὀστέον」。
2822,oswubla,/oˈswu.bla/,名词,鳞片。,原生词根。
2823,óta,/ˈoː.tʰa/,连词,否则，要不然。,原生功能词。
2824,otafuf,/oˈtʰafuf/,名词,邻人。,原生词根。
2825,otina,/oˈtʰina/,名词,隆起。,原生词根。
2826,otirpor,/oˈtʰiɹpoɹ/,副词,勉强地。,原生词根。
2827,otofgo,/oˈtʰofɡo/,名词,觉悟。,源自梵语「बोधि」(bodhi)。
2828,otu,/ˈotʰu/,动词,松弛。,原生词根。
2829,ouragan,/ouˈʁaɡan/,名词,飓风。,源自法语「ouragan」。
2830,ovaæ,/oˈva.æ/,名词,玻璃。,原生词根。
2831,ovæif,/oˈvæif/,动词,镶玻璃。,"""ovaæ"" + 使动后缀 ""-if""。"
2832,ovo,/ˈo.vo/,名词,蛋。,"拉丁语 ""ovum""。"
2833,ovos,/ˈovos/,名词,燕麦。,源自俄语「овощ」(ovos)。
2834,ozo,/ˈozo/,名词,花蕾。,原生词根。
2835,pabluét,/paˈblueːtʰ/,名词,草地。,原生词根。
2836,paçienta,/paˈsi.əntʰa/,形容词,耐心的。,"拉丁语 ""patiens""。"
2837,paçienten,/pasiˈentʰən/,动词,变成耐心。,「paçienta」+ 后缀 -en（变成）。
2838,paçientli,/pasiˈentʰli/,副词,耐心地。,「paçienta」+ 后缀 -li（副词化）。
2839,padma,/ˈpadma/,名词,莲花。,源自梵语「पद्म」(padma)。
2840,padmasana,/padmaˈsana/,名词,莲花座。,源自梵语「पद्मासन」(padmasana)。
2841,pag,/paɡ/,动词,支付。,借世界语 pagi。
2842,paganus,/paˈɡanus/,名词,异教徒。,源自拉丁语「paganus」。
2843,página,/ˈpaː.ɡi.na/,名词,页，书页。,源自拉丁语「pagina」（书页）
2844,pagina,/ˈpa.ɡi.na/,名词,页，书页。,源自拉丁语「pagina」
2845,pagus,/ˈpaɡus/,名词,乡村。,源自拉丁语「pagus」。
2846,pais,/ˈpais/,名词,国家。,源自法语「pays」。
2847,pakada,/paˈka.da/,名词,打包，收拾行李。,源自德语「packen」
2848,pakar,/ˈpa.kʰaɹ/,动词,打包，收拾行李。,源自英语「pack」
2849,pakir,/ˈpa.kʰiɹ/,动词,打包，收拾。,源自德语「packen」
2850,pakso,/ˈpakʰso/,名词,和平。,源自拉丁语「pax」。
2851,pakzek,/ˈpakʰzəkʰ/,名词,甜甜圈。,源自波兰语「paczek」。
2852,pála,/ˈpaː.la/,动词,准备。,"拉丁语 ""parare""。"
2853,palaistora,/palaiˈstʰoʁa/,名词,角力场。,源自希腊语「παλαίστρα」(palaistra)。
2854,palar,/ˈpa.laɹ/,动词,漫游，游荡。,源自拉丁语「palari」
2855,palatium,/palaˈtʰium/,名词,宫殿。,源自拉丁语「palatium」。
2856,pálbepuf,/paːˈlbepuf/,名词,半岛。,原生词根。
2857,pallida,/ˈpal.li.da/,形容词,淡的，浅的。,源自拉丁语「pallidus」
2858,pæniter,/pæˈnitʰəɹ/,动词,后悔。,源自拉丁语「paenitere」。
2859,panón,/paˈnoːn/,动词,写，书写。,原生词根。
2860,pǽnta,/ˈpæːntʰa/,名词,冻土。,原生词根。
2861,pantalono,/pan.tʰaˈlo.no/,名词,裤子。,借意大利 pantaloni。
2862,panvalida,/panˈva.li.da/,形容词,万能的，普遍适用的。,源自拉丁语「pan- + validus」
2863,påolo,/pɔːˈolo/,副词,常常地。,原生词根。
2864,papa,/ˈpapa/,名词,教皇。,源自拉丁语「papa」。
2865,papero,/paˈpe.ʁo/,名词,纸。,借拉丁 papyrus。
2866,paprika,/paˈprikʰa/,名词,红椒粉。,借词「paprika」。
2867,par,/paɹ/,数词,双，一对。,"拉丁语 ""par""。"
2868,paragrafus,/paʁaˈɡrafus/,名词,段落。,源自拉丁语「paragraphus」。
2869,pardonpeto,/paɹdoˈnpetʰo/,名词,道歉。,源自世界语「pardonpeto」。
2870,parfum,/ˈpaɹfum/,名词,香水。,源自法语「parfum」。
2871,parfumbro,/paɹ.fumˈbro/,名词,刚出炉食物的香气，缭绕不散的暖意。,parfum（香气）+ bro（暖）。
2872,parit,/ˈpaʁitʰ/,动词,蒸煮。,源自俄语「парить」(parit)。
2873,parko,/ˈpaɹkʰo/,名词,公园。,源自法语「parc」。
2874,parlamentum,/paɹlaˈmentʰum/,名词,议会。,源自拉丁语「parlamentum」。
2875,parlar,/paɹˈlaɹ/,动词,说话（中性）。,"西班牙语 ""hablar"" 变体。"
2876,paroesia,/paʁoəˈsia/,名词,教区。,源自拉丁语「paroecia」。
2877,parolo,/paˈʁo.lo/,名词,话语，演讲。,借拉丁 parabola。
2878,parolodoman,/pa.ʁoˈlo.do.man/,名词,演说稿，演讲手稿。,「parolo」（演讲）+「doman」（手稿）
2879,parolrajto,/pa.ʁolˈʁa.d͡ʒ.tʰo/,名词,发言权。,parolo + rajto。
2880,parom,/ˈpaʁom/,名词,渡船。,源自俄语「паром」(parom)。
2881,parovoz,/paˈʁovoz/,名词,蒸汽机。,源自俄语「паровоз」(parovoz)。
2882,parso,/ˈpaɹso/,名词,部分。,源自拉丁语「pars」。
2883,parta,/ˈpaɹ.tʰa/,名词,份，份额。,"源自拉丁语「pars, partis」"
2884,parti,/ˈpaɹtʰi/,名词,政党。,源自英语「party」。
2885,partim,/ˈpaɹtʰim/,副词,部分地。,源自拉丁语「partim」。
2886,partitura,/paɹtʰiˈtʰuʁa/,名词,乐谱。,源自意大利语「partitura」。
2887,pas,/pas/,名词,过去。,"法语 ""passé""。"
2888,pasa,/ˈpasa/,名词,总督。,借词「pasa」。
2889,pasarmalam,/pasaˈɹmalam/,名词,夜市。,源自马来语「pasar malam」。
2890,paser,/ˈpasəɹ/,动词,放牧。,源自拉丁语「pascere」。
2891,pash,/paʃ/,动词,走，迈步。,借世界语 paŝi。
2892,pasienko,/pasiˈeŋkʰo/,名词,耐心。,源自世界语「pacienco」。
2893,pasigo,/paˈsiɡo/,名词,和解。,源自世界语「paciĝo」。
2894,paskoha,/paˈskʰoha/,名词,复活节。,源自俄语「пасха」(paskha)。
2895,pasta,/ˈpastʰa/,名词,意面。,源自意大利语「pasta」。
2896,pasteku,/paˈstʰekʰu/,名词,西瓜。,源自法语「pastèque」。
2897,pastor,/ˈpastʰoɹ/,名词,牧师。,源自拉丁语「pastor」。
2898,patlican,/paˈtʰlikan/,名词,茄子。,借词「patlican」。
2899,patos,/ˈpatʰos/,名词,情感。,源自希腊语「πάθος」(pathos)。
2900,patosres,/paˈtʰosrəs/,名词,触景生情那一刻，往事忽然涌上心头。,patos（情感）+ res（回涌）。
2901,patrino,/paˈtʰrino/,名词,母亲。,源自世界语「patrino」。
2902,patro,/ˈpatʰro/,名词,父亲。,源自拉丁语「pater」。
2903,pausa,/ˈpau.sa/,形容词,暂停的，停止的。,源自拉丁语「pausa」
2904,pausar,/ˈpau.saɹ/,动词,停顿，暂停。,源自拉丁语「pausare」
2905,pedites,/pəˈditʰəs/,名词,步兵。,源自拉丁语「pedites」。
2906,pedo,/ˈpe.do/,名词,脚。,"源自拉丁语「pes, pedis」"
2907,pefvu,/ˈpefvu/,名词,征兆。,原生词根。
2908,peigno,/pəˈiɡno/,名词,梳子。,源自法语「peigne」。
2909,peintoro,/pəiˈntʰoʁo/,名词,画家。,源自法语「peintre」。
2910,pek,/ˈpekʰ/,名词,火炉。,源自斯拉夫语「pech」。
2911,pekatum,/pəˈkʰatʰum/,名词,罪恶。,源自拉丁语「peccatum」。
2912,pekela,/ˈpekʰela/,名词,蜜蜂。,源自斯拉夫语「pchela」。
2913,pekoflav,/pə.kʰoˈflav/,名词,热锅里食物微微焦黄、香气最盛的一刻。,peko（锅）+ flav（焦香）。
2914,pekto,/ˈpek.tʰo/,名词,胸膛。,"源自拉丁语「pectus, pectoris」"
2915,pelmeni,/pəˈlmeni/,名词,饺子。,源自俄语「пельмени」(pelmeni)。
2916,péma,/ˈpeː.ma/,名词,人民，人群。,原生词根。
2917,pen,/pən/,动词,努力。,借世界语 peni。
2918,penalti,/pəˈnaltʰi/,名词,点球。,源自英语「penalty」。
2919,penda,/ˈpen.da/,动词,取决于，系于。,源自拉丁语「pendere」
2920,peneuma,/ˈpenuma/,名词,精神。,源自希腊语「πνεῦμα」(pneuma)。
2921,pengulu,/pəˈŋɡulu/,名词,村长。,源自马来语「penghulu」。
2922,peno,/ˈpeno/,名词,努力。,源自世界语「peno」。
2923,pens,/pəns/,动词,想。,"""pensar"" 词根。"
2924,pensante,/pənˈsan.tʰe/,分词,认为着，想着。,「pens」(想) + 现在分词 -ante
2925,pensar,/pənˈsaɹ/,动词,思考。,"西班牙语 ""pensar""。"
2926,pension,/pəˈnsion/,名词,退休金。,源自英语「pension」。
2927,penso,/ˈpenso/,名词,思想。,源自拉丁语「pensum」。
2928,penter,/ˈpen.tʰəɹ/,动词,绘画。,借世界语 pentri。
2929,pento,/ˈpentʰo/,名词,山坡。,源自法语「pente」。
2930,penzi,/ˈpenzi/,名词,丛林。,原生词根。
2931,peperasmeni,/pəpəʁaˈsmeni/,形容词,有限的。,源自希腊语「πεπερασμένος」(peperasmenos)。
2932,pepu,/ˈpepu/,名词,陷阱。,原生词根。
2933,per,/pəɹ/,动词,消亡，湮灭。,源自拉丁语「perire」(perire) 简化。
2934,péra,/ˈpeː.ʁa/,名词,危险。,"拉丁语 ""periculum"" 简化。"
2935,perder,/ˈpeɹdəɹ/,动词,丢失。,源自拉丁语「perdere」。
2936,perdi,/ˈpeɹdi/,动词,输，失去。,源自世界语「perdi」。
2937,perfektio,/pəɹfəˈkʰtʰio/,名词,完美。,源自拉丁语「perfectio」。
2938,perfidi,/pəˈɹfidi/,形容词,背叛的。,源自拉丁语「perfidus」。
2939,permés,/pəɹˈmeːs/,动词,请允许。,"法语 ""permettez""。"
2940,perseverar,/per.seˈve.raɹ/,动词,坚持，持之以恒。,源自拉丁语「perseverare」
2941,persil,/ˈpeɹsil/,名词,香菜。,源自法语「persil」。
2942,persona,/pəˈɹsona/,名词,面具。,源自拉丁语「persona」。
2943,pesho,/ˈpeʃo/,名词,桃子。,源自法语「pêche」。
2944,pesziú,/pəˈsziuː/,名词,脉轮。,源自梵语「चक्र」(chakra)。
2945,peteĝ,/ˈpe.tʰəd͡ʒ/,动词,恳请。,"自创（""pet"" + 强调变体）。"
2946,petitio,/peˈtʰi.tʰio/,名词,请求，请愿。,源自拉丁语「petitio」
2947,petitpois,/pətʰiˈtʰpois/,名词,豌豆。,源自法语「petit pois」。
2948,petroleum,/pətʰroˈleum/,名词,石油。,源自英语「petroleum」。
2949,petzur,/ˈpetʰzuɹ/,名词,海峡。,原生词根。
2950,petzurmor,/pə.tʰzuɹˈmoɹ/,名词,海峡边海风与潮湿空气混合的气息。,petzur（海峡）+ mor（气息）。
2951,peza,/ˈpe.za/,形容词,重的。,原生词根。
2952,pezen,/ˈpezən/,动词,变成重。,「peza」+ 后缀 -en（变成）。
2953,pezli,/ˈpezli/,副词,重地。,「peza」+ 后缀 -li（副词化）。
2954,pianoforto,/pianoˈfoɹtʰo/,名词,钢琴。,源自意大利语「pianoforte」。
2955,pieda,/piˈe.da/,名词,脚。,"拉丁语 ""pes"" 派生。"
2956,piernik,/piˈeɹnikʰ/,名词,蜂蜜蛋糕。,源自波兰语「piernik」。
2957,pietas,/piˈetʰas/,名词,虔诚。,源自拉丁语「pietas」。
2958,piĝeri,/piˈd͡ʒeʁi/,形容词,懒惰的。,源自拉丁语「piger」。
2959,pik,/ˈpikʰ/,名词,猪。,源自日耳曼语「pig」。
2960,pika,/ˈpi.kʰa/,动词,刺，扎。,原生词根。
2961,pikar,/ˈpʰi.kʰaɹ/,动词,啄。,源自德语「picken」
2962,pikri,/ˈpikʰri/,形容词,苦涩的。,源自希腊语「πικρός」(pikros)。
2963,piktura,/piˈkʰtʰuʁa/,名词,绘画。,源自拉丁语「pictura」。
2964,pila,/ˈpila/,名词,锯。,源自斯拉夫语「pila」。
2965,pilum,/ˈpilum/,名词,投枪。,源自拉丁语「pilum」。
2966,pinata,/piˈnatʰa/,名词,皮纳塔。,源自西班牙语「piñata」。
2967,piramis,/piˈʁamis/,名词,金字塔。,源自拉丁语「pyramis」。
2968,pirasa,/piˈʁasa/,名词,韭葱。,借词「pirasa」。
2969,pirata,/piˈʁatʰa/,名词,海盗。,源自西班牙语「pirata」。
2970,piroĝok,/piˈʁod͡ʒokʰ/,名词,甜馅饼。,源自俄语「пирожок」(pirozhok)。
2971,pirok,/ˈpiʁokʰ/,名词,馅饼。,源自俄语「пирог」(pirog)。
2972,pisbis,/ˈpisbis/,名词,铜器。,原生词根。
2973,pisin,/ˈpisin/,名词,游泳池。,源自法语「piscine」。
2974,pistol,/ˈpistʰol/,名词,手枪。,源自英语「pistol」。
2975,pita,/ˈpitʰa/,名词,烤饼。,借词「pita」。
2976,pitón,/ˈpitʰoːn/,名词,月桂花。,借词「defne」。
2977,piza,/ˈpiza/,名词,披萨。,源自意大利语「pizza」。
2978,plæfge,/ˈplæfɡə/,名词,斜坡。,原生词根。
2979,plafonto,/plaˈfontʰo/,名词,天花板。,源自法语「plafond」。
2980,plaĝ,/ˈplad͡ʒ/,名词,沙滩。,源自法语「plage」。
2981,plaia,/plaˈia/,名词,海滩。,源自西班牙语「playa」。
2982,plaier,/plaˈiəɹ/,名词,队员。,源自英语「player」。
2983,plan,/ˈplan/,名词,飞机。,源自英语「plane」。
2984,plantar,/ˈplantʰaɹ/,动词,种植。,源自拉丁语「plantare」。
2985,planum,/ˈplanum/,名词,平面。,源自拉丁语「planum」。
2986,plaséma,/plaˈseːma/,形容词,刺眼的。,原生词根。
2987,plastik,/ˈplastʰikʰ/,名词,塑料。,源自英语「plastic」。
2988,platea,/plaˈtʰea/,名词,广场。,源自拉丁语「platea」。
2989,platformo,/pla.tʰˈfoɹ.mo/,名词,平台。,借英语 platform。
2990,platok,/ˈplatʰokʰ/,名词,披巾。,源自俄语「платок」(platok)。
2991,plebso,/ˈplebso/,名词,平民。,源自拉丁语「plebs」。
2992,plefti,/ˈpleftʰi/,名词,枫树。,原生词根。
2993,pléga,/ˈpleː.ɡa/,动词,冒险，闯入。,原生词根。
2994,plej,/ˈpled͡ʒ/,副词,最。,源自世界语「plej」。
2995,plekto,/ˈplek.tʰo/,名词,发辫，发绺。,源自拉丁语「plectere」（编织）
2996,plen,/plən/,动词,充满。,借世界语 pleni。
2997,plena,/ˈple.na/,形容词,满的。,"拉丁语 ""plenus""。"
2998,plenen,/ˈplenən/,动词,变成满。,「plena」+ 后缀 -en（变成）。
2999,plenkore,/plənˈkʰo.ʁə/,副词,全心全意地。,plena + koro。
3000,plenli,/ˈplenli/,副词,满地。,「plena」+ 后缀 -li（副词化）。
3001,pleymulta,/ˈplej.multʰa/,形容词,最多的。,"第二版新增，源自 ""plej"" + ""mult""。"
3002,pleymulten,/pləjˈmultʰən/,动词,变成最多。,「pleymulta」+ 后缀 -en（变成）。
3003,pleymultli,/pləjˈmultʰli/,副词,最多地。,「pleymulta」+ 后缀 -li（副词化）。
3004,pli,/pli/,副词,更。,"第二版新增，源自世界语 ""pli""。"
3005,plikar,/ˈplikʰaɹ/,动词,折叠。,源自拉丁语「plicare」。
3006,pløfka,/ˈpløfkʰa/,形容词,崭新的。,原生词根。
3007,plor,/ploɹ/,动词,哭泣。,"第二版新增，源自拉丁语 ""plorare""。"
3008,plosãti,/ploˈsɐ̃tʰi/,名词,仆人。,原生词根。
3009,plot,/ˈplotʰ/,名词,木筏。,源自俄语「плот」(plot)。
3010,plu,/plu/,副词,再，更。,"第二版新增，源自世界语 ""plu""。"
3011,plule,/ˈplulə/,名词,狼群。,原生词根。
3012,plumo,/ˈplu.mo/,名词,羽毛。,"拉丁语 ""pluma""。"
3013,plurne,/ˈpluɹnə/,名词,烟尘。,原生词根。
3014,pluva,/ˈplu.va/,名词,雨。,"与 ""pluvarko"" 同根。"
3015,pluvarko,/pluˈvaɹ.kʰo/,名词,彩虹。,"""pluv""（雨）+ ""arko""（弓）。"
3016,poel,/ˈpoəl/,名词,平底锅。,源自法语「poêle」。
3017,poema,/poˈe.ma/,名词,诗。,"拉丁语 ""poema""。"
3018,poena,/poˈena/,名词,惩罚。,源自拉丁语「poena」。
3019,poesis,/poˈesis/,名词,诗歌。,源自拉丁语「poesis」。
3020,poet,/ˈpoətʰ/,名词,诗人。,源自法语「poète」。
3021,poietik,/poiˈetʰikʰ/,名词,诗学。,源自希腊语「ποιητική」(poietike)。
3022,poir,/ˈpoiɹ/,名词,梨。,源自法语「poire」。
3023,poisoneri,/poisoˈneʁi/,名词,鱼市。,源自法语「poissonnerie」。
3024,poivro,/poˈivro/,名词,胡椒。,源自法语「poivre」。
3025,pókbet,/ˈpoːkʰbətʰ/,名词,尽头。,原生词根。
3026,polis,/ˈpolis/,名词,警察。,源自法语「police」。
3027,polisi,/poˈlisi/,名词,政策。,源自英语「policy」。
3028,politik,/poˈlitʰikʰ/,名词,政治。,源自希腊语「πολιτική」(politike)。
3029,poluso,/poˈlu.so/,名词,极，极点。,源自拉丁语「polus」
3030,polvo,/ˈpol.vo/,名词,灰尘。,"拉丁语 ""pulvis""。"
3031,pomarium,/pomaˈʁium/,名词,果园。,源自拉丁语「pomarium」。
3032,pomedetero,/pomədəˈtʰeɹro/,名词,土豆。,源自法语「pomme de terre」。
3033,pomeshokik,/poməˈʃokʰikʰ/,名词,地主。,源自俄语「помещик」(pomeshchik)。
3034,pomgozupa,/pomɡoˈzupa/,形容词,冒失的。,原生词根。
3035,pomo,/ˈpomo/,名词,苹果。,源自法语「pomme」。
3036,ponda,/ˈpon.da/,名词,重量，分量。,源自拉丁语「pondus」
3037,ponso,/ˈponso/,名词,桥梁。,源自拉丁语「pons」。
3038,pontifekso,/pontʰiˈfekʰso/,名词,祭司长。,源自希腊语「pontifex」。
3039,ponto,/ˈpon.tʰo/,名词,桥。,借拉丁 pons。
3040,póra,/ˈpoː.ʁa/,动词,承受，忍受。,原生词根。
3041,porçelana,/poɹsəˈlana/,形容词,瓷的。,「porçelano」派生。
3042,porçelano,/poɹsəˈlano/,名词,瓷。,源自意大利语「porcellana」。
3043,pordo,/ˈpoɹ.do/,名词,门。,借拉丁 porta。
3044,port,/poɹtʰ/,动词,携带。,源自拉丁语「portare」。
3045,port-for,/poɹtʰˈfoɹ/,动词,带走。,"""port"" + ""for""。"
3046,porta,/ˈpoɹtʰa/,名词,城门。,源自拉丁语「porta」。
3047,portakal,/poˈɹtʰakʰal/,名词,柑橘。,借词「portakal」。
3048,portanto,/poɹˈtʰan.tʰo/,名词,持有者，携带者。,"""port"" + 施动者后缀 ""-anto""。"
3049,portar,/ˈpoɹtʰaɹ/,动词,搬运。,源自拉丁语「portare」。
3050,portiko,/poˈɹtʰikʰo/,名词,凉廊。,源自意大利语「portico」。
3051,portikus,/poˈɹtʰikʰus/,名词,柱廊。,源自拉丁语「porticus」。
3052,porto,/ˈpoɹtʰo/,名词,门。,源自法语「porte」。
3053,portoraitum,/poɹtʰoʁaˈitʰum/,名词,肖像。,源自拉丁语「portraitum」。
3054,portus,/ˈpoɹtʰus/,名词,港口。,源自拉丁语「portus」。
3055,porzekzoka,/poɹzəˈkʰzokʰa/,名词,黑醋栗。,源自波兰语「porzeczka」。
3056,posarpe,/poˈsaɹpə/,名词,祭司。,原生词根。
3057,posho,/ˈpo.ʃo/,名词,口袋。,借世界语 poŝo。
3058,posibili,/posiˈbili/,形容词,可能的。,源自拉丁语「possibilis」。
3059,post,/postʰ/,介词,在...之后。,"拉丁语 ""post""。"
3060,poste,/ˈpostʰə/,副词,后来。,源自世界语「poste」。
3061,postera,/ˈposteʁa/,形容词,后面的，后方的。,源自拉丁语「posterus」
3062,posto,/ˈpostʰo/,名词,邮局。,源自法语「poste」。
3063,posttagmeza,/postˈtaɡ.me.za/,形容词,下午的。,post（在…之后）+ tagmezo（中午，词典词）
3064,postular,/ˈpos.tʰu.laɹ/,动词,要求，索求。,源自拉丁语「postulare」
3065,pov,/pov/,动词,能。,源自拉丁语「posse」。
3066,pozo,/ˈpo.zo/,名词,姿势，姿态。,源自法语「pose」
3067,prai,/ˈprai/,形容词,谦和的。,源自希腊语「πρᾶος」(praos)。
3068,praksis,/ˈprakʰsis/,名词,实践。,源自拉丁语「praxis」。
3069,præludium,/præluˈdium/,名词,序曲。,源自拉丁语「praeludium」。
3070,pramhe,/ˈpramhə/,名词,鼓。,原生词根。
3071,præmisa,/præˈmisa/,名词,前提。,源自拉丁语「praemissa」。
3072,præmium,/præˈmium/,名词,奖品。,源自拉丁语「praemium」。
3073,pran,/pran/,动词,跳跃。,原创词。
3074,prana,/ˈprana/,名词,生命力。,源自梵语「प्राण」(prana)。
3075,prandio,/ˈpran.di.o/,名词,午饭，正餐。,源自拉丁语「prandium」
3076,prant,/prantʰ/,名词,棉花。,原生词根。
3077,praph,/ˈpra.f/,名词,句子。,第二版新增，原创词。
3078,præsertim,/præˈseɹtʰim/,副词,尤其。,源自拉丁语「praesertim」。
3079,prások,/ˈpraːsokʰ/,名词,雪崩。,原生词根。
3080,præterea,/prætʰəˈʁea/,副词,此外。,源自拉丁语「praeterea」。
3081,precisa,/ˈpre.si.sa/,形容词,精确的，准确的。,源自拉丁语「praecisus」
3082,preĝudiko,/preˈd͡ʒu.di.ko/,名词,偏见，成见。,源自拉丁语「praejudicium」
3083,prejudiko,/preˈd͡ʒu.di.kʰo/,名词,偏见，成见。,源自拉丁语「praeiudicium」
3084,prekel,/ˈprekʰəl/,名词,椒盐卷饼。,源自波兰语「precel」。
3085,préla,/ˈpreː.la/,动词,迸发，喷涌。,原生词根。
3086,prema,/ˈpre.ma/,动词,挤压。,"拉丁语 ""premere""。"
3087,premierministoro,/prəmiəɹminiˈstʰoʁo/,名词,总理。,源自法语「premier ministre」。
3088,premiersosekourso,/prəmiəɹsosəkʰoˈuɹso/,名词,急救。,源自法语「premiers secours」。
3089,premium,/prəˈmium/,名词,保险金。,源自英语「premium」。
3090,presiá,/prəˈsiaː/,名词,压力。,源自法语「pression」。
3091,presidento,/prəsiˈdentʰo/,名词,总统。,源自法语「président」。
3092,preskau,/ˈpreskʰau/,副词,差点，几乎。,源自世界语「preskaʌ」。
3093,preter,/ˈpre.tʰəɹ/,介词/前缀,过去的。,"拉丁语 ""praeter""。"
3094,preteraĝo,/prətʰəˈʁad͡ʒo/,名词,往事。,「preter」+「-aĝo」。
3095,preterfluĝ,/ˈpre.tʰəɹ.ˌflud͡ʒ/,动词,飞过。,"第二版新增，""preter"" + ""fluĝ""。"
3096,preterlasar,/pre.tʰeɹˈla.saɹ/,动词,放过，略过。,源自拉丁语「praeterire」+「laxare」
3097,pretervint,/prə.tʰəɹˈvintʰ/,名词,多年未见后重聚时那份熟悉的生疏。,preter（过往）+ vint（重逢）。
3098,preterviv,/prə.tʰəɹˈviv/,名词,前世。,"""preter"" + ""viv""。"
3099,preventio,/preˈven.tʰio/,名词,预防，防止。,源自拉丁语「praeventio」
3100,prezenti,/preˈzen.tʰi/,形容词,在场的，出席的。,源自拉丁语「praesens」
3101,prezidanto,/prə.ziˈdan.tʰo/,名词,主席，会长。,源自拉丁语「praesidens」+ 施动者后缀 -anto。
3102,pri,/pri/,介词,关于。,"世界语 ""pri""。"
3103,prialka,/priˈalkʰa/,名词,纺车。,源自斯拉夫语「pryalka」。
3104,priani,/priˈani/,形容词,辛辣的。,源自俄语「пряный」(pryanyy)。
3105,primeronta,/priˈme.ʁon.tʰa/,形容词,第一的。,"西班牙语 ""primero""。"
3106,primeronten,/priməˈʁontʰən/,动词,变成第一。,「primeronta」+ 后缀 -en（变成）。
3107,primerontli,/priməˈʁontʰli/,副词,第一地。,「primeronta」+ 后缀 -li（副词化）。
3108,primna,/ˈprimna/,名词,船尾。,源自希腊语「πρύμνα」(prymna)。
3109,prímritses,/priːˈmritʰsəs/,名词,潮汐。,原生词根。
3110,prinseso,/priˈnseso/,名词,公主。,源自日耳曼语「princess」。
3111,prinso,/ˈprinso/,名词,王子。,源自日耳曼语「prince」。
3112,printem,/ˈprin.tʰəm/,名词,春季。,"法语 ""printemps""。"
3113,printemkorn,/prin.tʰəmˈkʰoɹn/,名词,初春大地初醒、万物将萌的那一瞬。,printem（春）+ korn（初萌）。
3114,printer,/ˈprintʰəɹ/,名词,打印机。,源自英语「printer」。
3115,prisonier,/prisoˈniəɹ/,名词,囚犯。,源自法语「prisonnier」。
3116,privata,/priˈvatʰa/,形容词,私立的，私人的。,源自拉丁语「privatus」。
3117,privati,/priˈvatʰi/,形容词,个人的。,源自拉丁语「privatus」。
3118,probar,/ˈpro.baɹ/,动词,证明，证实。,源自拉丁语「probare」
3119,probatio,/probaˈtʰio/,名词,证明。,源自拉丁语「probatio」。
3120,proditio,/prodiˈtʰio/,名词,背叛。,源自拉丁语「proditio」。
3121,profeseur,/profəˈseuɹ/,名词,教授。,源自法语「professeur」。
3122,profesor,/proˈfe.soɹ/,名词,教师。,"拉丁语 ""professor""。"
3123,profisisi,/profiˈsisi/,动词,出发。,源自拉丁语「proficisci」。
3124,profit,/ˈprofitʰ/,名词,利润。,源自英语「profit」。
3125,profunden,/proˈfundən/,动词,变成深。,「profundi」+ 后缀 -en（变成）。
3126,profundi,/proˈfundi/,形容词,深的。,"拉丁语 ""profundus""。"
3127,profundli,/proˈfundli/,副词,深地。,「profundi」+ 后缀 -li（副词化）。
3128,program,/ˈproɡram/,名词,程序。,源自英语「program」。
3129,progreso,/proˈɡreso/,名词,进步。,源自世界语「progreso」。
3130,projekciilo,/pro.d͡ʒək.kiˈi.lo/,名词,投影仪。,projekcii + -ilo。
3131,projekcílo,/prod͡ʒəˈkʰkiːlo/,名词,投影仪。,projekcii + -ilo。
3132,projekto,/proˈd͡ʒekʰtʰo/,名词,项目。,源自英语「project」。
3133,proklam,/proˈkʰlam/,名词,宣告。,"拉丁语 ""proclamare""。"
3134,proksima,/proˈkʰsima/,形容词,近的，亲近的。,源自拉丁语「proximus」。
3135,proksimi,/prokʰˈsi.mi/,动词,靠近，接近。,"世界语 ""proksimi""。"
3136,proksimiji,/prokʰ.siˈmi.d͡ʒi/,动词,使靠近。,"""proksimi"" + 使动后缀 ""-ji""。"
3137,prologus,/proˈloɡus/,名词,序言。,源自拉丁语「prologus」。
3138,propaganda,/propaˈɡanda/,名词,宣传。,源自英语「propaganda」。
3139,propagatio,/pro.paˈɡa.tʰio/,名词,扩张，蔓延。,源自拉丁语「propagatio」
3140,propi,/ˈpropi/,形容词,自己的。,源自拉丁语「proprius」(proprius)。
3141,proportio,/propoˈɹtʰio/,名词,比例。,源自拉丁语「proportio」。
3142,propositio,/proposiˈtʰio/,名词,命题。,源自拉丁语「propositio」。
3143,proprat,/ˈprop.ratʰ/,形容词,自己的。,源自拉丁语「proprius」。
3144,prora,/ˈproʁa/,名词,船首。,源自希腊语「πρῷρα」(prora)。
3145,prore,/ˈproʁə/,名词,少女。,原生词根。
3146,prosa,/ˈprosa/,名词,散文。,源自拉丁语「prosa」。
3147,prosiuto,/prosiˈutʰo/,名词,火腿。,源自意大利语「prosciutto」。
3148,proso,/ˈproso/,名词,小米。,源自俄语「просо」(proso)。
3149,protagonisto,/protʰaɡoˈnistʰo/,名词,主角。,源自法语「protagoniste」。
3150,protein,/proˈtʰein/,名词,蛋白质。,源自英语「protein」。
3151,protektio,/protʰəˈkʰtʰio/,名词,保护。,源自拉丁语「protectio」。
3152,protesto,/proˈtʰes.tʰo/,名词,抗议。,借英语 protest。
3153,prototip,/proˈtʰotʰip/,名词,原型。,源自英语「prototype」。
3154,protumi,/proˈtʰumi/,形容词,热忱的。,源自希腊语「πρόθυμος」(prothumos)。
3155,provi,/ˈpro.vi/,动词,尝试。,借世界语 provi。
3156,provinsia,/proviˈnsia/,名词,行省。,源自拉丁语「provincia」。
3157,provinso,/proˈvinso/,名词,省份。,源自法语「province」。
3158,provizar,/pro.viˈzaɹ/,动词,提供，供应。,源自英语「provide」加动词化 -ar
3159,provizora,/pʁoˈvi.zo.ʁa/,形容词,暂时的，临时的。,源自拉丁语「provisorius」
3160,provizoria,/pro.viˈzo.ʁia/,形容词,临时的，暂定的。,源自拉丁语「provisorius」
3161,provocar,/pro.voˈkaɹ/,动词,挑衅，挑动。,源自拉丁语「provocare」
3162,prozedo,/ˈpro.ze.do/,名词,过程，流程。,源自拉丁语「procedere」
3163,pru,/ˈpru/,动词,涂抹。,原生词根。
3164,prudentia,/prudəˈntʰia/,名词,审慎。,源自拉丁语「prudentia」。
3165,prun,/ˈprun/,名词,李子。,源自法语「prune」。
3166,prúna,/ˈpruː.na/,名词,果实，结果。,原生词根。
3167,prunt-,/pruntʰ/,动词词根,借。,"英语 ""borrow"" 语义借用。"
3168,psalmos,/ˈpsalmos/,名词,圣歌。,源自希腊语「ψαλμός」(psalmos)。
3169,pseudesi,/psəuˈdesi/,形容词,虚假的。,源自希腊语「ψευδής」(pseudes)。
3170,pseudonimo,/pseuˈdo.ni.mo/,名词,笔名。,源自希腊语「ψευδώνυμος」(pseudonymos)
3171,psik,/ˈpsikʰ/,名词,心理。,源自希腊语「ψυχή」(psyche)。
3172,psukhori,/psuˈkʰhoʁi/,形容词,冷漠的。,源自希腊语「ψυχρός」(psukhros)。
3173,publikatio,/publikʰaˈtʰio/,名词,出版。,源自拉丁语「publicatio」。
3174,publiki,/puˈblikʰi/,形容词,公开的。,源自拉丁语「publicus」。
3175,pudråt,/ˈpudrɔːtʰ/,名词,鱼鳍。,原生词根。
3176,puel,/puˈel/,名词,女孩。,"拉丁语 ""puella""。"
3177,pueritia,/pueˈʁi.tʰia/,名词,童年。,源自拉丁语「pueritia」
3178,pugna,/ˈpuɡna/,名词,战役。,源自拉丁语「pugna」。
3179,pulmo,/ˈpul.mo/,名词,肺。,源自拉丁语「pulmo」
3180,pumpo,/ˈpumpo/,名词,泵。,源自英语「pump」。
3181,punt,/puntʰ/,名词,点。,"拉丁语 ""punctum""。"
3182,punzúfkesa,/punzuːˈfkʰesa/,形容词,刺耳的。,原生词根。
3183,pura,/ˈpu.ʁa/,形容词,干净的。,原生词根。
3184,purana,/puˈʁana/,名词,往世书。,源自梵语「पुराण」(purana)。
3185,puren,/ˈpuʁən/,动词,变成干净。,「pura」+ 后缀 -en（变成）。
3186,purli,/ˈpuɹli/,副词,干净地。,「pura」+ 后缀 -li（副词化）。
3187,push,/puʃ/,动词,推。,借世界语 puŝi。
3188,pusha,/ˈpu.ʃa/,动词,推。,原生词根。
3189,putra,/ˈputʰ.ra/,形容词,腐烂的。,"拉丁语 ""putris""。"
3190,putrali,/puˈtʰrali/,副词,腐烂地。,「putra」+ 后缀 -li（副词化）。
3191,putren,/ˈputʰrən/,动词,变成腐烂。,「putra」+ 后缀 -en（变成）。
3192,putreser,/puˈtʰresəɹ/,动词,腐烂。,源自拉丁语「putrescere」。
3193,qualma,/ˈkual.ma/,名词,质量，品质。,"拉丁语 ""qualitas""。"
3194,quanta,/ˈkuan.tʰa/,名词,数量，量。,"拉丁语 ""quantitas""。"
3195,quasa,/ˈkua.sa/,形容词,快速的，敏捷的。,原生词根。
3196,quasen,/kuˈasən/,动词,变成快速。,「quasa」+ 后缀 -en（变成）。
3197,quasli,/kuˈasli/,副词,快速地。,「quasa」+ 后缀 -li（副词化）。
3198,querar,/kueˈraɹ/,动词,抱怨，诉苦。,源自拉丁语「queri」
3199,question,/kuəsˈtʰi.on/,名词,问题。,"英语 ""question""。"
3200,raæ,/ˈʁaæ/,名词,咖啡。,源自西班牙语「café」。
3201,ræã,/ˈʁæɐ̃/,名词,鬼怪。,原生词根。
3202,ráda,/ˈʁaː.da/,动词,上升，升起。,原生词根。
3203,radar,/ˈʁadaɹ/,名词,雷达。,源自英语「radar」。
3204,radiko,/ʁaˈdi.kʰo/,名词,根。,"拉丁语 ""radix""。"
3205,radio,/ʁaˈdio/,名词,收音机。,源自英语「radio」。
3206,radir,/ˈʁadiɹ/,名词,俘虏。,原生词根。
3207,rafgil,/ˈʁafɡil/,名词,兄弟。,原生词根。
3208,raisin,/ʁaˈisin/,名词,葡萄。,源自法语「raisin」。
3209,rak,/ˈʁakʰ/,名词,河蟹。,源自斯拉夫语「rak」。
3210,ramaiana,/ʁamaiˈana/,名词,罗摩衍那。,源自梵语「रामायण」(ramayana)。
3211,rambutan,/ʁaˈmbutʰan/,名词,红毛丹。,源自马来语「rambutan」。
3212,ramen,/ˈʁamən/,名词,拉面。,源自日语「ラーメン」(ramen)。
3213,rankemsan,/ʁaˈŋkʰemsan/,名词,锄头。,原生词根。
3214,raop,/ˈʁaop/,名词,钻子。,原生词根。
3215,rapsodos,/ʁaˈpsodos/,名词,史诗诗人。,源自希腊语「ῥαψῳδός」(rhapsodos)。
3216,raren,/ˈʁaʁən/,动词,变成稀疏。,「rari」+ 后缀 -en（变成）。
3217,rari,/ˈʁa.ʁi/,形容词,稀疏的，稀少的。,"拉丁语 ""rarus""。"
3218,rarli,/ˈʁaɹli/,副词,稀疏地。,「rari」+ 后缀 -li（副词化）。
3219,ras,/ˈʁas/,名词,赛跑。,源自英语「race」。
3220,rata,/ˈʁatʰa/,名词,车。,源自梵语「रथ」(ratha)。
3221,ratio,/ʁaˈtʰio/,名词,账目。,源自拉丁语「ratio」。
3222,rauhunko,/ʁauˈhuŋkʰo/,名词,薄荷。,源自越南语「rau hung」。
3223,raven,/ˈʁavən/,名词,渡鸦。,源自日耳曼语「raven」。
3224,ravioli,/ʁaviˈoli/,名词,意大利饺。,源自意大利语「ravioli」。
3225,re-,/ʁə/,前缀,再次，回。,"世界语/拉丁语前缀 ""re-""。"
3226,reagir,/ˈʁe.a.d͡ʒiɹ/,动词,反应。,源自拉丁语「re- + agere」
3227,realiĝ,/ʁe.aˈli.d͡ʒ/,动词,实现。,real + 中动态 -iĝ-。
3228,rebelio,/ʁəbəˈlio/,名词,反抗。,源自拉丁语「rebellio」。
3229,receptio,/reˈkep.tʰi.o/,名词,招待会，接见，接待。,源自拉丁语「receptio」
3230,recuperar,/re.kuˈpe.raɹ/,动词,找回，重新获得。,源自拉丁语「recuperare」
3231,redempotio,/ʁədəmpoˈtʰio/,名词,救赎。,源自拉丁语「redemptio」。
3232,redir,/ˈʁediɹ/,动词,返回。,源自拉丁语「redire」。
3233,redonar,/ʁəˈdonaɹ/,动词,回赠。,「re-」+「donar」。
3234,reduser,/ʁəˈdusəɹ/,动词,缩小。,源自拉丁语「reducere」。
3235,refdesú,/ʁəˈfdesuː/,名词,长袍。,原生词根。
3236,referi,/ʁəˈfeʁi/,名词,裁判。,源自英语「referee」。
3237,reflekter,/ʁəˈflekʰtʰəɹ/,动词,反射。,源自拉丁语「reflectere」。
3238,reformo,/ʁəˈfoɹmo/,名词,改革。,源自英语「reform」。
3239,refortiji,/ʁə.foɹˈtʰi.d͡ʒi/,动词,再变坚强。,"""re-"" + ""fortiji""。"
3240,refriĝerar,/ʁəfriˈd͡ʒeʁaɹ/,动词,冷却。,源自拉丁语「refrigerare」。
3241,refuĝi,/ʁəˈfud͡ʒi/,名词,难民。,源自法语「réfugié」。
3242,refugio,/reˈfu.ɡi.o/,名词,避难所，庇护处。,源自拉丁语「refugium」
3243,refuz,/ʁəˈfuz/,动词,拒绝。,"法语 ""refuser""。"
3244,regar,/ˈʁe.gaɹ/,动词,统治，笼罩。,源自拉丁语「regere」
3245,reĝestum,/ʁəˈd͡ʒestʰum/,名词,清单。,源自拉丁语「regestum」。
3246,reĝimen,/ʁəˈd͡ʒimən/,名词,统治。,源自拉丁语「regimen」。
3247,reĝimo,/ʁəˈd͡ʒi.mo/,名词,政体，政权。,借法语 régime。
3248,reĝina,/ʁəˈd͡ʒina/,名词,女王。,源自拉丁语「regina」。
3249,reĝio,/ʁəˈd͡ʒio/,名词,区。,源自拉丁语「regio」。
3250,reĝion,/ʁəˈd͡ʒion/,名词,地区。,源自法语「région」。
3251,regulo,/ʁəˈɡulo/,名词,规则。,源自世界语「regulo」。
3252,rehavi,/ˈʁe.ha.vi/,动词,夺回。,re-（回）+ havi（有，握）。
3253,reiversohluso,/ʁəivəɹsoˈhluso/,名词,拉链。,源自德语「Reißverschluss」。
3254,rekensa,/reˈkensa/,形容词,新鲜的，清新的，清爽的。,源自拉丁语「recens」
3255,rekon,/ʁə.ˈkʰon/,动词,认出。,借世界语 rekoni。
3256,rekorto,/ʁəˈkʰoɹtʰo/,名词,纪录。,源自英语「record」。
3257,rekso,/ˈʁekʰso/,名词,国王。,源自拉丁语「rex」。
3258,rekta,/ˈʁekʰ.tʰa/,形容词,直的。,"拉丁语 ""rectus""。"
3259,rektali,/ˈʁekʰ.tʰa.li/,副词,直地，径直。,「rekta」（直的）＋副词化后缀 -li
3260,rekten,/ˈʁekʰtʰən/,动词,变成直。,「rekta」+ 后缀 -en（变成）。
3261,rektli,/ˈʁekʰtʰli/,副词,直地。,「rekta」+ 后缀 -li（副词化）。
3262,relatio,/ʁəˈla.tʰi.o/,名词,关系。,"拉丁语 ""relatio""。"
3263,relikuia,/ʁəlikʰuˈia/,名词,圣物。,源自拉丁语「reliquia」。
3264,relum,/ˈʁe.lum/,名词,曙光；困境中突如其来的希望之光。,"""re-"" + ""lum""（光）。"
3265,remark,/ʁəˈmaɹ.kʰa/,动词,注意到。,"法语 ""remarquer""。"
3266,rememor,/ʁə.mə.ˈmoɹ/,动词,回忆。,借世界语 rememori。
3267,removar,/ʁeˈmo.vaɹ/,动词,移开，除去。,源自拉丁语「removere」
3268,remti,/ˈʁemtʰi/,名词,皮鞭。,原生词根。
3269,réna,/ˈʁeː.na/,形容词,真实的，正确的。,"拉丁语 ""verus"" 变体。"
3270,renaski,/ʁəˈnas.kʰi/,动词,重生，再次诞生。,"拉丁语 ""renasci""。"
3271,rénen,/ˈʁeːnən/,动词,变成真实。,「réna」+ 后缀 -en（变成）。
3272,renkont,/ʁən.ˈkʰontʰ/,动词,遇见。,借世界语 renkonti。
3273,renkontar,/ʁən.kʰonˈtʰaɹ/,动词,遇见。,"世界语 ""renkonti"" + ""-ar""。"
3274,renkontigo,/ʁəŋkʰoˈntʰiɡo/,名词,会面。,源自世界语「renkontiĝo」。
3275,rénli,/ˈʁeːnli/,副词,真实地。,「réna」+ 后缀 -li（副词化）。
3276,renuntia,/reˈnun.tia/,动词,放弃，弃权。,源自拉丁语「renuntiare」
3277,repa,/ˈʁepa/,名词,芜菁。,源自俄语「репа」(repa)。
3278,reparatio,/ʁəpaʁaˈtʰio/,名词,修理。,源自拉丁语「reparatio」。
3279,repeter,/ʁəˈpetʰəɹ/,动词,重复。,源自拉丁语「repetere」。
3280,report,/ʁəˈpoɹtʰ/,动词,捎回。,"""re-"" + ""port""（带）。"
3281,reporto,/ʁəˈpoɹtʰo/,名词,报告。,源自英语「report」。
3282,representació,/ʁe.pre.sen.tʰaˈki.oː/,名词,代表权。,"""represent"" + 后缀 ""-ació""。"
3283,reprezento,/ʁəprəˈzentʰo/,名词,代表。,源自拉丁语「repraesentare」。
3284,resanigo,/ʁəsaˈniɡo/,名词,康复。,源自世界语「resaniĝo」。
3285,reservoirium,/ʁəsəɹvoiˈʁium/,名词,水库。,源自拉丁语「reservoirium」。
3286,resonar,/re.soˈnaɹ/,动词,回响，回荡。,源自拉丁语「resonare」
3287,respond,/ʁəs.ˈpond/,动词,回答。,源自拉丁语「respondere」。
3288,respondeko,/ʁəspoˈndekʰo/,名词,责任。,源自拉丁语「responsum」+ 抽象后缀 -es。
3289,respondo,/ʁəˈspondo/,名词,答案。,源自拉丁语「responsum」。
3290,responsablen,/ʁəspoˈnsablən/,动词,变成负责。,「responsabli」+ 后缀 -en（变成）。
3291,responsabli,/ʁəs.ponˈsa.bli/,形容词,负责的。,"拉丁语 ""responsabilis""。"
3292,responsti,/ʁəsˈpon.stʰi/,动词,回应，答复。,"英语 ""response"" + 后缀 ""-ti""。"
3293,respublika,/ʁəspuˈblikʰa/,名词,共和国。,源自拉丁语「respublica」。
3294,rest,/ʁəstʰ/,动词,停留。,借世界语 resti。
3295,restaj,/ˈʁes.tʰad͡ʒ/,名词,其余的。,"""rest""（剩余）+ 名词化后缀 ""-aj""。"
3296,restauranto,/ʁəstʰauˈʁantʰo/,名词,餐馆。,源自法语「restaurant」。
3297,resultat,/ʁə.zulˈtʰatʰ/,名词,结果。,"拉丁语 ""resultatum""。"
3298,retir,/ʁə.ˈtʰiɹ/,动词,缩回。,借世界语 retiri。
3299,retor,/ˈʁetʰoɹ/,名词,修辞家。,源自希腊语「ῥήτωρ」(rhetor)。
3300,retorika,/ʁətʰoˈʁikʰa/,名词,修辞。,源自拉丁语「rhetorica」。
3301,retro-,/ˈʁe.tʰro/,前缀,向后，回。,"拉丁语 ""retro""。"
3302,retromiroir,/ʁeˈtʰro.mi.ʁoiɹ/,名词,后视镜。,前缀「retro-」（向后）+「miroir」（镜子）
3303,retrovenonta,/ʁə.tʰro.vəˈnon.tʰa/,形容词,将回的。,"""retro-"" + ""ven"" + 将来分词 ""-ont-"" + ""-a""。"
3304,retrovenonten,/ʁətʰrovəˈnontʰən/,动词,变成将回。,「retrovenonta」+ 后缀 -en（变成）。
3305,retrovenontli,/ʁətʰrovəˈnontʰli/,副词,将回地。,「retrovenonta」+ 后缀 -li（副词化）。
3306,returne,/ʁəˈtʰuɹ.nə/,副词,回，转回。,"""re-"" + ""turne""（转）。"
3307,reuma,/ʁəˈuma/,名词,流体。,源自希腊语「ῥεῦμα」(rheuma)。
3308,reunuigo,/ʁəunuˈiɡo/,名词,重逢。,源自世界语「reunuiĝo」。
3309,reven,/ˈʁe.vən/,动词,回来。,"""re-"" + ""venir""（来）。"
3310,revid,/ˈʁe.vid/,动词,再次见到。,"第二版新增，""re-"" + ""vid""。"
3311,revisio,/ʁəviˈsio/,名词,修订。,源自拉丁语「revisio」。
3312,revo,/ˈʁevo/,名词,梦想。,源自世界语「revo」。
3313,revohting,/ʁe.voˈtʰiŋ/,名词,醒后犹存的那缕梦境余温。,revo（梦）+ hting（余温）。
3314,rezulto,/ʁəˈzultʰo/,名词,成绩。,源自拉丁语「resultare」。
3315,riabina,/ʁiaˈbina/,名词,花楸。,源自俄语「рябина」(ryabina)。
3316,riapas,/ʁiˈapas/,副词,难得地。,原生词根。
3317,ricev,/ʁi.ˈkev/,动词,收到。,借世界语 ricevi。
3318,rid,/ʁid/,名词,笑。,"世界语 ""ridi"" 词根。"
3319,rida,/ˈʁi.da/,动词,笑。,"""rid"" 动词化。"
3320,rideau,/ʁidəˈau/,名词,窗帘。,源自法语「rideau」。
3321,riflo,/ˈʁiflo/,名词,步枪。,源自英语「rifle」。
3322,rifúros,/ʁiˈfuːʁos/,名词,冰山。,原生词根。
3323,rigiti,/ʁiˈɡitʰi/,形容词,僵硬的。,源自希腊语「rigid」。
3324,ríka,/ˈʁiː.kʰa/,形容词,富有的。,日耳曼语源。
3325,ríken,/ˈʁiːkʰən/,动词,变成富有。,「ríka」+ 后缀 -en（变成）。
3326,ríkli,/ˈʁiːkʰli/,副词,富有地。,「ríka」+ 后缀 -li（副词化）。
3327,rikolturne,/ʁi.kʰolˈtʰuɹ.nə/,名词,丰收之后土地渐渐沉寂的过渡。,rikol（收获）+ turne（转）。
3328,rinek,/ˈʁinəkʰ/,名词,市场广场。,源自波兰语「rynek」。
3329,rini,/ˈʁini/,名词,灯盏。,原生词根。
3330,rinko,/ˈʁiŋkʰo/,名词,环。,源自德语「Ring」。
3331,rio,/ˈʁio/,名词,海湾。,原生词根。
3332,rishi,/ˈʁiʃi/,名词,圣者。,源自梵语「ऋषि」(rishi)。
3333,ritmo,/ˈʁitʰmo/,名词,节奏。,源自意大利语「ritmo」。
3334,ritmos,/ˈʁitʰmos/,名词,韵律。,源自希腊语「ῥυθμός」(rhythmos)。
3335,ritus,/ˈʁitʰus/,名词,仪式。,源自拉丁语「ritus」。
3336,riu,/ˈʁiu/,名词,皮革。,原生词根。
3337,rivep,/ˈʁivəp/,名词,梦兆。,原生词根。
3338,river,/ˈʁi.vəɹ/,名词,河流。,"英语 ""river""。"
3339,rivermakont,/ʁi.vəɹˈma.kʰontʰ/,名词,山水。,"""river"" + ""makont""。"
3340,ró,/ˈʁoː/,名词,仙灵。,原生词根。
3341,robot,/ˈʁobotʰ/,名词,机器人。,源自英语「robot」。
3342,roĝ,/ˈʁod͡ʒ/,名词,黑麦。,源自俄语「рожь」(rozh)。
3343,rogam,/ˈʁo.ɡam/,名词,床。,原生词根。
3344,roĝdestovo,/ʁod͡ʒdəˈstʰovo/,名词,圣诞节。,源自俄语「рождество」(rozhdestvo)。
3345,roinuok,/ʁoiˈnuokʰ/,名词,皮影。,源自越南语「roi nuoc」。
3346,rol,/ʁol/,名词,角色。,"法语 ""rôle""。"
3347,røløtli,/ʁøˈløtʰli/,名词,盾牌。,原生词根。
3348,romano,/ˈʁo.ma.no/,名词,小说。,源自意大利语「romanzo」
3349,rombus,/ˈʁombus/,名词,菱形。,源自拉丁语「rhombus」。
3350,romp,/ʁomp/,动词,打破。,借世界语 rompi。
3351,rompi,/ˈʁompi/,动词,断裂。,源自拉丁语「rumpere」。
3352,ronda,/ˈʁon.da/,形容词,圆的。,"拉丁语 ""rotundus""。"
3353,ronden,/ˈʁondən/,动词,变成圆。,「ronda」+ 后缀 -en（变成）。
3354,rondli,/ˈʁondli/,副词,圆地。,「ronda」+ 后缀 -li（副词化）。
3355,ronin,/ˈʁonin/,名词,浪人。,源自日语「浪人」(ronin)。
3356,rop,/ˈʁop/,名词,连衣裙。,源自法语「robe」。
3357,rosmarino,/ʁosmaˈʁino/,名词,迷迭香。,源自意大利语「rosmarino」。
3358,rotan,/ˈʁotʰan/,名词,藤。,源自马来语「rotan」。
3359,rotar,/ˈʁotʰaɹ/,动词,旋转。,源自拉丁语「rotare」。
3360,rouĝ,/ˈʁoud͡ʒ/,名词,口红。,源自法语「rouge」。
3361,rua,/ˈʁua/,名词,龟。,源自越南语「rua」。
3362,rubakha,/ʁuˈbakʰha/,名词,大褂。,源自俄语「рубаха」(rubakha)。
3363,ruber,/ˈʁubəɹ/,名词,橡胶。,源自英语「rubber」。
3364,rubit,/ˈʁubitʰ/,动词,劈砍。,源自俄语「рубить」(rubit)。
3365,ruelo,/ʁuˈelo/,名词,小巷。,源自法语「ruelle」。
3366,ruĝa,/ˈʁu.d͡ʒa/,形容词,红色的。,"拉丁语 ""ruber""。"
3367,ruĝen,/ˈʁud͡ʒən/,动词,变成红色。,「ruĝa」+ 后缀 -en（变成）。
3368,ruĝli,/ˈʁud͡ʒli/,副词,红色地。,「ruĝa」+ 后缀 -li（副词化）。
3369,ruin,/ˈʁu.in/,动词,毁灭，摧毁。,源自拉丁语「ruina」(ruina) 词干。
3370,rukei,/ʁuˈkʰei/,名词,小溪。,源自斯拉夫语「ruchey」。
3371,rúklu,/ˈʁuːkʰlu/,名词,冰雹。,原生词根。
3372,rumah,/ˈʁumah/,名词,高脚屋。,源自马来语「rumah」。
3373,rumahpanjanko,/ʁumahpaˈnd͡ʒaŋkʰo/,名词,长屋。,源自马来语「rumah panjang」。
3374,rumoro,/ʁuˈmoʁo/,名词,谣言。,源自拉丁语「rumor」。
3375,rúna,/ˈʁuː.na/,名词,秘密，神秘。,原生词根。
3376,runinko,/ʁuˈniŋkʰo/,名词,跑步。,源自英语「running」。
3377,Rusia,/ˈʁu.si.a/,名词,俄罗斯。,源自拉丁语「Russia」。
3378,Rusialingovo,/ʁu.si.aˈliŋ.ɡo.vo/,名词,俄语。,「Rusia」+「lingovo」。
3379,sa,/ˈsa/,名词,柠檬草。,源自越南语「sa」。
3380,sabl,/sabl/,名词,沙。,"拉丁语 ""sabulum""。"
3381,sadhu,/ˈsadhu/,名词,隐士。,源自梵语「साधु」(sadhu)。
3382,sado,/ˈsado/,名词,茶道。,源自日语「茶道」(sado)。
3383,safran,/ˈsafran/,名词,藏红花。,借词「safran」。
3384,sága,/ˈsaː.ɡa/,名词,故事，传说。,日耳曼语源。
3385,sæi,/ˈsæi/,名词,号角。,原生词根。
3386,-sai,/sai/,后缀,想要。,第二版新增情态词缀。
3387,sak,/ˈsakʰ/,名词,清酒。,源自日语「酒」(sake)。
3388,sãkengi,/sɐ̃ˈkʰeŋɡi/,名词,橡树。,原生词根。
3389,sakposím,/saˈkʰposiːm/,名词,爪子。,原生词根。
3390,sakramentum,/sakʰraˈmentʰum/,名词,圣礼。,源自拉丁语「sacramentum」。
3391,sækulum,/sæˈkʰulum/,名词,世纪。,源自拉丁语「saeculum」。
3392,sakúra,/saˈkʰuː.ʁa/,名词,樱花。,"日语借词 ""桜""。"
3393,salari,/saˈlaʁi/,名词,工资。,源自英语「salary」。
3394,saleamanĝer,/saləaˈmand͡ʒəɹ/,名词,餐厅。,源自法语「salle à manger」。
3395,saledebain,/salədəˈbain/,名词,浴室。,源自法语「salle de bain」。
3396,salo,/ˈsa.lo/,名词,盐。,"拉丁语 ""sal""。"
3397,salon,/ˈsalon/,名词,客厅。,源自法语「salon」。
3398,salsa,/ˈsalsa/,名词,酱汁。,源自拉丁语「salsa」。
3399,salsamentum,/salsaˈmentʰum/,名词,盐渍。,源自拉丁语「salsamentum」。
3400,salsiksia,/salsiˈkʰsia/,名词,香肠。,源自意大利语「salsiccia」。
3401,salút,/saˈluːtʰ/,助词,你好。,"法语 ""salut""。"
3402,salvia,/saˈlvia/,名词,鼠尾草。,源自意大利语「salvia」。
3403,sama,/ˈsama/,形容词,相同的。,源自世界语「sama」。
3404,samadhi,/saˈmadhi/,名词,禅定。,源自梵语「समाधि」(samadhi)。
3405,samali,/ˈsa.ma.li/,副词,相同地，同样。,「sama」（相同的）＋副词化后缀 -li
3406,samæter,/ˈsam.æ.tʰeɹ/,名词,同龄人，同辈。,「sama」（相同的）+「ætas」（年龄）+ 后缀 -er（人）
3407,sambal,/ˈsambal/,名词,辣酱。,源自马来语「sambal」。
3408,sameko,/saˈmekʰo/,名词,相同。,源自世界语「sameco」。
3409,samovar,/saˈmovaɹ/,名词,茶炊。,源自俄语「самовар」(samovar)。
3410,sampan,/ˈsampan/,名词,独木舟。,源自马来语「sampan」。
3411,sampolo,/saˈmpolo/,名词,样本。,源自英语「sample」。
3412,samsara,/saˈmsaʁa/,名词,轮回。,源自梵语「संसार」(samsara)。
3413,sang,/saŋ/,名词,血。,源自拉丁语「sanguis」(sanguis) 词干。
3414,sangebét,/saŋ.ɡəˈbeːtʰ/,名词,热血。,sang（血）+ bét（热）。
3415,sani,/ˈsani/,名词,雪橇。,源自俄语「сани」(sani)。
3416,saniasin,/saniˈasin/,名词,苦行者。,源自梵语「संन्यासिन्」(sannyasin)。
3417,sano,/ˈsano/,名词,健康。,源自拉丁语「sanus」。
3418,santo,/ˈsantʰo/,名词,沙子。,源自德语「Sand」。
3419,sǽø,/ˈsæːø/,名词,史诗英雄。,源自希腊语「ἥρως」(heros)。
3420,sapientia,/sapiəˈntʰia/,名词,智慧。,源自拉丁语「sapientia」。
3421,sapogi,/saˈpoɡi/,名词,长靴。,源自俄语「сапоги」(sapogi)。
3422,sarha,/ˈsaɹha/,名词,寓言。,原生词根。
3423,sarkin,/ˈsaʁ.kʰin/,动词,打包，收拾行装。,源自拉丁语「sarcina」(行囊)
3424,sarunko,/saˈʁuŋkʰo/,名词,纱笼。,源自马来语「sarung」。
3425,sashimi,/saˈʃimi/,名词,生鱼片。,源自日语「刺身」(sashimi)。
3426,sat,/ˈsatʰ/,名词,沙爹。,源自马来语「sate」。
3427,satelit,/saˈtʰelitʰ/,名词,卫星。,源自英语「satellite」。
3428,sati,/ˈsatʰi/,名词,投石索。,原生词根。
3429,satira,/saˈtʰiʁa/,名词,讽刺。,源自拉丁语「satira」。
3430,saturdien,/sa.tʰuɹˈdi.en/,名词,星期六（土曜日）。,satur（土星）+ dien。
3431,savanto,/saˈvantʰo/,名词,学者。,源自法语「savant」。
3432,savon,/ˈsavon/,名词,肥皂。,源自法语「savon」。
3433,sawah,/ˈsawah/,名词,稻田。,源自马来语「sawah」。
3434,sawit,/ˈsawitʰ/,名词,棕榈。,源自马来语「sawit」。
3435,saz,/ˈsaz/,名词,灯芯草。,借词「saz」。
3436,scen,/skən/,名词,景。,"英语 ""scene""。"
3437,sci,/ski/,动词,知道。,"拉丁语 ""scire""。"
3438,se,/sə/,连词,如果。,条件语气词缀独立形式。
3439,sed,/səd/,连词,"但是（书面语，区分于 ""abo""）。","第二版新增，源自拉丁语 ""sed""。"
3440,seder,/ˈsedəɹ/,动词,坐下。,源自拉丁语「sedere」。
3441,seditio,/sədiˈtʰio/,名词,起义。,源自拉丁语「seditio」。
3442,seík,/ˈseiːkʰ/,名词,首饰。,原生词根。
3443,seil,/ˈseil/,名词,绳子。,源自德语「Seil」。
3444,seka,/ˈse.kʰa/,形容词,干燥的。,"拉丁语 ""siccus""。"
3445,seken,/ˈsekʰən/,动词,变成干燥。,「seka」+ 后缀 -en（变成）。
3446,seker,/ˈsekʰəɹ/,名词,糖。,借词「seker」。
3447,sekli,/ˈsekʰli/,副词,干燥地。,「seka」+ 后缀 -li（副词化）。
3448,sekourso,/səkʰoˈuɹso/,名词,救援。,源自法语「secours」。
3449,sekretali,/səkʰrəˈtʰali/,副词,秘密地。,「sekretus」+「-li」。
3450,sekreti,/səˈkʰretʰi/,形容词,秘密的。,源自拉丁语「secretus」。
3451,sekta,/ˈsekʰtʰa/,名词,教派。,源自拉丁语「secta」。
3452,sekunda,/səˈkʰunda/,名词,秒钟。,源自拉丁语「secunda」。
3453,sekura,/səˈkʰu.ʁa/,形容词,安全的，平安的。,源自拉丁语「securus」
3454,sekurit,/səˈkʰuʁitʰ/,名词,安全。,源自法语「sécurité」。
3455,sekv,/səkʰv/,动词,跟随。,源自拉丁语「sequi」。
3456,selfklára,/selfˈkʰlaː.ʁa/,形容词,自明的。,"""self"" + ""klára""。"
3457,selfkláren,/səˈlfkʰlaːʁən/,动词,变成自明。,「selfklára」+ 后缀 -en（变成）。
3458,selfklárli,/səˈlfkʰlaːɹli/,副词,自明地。,「selfklára」+ 后缀 -li（副词化）。
3459,selo,/ˈselo/,名词,细胞。,源自英语「cell」。
3460,selvi,/ˈselvi/,名词,柏树。,借词「selvi」。
3461,semajno,/səˈma.d͡ʒ.no/,名词,星期，周。,借世界语 semajno。
3462,semarso,/səˈmaɹso/,名词,饥荒。,原生词根。
3463,semento,/səˈmentʰo/,名词,水泥。,源自英语「cement」。
3464,semestro,/səˈmestʰro/,名词,学期。,源自拉丁语「semestris」。
3465,semifinal,/səmiˈfinal/,名词,半决赛。,源自英语「semifinal」。
3466,semilekva,/se.miˈlekʰ.va/,形容词,半弯的，半弧的。,拉丁语前缀「semi-」（一半）+「lekva」（弯曲的）
3467,seminar,/səˈminaɹ/,名词,研讨。,源自英语「seminar」。
3468,semni,/ˈsemni/,形容词,庄严的。,源自希腊语「σεμνός」(semnos)。
3469,semo,/ˈse.mo/,名词,种子。,"拉丁语 ""semen""。"
3470,semper,/ˈsempəɹ/,副词,始终。,源自拉丁语「semper」。
3471,sempre,/ˈsem.prə/,副词,总是。,"意大利语 ""sempre""。"
3472,sen,/ˈsen/,名词,莲。,源自越南语「sen」。
3473,sen-,/sən/,前缀,无，否定。,"从 ""senhalte"" 中提取。"
3474,séna,/ˈseː.na/,形容词,甜的，甜美的。,原生词根。
3475,senateur,/sənaˈtʰeuɹ/,名词,参议员。,源自法语「sénateur」。
3476,senatus,/səˈnatʰus/,名词,元老院。,源自拉丁语「senatus」。
3477,senbezona,/sen.beˈzo.na/,形容词,多余的，不必要的。,sen-（无）+ bezon（需要，词典词）+ -a
3478,senĉa,/ˈsentʃa/,名词,煎茶。,源自日语「煎茶」(sencha)。
3479,send,/sənd/,动词,发送。,源自英语「send」。
3480,sendar,/sənˈdaɹ/,动词,发送。,"英语 ""send"" + ""-ar""。"
3481,sénen,/ˈseːnən/,动词,变成甜。,「séna」+ 后缀 -en（变成）。
3482,senfina,/səˈnfina/,形容词,无尽的。,「sen-」+「fino」。
3483,senforte,/senˈfoɹ.te/,副词,无力地，无可奈何地。,「sen-」（无）+「forto」（力量）+ -e（副词词尾）
3484,senhalte,/sənˈhal.tʰə/,副词,不停歇地。,"""sen""（无）+ ""halte""（停止）。"
3485,senhæsite,/senˈhæ.si.te/,副词,毫不犹豫地，干脆地。,「sen-」（无）+「hæsitar」（犹豫）+ -e（副词词尾）
3486,senintentli,/sen.inˈtent.li/,副词,无意地，不经意地。,sen-（无）+ intenta（意图）+ -li
3487,senkonsider,/sən.kʰonˈsi.dəɹ/,连词/副词,不管。,"""sen-"" + ""konsider""。"
3488,senkonsiosli,/sen.kon.siˈos.li/,副词,无意识地，下意识地。,sen-（无）+ konsosio（意识，词典词）+ -li
3489,sénli,/ˈseːnli/,副词,甜地。,「séna」+ 后缀 -li（副词化）。
3490,senplen,/sənˈplen/,副词,毫不，一点也不。,sen（无）+ plena（满）。
3491,senpoves,/ˈsen.po.ves/,副词,无奈地，无能为力地。,sen- + 「pov」(能) + 副词后缀 -es
3492,sensitiva,/sən.siˈtʰiva/,形容词,敏感的。,"拉丁语 ""sensitivus""，词尾清化。"
3493,sensitiven,/sənsiˈtʰivən/,动词,变成敏感。,「sensitiva」+ 后缀 -en（变成）。
3494,sensitivli,/sənsiˈtʰivli/,副词,敏感地。,「sensitiva」+ 后缀 -li（副词化）。
3495,sensu,/ˈsensu/,名词,扇子。,源自日语「扇子」(sensu)。
3496,sententia,/səntʰəˈntʰia/,名词,判决。,源自拉丁语「sententia」。
3497,senti,/ˈsen.tʰi/,动词,感觉。,借世界语 senti。
3498,senti-,/ˈsen.tʰi/,前缀,情感相关的。,第二版新增。
3499,sentikor,/sən.tʰiˈkʰoɹ/,名词,因共情而生的、替别人心疼的感觉。,senti-（情感）+ kor（心）。
3500,sentópbi,/səˈntʰoːpbi/,名词,悬崖。,原生词根。
3501,senutíla,/sən.uˈtʰiːla/,形容词,没用的。,"""sen-"" + ""utíl""。"
3502,senutílen,/sənuˈtʰiːlən/,动词,变成没用。,「senutíla」+ 后缀 -en（变成）。
3503,senutíli,/sənuˈtʰiːli/,副词,没用地。,「senutíla」+ 后缀 -li（副词化）。
3504,separar,/səˈpaʁaɹ/,动词,分离。,源自拉丁语「separare」。
3505,serar,/ˈseɹraɹ/,动词,锁上。,源自拉丁语「serrare」。
3506,serĉ,/səɹtʃ/,动词,寻找。,源自法语「chercher」。
3507,seremonia,/səʁəmoˈnia/,名词,典礼。,源自拉丁语「ceremonia」。
3508,serenata,/səʁəˈnatʰa/,名词,小夜曲。,源自意大利语「serenata」。
3509,seri,/ˈseʁi/,形容词,严肃的。,源自拉丁语「serius」。
3510,seris,/ˈseʁis/,名词,樱桃。,源自法语「cerise」。
3511,sermo,/ˈseɹmo/,名词,布道。,源自拉丁语「sermo」。
3512,serpento,/səɹˈpen.tʰo/,名词,蛇。,"拉丁语 ""serpens""。"
3513,sertamen,/səˈɹtʰamən/,名词,比赛。,源自拉丁语「certamen」。
3514,serti,/ˈseɹtʰi/,形容词,确定的。,源自拉丁语「certus」。
3515,sertitudo,/səɹtʰiˈtʰudo/,名词,确信。,源自拉丁语「certitudo」。
3516,serto,/ˈseɹtʰo/,副词,确实地。,源自拉丁语「certe」。
3517,servieto,/səɹviˈetʰo/,名词,毛巾。,源自法语「serviette」。
3518,servitio,/seɹˈvi.tʰio/,名词,服务。,源自拉丁语「servitium」
3519,servitus,/səˈɹvitʰus/,名词,奴役。,源自拉丁语「servitus」。
3520,sesar,/ˈsesaɹ/,动词,停止。,源自拉丁语「cessare」。
3521,seshereso,/səʃəˈʁeso/,名词,旱灾。,源自法语「sécheresse」。
3522,sétmar,/ˈseːtʰmaɹ/,名词,农夫。,原生词根。
3523,setulfo,/səˈtʰulfo/,名词,竹简。,原生词根。
3524,séva,/ˈseː.va/,数词,七。,"英语 ""seven""。"
3525,séx,/seːks/,数词,六。,日耳曼词源。
3526,sezon,/səˈzon/,名词,季节。,"法语 ""saison""。"
3527,sezonturne,/sə.zonˈtʰuɹ.nə/,名词,季节交替时那股说不清的微茫怅然。,sezon（季节）+ turne（转）。
3528,sfæra,/ˈsfæʁa/,名词,球体。,源自拉丁语「sphaera」。
3529,shais,/ˈʃais/,名词,椅子。,源自法语「chaise」。
3530,shaiseto,/ˈʃai.se.tʰo/,名词,小椅子。,「shais」（椅子）+ 中缀 -et-（小）+ -o
3531,shajn,/ʃajn/,动词,似乎。,借世界语 ŝajni。
3532,shajne,/ˈʃaj.nə/,副词,好像，似乎。,源自「shajn」（似乎）+ 副词化 -e。
3533,shamboro,/ʃaˈmboʁo/,名词,卧室。,源自法语「chambre」。
3534,shampuo,/ˈʃam.pu.o/,名词,洗发水。,源自英语「shampoo」。
3535,shanta,/ˈʃantʰa/,形容词,安宁的。,源自梵语「शान्त」(shanta)。
3536,shanteur,/ʃaˈntʰeuɹ/,名词,歌手。,源自法语「chanteur」。
3537,shanti,/ˈʃantʰi/,名词,寂静。,源自梵语「शान्ति」(shanti)。
3538,shapeau,/ʃapəˈau/,名词,帽子。,源自法语「chapeau」。
3539,shar,/ʃaɹ/,动词,共享。,"英语 ""share""。"
3540,sharĝo,/ˈʃaɹd͡ʒo/,名词,负担。,源自法语「charge」。
3541,shastora,/ʃaˈstʰoʁa/,名词,经典。,源自梵语「शास्त्र」(shastra)。
3542,shati,/ˈʃa.tʰi/,动词,喜欢。,借世界语 ŝati。
3543,shaufeur,/ʃauˈfeuɹ/,名词,司机。,源自法语「chauffeur」。
3544,shchŭ,/ʃːʲʌ/,动词,行动，活动。,原生词根。
3545,shef,/ˈʃef/,名词,厨师。,源自法语「chef」。
3546,shemis,/ˈʃemis/,名词,衬衫。,源自法语「chemise」。
3547,shép,/ˈʃeːp/,名词,羊。,源自日耳曼语「sheep」。
3548,sher,/ˈʃeɹ/,名词,剪刀。,源自德语「Schere」。
3549,shibi,/ˈʃibi/,形容词,素雅的。,源自日语「渋い」(shibui)。
3550,shielto,/ʃiˈeltʰo/,名词,盾。,源自日耳曼语「shield」。
3551,shil,/ˈʃil/,名词,辣椒。,源自西班牙语「chile」。
3552,shilénta,/ʃiˈleːntʰa/,形容词,安静的。,原创词。
3553,shilénten,/ʃiˈleːn.tʰən/,动词,静下来。,"""shilént"" + 动词化后缀 ""-en""。"
3554,shiléntli,/ʃiˈleːntʰ.li/,副词,安静地。,"""shilént"" + 副词化后缀 ""-li""。"
3555,ship,/ˈʃip/,名词,轮船。,源自英语「ship」。
3556,shirmo,/ˈʃiɹmo/,名词,雨伞。,源自德语「Schirm」。
3557,shishia,/ʃiˈʃia/,名词,弟子。,源自梵语「शिष्य」(shishya)。
3558,shiva,/ˈʃiva/,名词,湿婆。,源自梵语「शिव」(shiva)。
3559,shizuka,/ʃiˈzukʰa/,形容词,宁静的。,源自日语「静か」(shizuka)。
3560,shlor,/ʃloɹ/,动词,流动。,原创词。
3561,sho,/ˈʃo/,名词,鞋子。,源自日耳曼语「shoe」。
3562,shoĉu,/ˈʃotʃu/,名词,烧酒。,源自日语「焼酎」(shochu)。
3563,shodo,/ˈʃodo/,名词,书道。,源自日语「書道」(shodo)。
3564,shogi,/ˈʃoɡi/,名词,将棋。,源自日语「将棋」(shogi)。
3565,shoĝi,/ˈʃod͡ʒi/,名词,障子。,源自日语「障子」(shoji)。
3566,shoiu,/ʃoˈiu/,名词,酱油。,源自日语「醤油」(shoyu)。
3567,shoki,/ˈʃokʰi/,名词,菜汤。,源自俄语「щи」(shchi)。
3568,shokolat,/ʃoˈkʰolatʰ/,名词,巧克力。,源自西班牙语「chocolate」。
3569,sholusel,/ʃoˈlusəl/,名词,扳手。,源自德语「Schlüssel」。
3570,shoramanera,/ʃoʁamaˈneʁa/,名词,沙弥。,源自梵语「श्रमणेर」(shramanera)。
3571,shoranko,/ʃoˈʁaŋkʰo/,名词,柜子。,源自德语「Schrank」。
3572,shoraubenzieher,/ʃoʁaubənziˈehəɹ/,名词,螺丝刀。,源自德语「Schraubenzieher」。
3573,shou,/ˈʃou/,名词,卷心菜。,源自法语「chou」。
3574,shudoha,/ʃuˈdoha/,形容词,圣洁的。,源自梵语「शुद्ध」(shuddha)。
3575,shudra,/ˈʃudra/,名词,首陀罗。,源自梵语「शूद्र」(shudra)。
3576,shunia,/ʃuˈnia/,形容词,空灵的。,源自梵语「शून्य」(shunya)。
3577,shuniata,/ʃuniˈatʰa/,名词,空。,源自梵语「शून्यता」(shunyata)。
3578,shuo,/ˈʃu.o/,名词,鞋。,借世界语 ŝuo。
3579,shusel,/ˈʃusəl/,名词,汤碗。,源自德语「Schüssel」。
3580,shutinko,/ʃuˈtʰiŋkʰo/,名词,射击。,源自英语「shooting」。
3581,sid,/sid/,动词,坐。,借世界语 sidi。
3582,sida,/ˈsi.da/,动词,坐。,"拉丁语 ""sedere""。"
3583,sideo,/siˈdeo/,名词,座位。,源自拉丁语「sedeo」。
3584,sidú,/ˈsiduː/,名词,稻谷。,原生词根。
3585,sientia,/siəˈntʰia/,名词,学问。,源自拉丁语「scientia」。
3586,sientiafenta,/si.en.ti.aˈfen.tʰa/,形容词,科幻的。,「sientia」（学问）+「fenta」（幻想）
3587,siep,/ˈsiəp/,名词,筛子。,源自德语「Sieb」。
3588,sife,/ˈsifə/,名词,栅栏。,原生词根。
3589,sífe,/ˈsiːfə/,副词,猛然地。,原生词根。
3590,signal,/ˈsiɡnal/,名词,信号。,源自英语「signal」。
3591,signar,/ˈsig.naɹ/,动词,示意，打手势。,源自拉丁语「signare」
3592,signifar,/ˈsig.ni.faɹ/,动词,意味着，表示。,源自拉丁语「significare」
3593,signifik,/siɡ.niˈfikʰ/,动词,示意，表示。,源自拉丁语「significare」
3594,signifikar,/sigˈni.fi.kʰaɹ/,动词,意味着，表示。,源自拉丁语「significare」
3595,sií,/ˈsiiː/,名词,愚人。,原生词根。
3596,síkloǽ,/siːˈkʰloæː/,名词,灯。,源自德语「Lampe」。
3597,silaba,/siˈlaba/,名词,音节。,源自拉丁语「syllaba」。
3598,silfep,/ˈsilfəp/,名词,盟约。,原生词根。
3599,silindorus,/siliˈndoʁus/,名词,圆柱。,源自拉丁语「cylindrus」。
3600,simetria,/siməˈtʰria/,名词,对称。,源自拉丁语「symmetria」。
3601,simha,/ˈsimha/,名词,狮子。,源自梵语「सिंह」(simha)。
3602,simil,/si.ˈmil/,动词,相似。,借世界语 simili。
3603,simila,/ˈsi.mi.la/,动词,相似。,"拉丁语 ""similis"" 动词化。"
3604,similakor,/si.mi.laˈkʰoɹ/,名词,初次见面却似曾相识的奇异熟悉感。,simila（相似）+ kor（心）。
3605,simílen,/siˈmiːlən/,动词,变成一样。,「simíli」+ 后缀 -en（变成）。
3606,simíli,/siˈmiːli/,形容词,一样的。,"拉丁语 ""similis""。"
3607,simpli,/ˈsim.pli/,形容词,简单的。,源自拉丁语「simplex」
3608,simpliça,/simˈpli.sa/,形容词,简单的。,"源自拉丁语「simplex, simplicis」"
3609,simpliçití,/sim.pliˈsi.tʰiː/,名词,简单性。,"拉丁语 ""simplicitās""。"
3610,simul,/ˈsimul/,副词,一起。,源自拉丁语「simul」。
3611,sin,/sin/,代词,自己（宾格）。,第二版新增。
3612,Sinamorol,/siˈna.mo.ʁol/,名词,玉桂狗（三丽鸥角色）。,英语「Cinnamoroll」的拉丁化转写。
3613,sinçera,/siˈnseʁa/,形容词,真诚的。,「sinçeriti」词根。
3614,sinçeriti,/sinˈse.ʁi.tʰi/,名词,真诚，诚意。,"英语 ""sincerity""。"
3615,sinema,/siˈnema/,名词,电影院。,源自法语「cinéma」。
3616,sinfonia,/sinfoˈnia/,名词,交响乐。,源自意大利语「sinfonia」。
3617,sinjoro,/sin.ˈjo.ʁo/,名词,先生。,借世界语 sinjoro。
3618,sink,/siŋkʰ/,名词,心灵。,原创词。
3619,sinkrazon,/siŋ.kʰraˈzon/,名词,心忽然澄明的那一下顿悟。,sink（心灵）+ razon（澄明）。
3620,sinmortif,/siˈnmoɹtʰif/,动词,自杀。,「sin」+「mort」+「-if」。
3621,siparium,/sipaˈʁium/,名词,幕。,源自拉丁语「siparium」。
3622,siplotgen,/siˈplotʰɡən/,名词,颜料。,原生词根。
3623,sipsarap,/siˈpsaʁap/,动词,嗅闻。,原生词根。
3624,síra,/ˈsiː.ʁa/,动词,站立，停下。,原生词根。
3625,sirena,/siˈʁena/,名词,女妖。,源自希腊语「sirena」。
3626,sirka,/ˈsiɹkʰa/,副词,大约。,源自拉丁语「circa」。
3627,sirkuit,/siˈɹkʰuitʰ/,名词,电路。,源自英语「circuit」。
3628,sirkulus,/siˈɹkʰulus/,名词,循环。,源自拉丁语「circulus」。
3629,sisosu,/siˈsosu/,名词,屋檐。,原生词根。
3630,sistema,/siˈstʰema/,名词,体系。,源自拉丁语「systema」。
3631,sitatio,/sitʰaˈtʰio/,名词,引文。,源自拉丁语「citatio」。
3632,sitron,/ˈsitʰron/,名词,柠檬。,源自法语「citron」。
3633,situaçia,/sitʰuaˈsia/,名词,情况，局面。,源自法语「situation」。
3634,siu,/ˈsiu/,名词,篮子。,原生词根。
3635,sivilizo,/siviˈlizo/,名词,文明。,源自世界语「civilizo」。
3636,sivis,/ˈsivis/,名词,公民。,源自拉丁语「civis」。
3637,skæna,/ˈskʰæna/,名词,舞台。,源自拉丁语「scaena」。
3638,skander,/ˈskʰandəɹ/,动词,攀爬。,源自拉丁语「scandere」。
3639,skaner,/ˈskʰanəɹ/,名词,扫描仪。,源自英语「scanner」。
3640,skedo,/ˈskʰe.do/,名词,草稿，稿子，速写。,源自拉丁语「schedium」
3641,skínko,/ˈskʰiːŋkʰo/,名词,滑雪。,源自英语「skiing」。
3642,skola,/ˈskʰola/,名词,学校。,源自拉丁语「schola」。
3643,skoleri,/skʰoˈleʁi/,形容词,坚硬的。,源自希腊语「σκληρός」(skleros)。
3644,skor,/ˈskʰoɹ/,名词,得分。,源自英语「score」。
3645,skoresti,/skʰoˈʁestʰi/,动词,刮擦。,源自俄语「скрести」(skresti)。
3646,skorev,/ˈskʰoʁəv/,名词,螺丝。,源自英语「screw」。
3647,skorin,/ˈskʰoʁin/,名词,屏幕。,源自英语「screen」。
3648,skoteini,/skʰotʰəˈini/,形容词,昏暗的。,源自希腊语「σκοτεινός」(skoteinos)。
3649,skui,/ˈskʰu.i/,动词,摇。,借世界语 skui。
3650,skulpoteur,/skʰulpoˈtʰeuɹ/,名词,雕塑家。,源自法语「sculpteur」。
3651,skulpotura,/skʰulpoˈtʰuʁa/,名词,雕刻。,源自拉丁语「sculptura」。
3652,slæ,/ˈslæ/,名词,祈祷。,源自拉丁语「oratio」。
3653,slogana,/sloˈɡa.na/,名词,口号。,源自英语「slogan」
3654,slukak,/ˈslukʰakʰ/,动词,倾听。,源自波兰语「sluchac」。
3655,smetana,/sməˈtʰana/,名词,酸奶油。,源自俄语「сметана」(smetana)。
3656,soba,/ˈsoba/,名词,荞麦面。,源自日语「蕎麦」(soba)。
3657,sobaka,/soˈbakʰa/,名词,狗。,源自俄语「собака」(sobaka)。
3658,soboki,/soˈbokʰi/,形容词,质朴的。,源自日语「素朴」(soboku)。
3659,sobor,/ˈsoboɹ/,名词,大教堂。,源自俄语「собор」(sobor)。
3660,soe,/ˈsoə/,名词,穹顶。,源自意大利语「cupola」。
3661,sofi,/ˈsofi/,形容词,智慧的。,源自希腊语「σοφός」(sophos)。
3662,softovar,/soˈftʰovaɹ/,名词,软件。,源自英语「software」。
3663,soitari,/soiˈtʰaʁi/,名词,小丑。,借词「soytari」。
3664,soket,/ˈsokʰətʰ/,名词,插座。,源自英语「socket」。
3665,solarium,/solaˈʁium/,名词,日晷。,源自拉丁语「solarium」。
3666,soldat,/ˈsoldatʰ/,名词,士兵。,源自法语「soldat」。
3667,soldien,/solˈdi.ən/,名词,星期日（日曜日）。,solo（太阳）+ dien。
3668,sóli,/ˈsoː.li/,副词,仅仅，只。,"拉丁语 ""solus"" 副词化。"
3669,soli,/ˈso.li/,形容词,独自的，单独的。,源自拉丁语「solus」（单独的）
3670,solilokuium,/solilokʰuˈium/,名词,独白。,源自拉丁语「soliloquium」。
3671,solit,/ˈsolitʰ/,动词,腌制。,源自俄语「солить」(solit)。
3672,solitara,/soˈli.ta.ʁa/,形容词,孤独的，寂寥的。,源自拉丁语「solitarius」
3673,solituda,/so.liˈtu.da/,名词,孤独。,源自拉丁语「solitudo」
3674,solitudo,/soˈli.tʰu.do/,名词,孤独，寂寞。,源自拉丁语「solitudo」
3675,sololme,/soˈlolmə/,名词,面糊。,原生词根。
3676,soloniegribi,/soloniəˈɡribi/,名词,腌蘑菇。,源自俄语「солёные грибы」(solonye griby)。
3677,solonieogurci,/soloniəoˈɡuɹki/,名词,腌黄瓜。,源自俄语「солёные огурцы」(solonye ogurtsy)。
3678,solovei,/soloˈvei/,名词,夜莺。,源自俄语「соловей」(solovey)。
3679,solus,/ˈsolus/,副词,单独。,源自拉丁语「solus」。
3680,solvar,/ˈsol.vaɹ/,动词,解决，化解。,源自拉丁语「solvere」
3681,solver,/ˈsol.vəɹ/,动词,解决，消除。,源自拉丁语「solvere」
3682,somer,/ˈso.məɹ/,名词,夏季。,"德语 ""Sommer""。"
3683,somerhresto,/soməˈɹhrestʰo/,名词,暑假。,「somer」+「hresto」。
3684,somet,/ˈsomətʰ/,名词,山峰。,源自法语「sommet」。
3685,son,/son/,名词,声。,"拉丁语 ""sonus""。"
3686,søn,/søn/,动词,歌颂（较正式）。,原生词根。
3687,sonata,/soˈnatʰa/,名词,奏鸣曲。,源自意大利语「sonata」。
3688,sonmai,/soˈnmai/,名词,漆器。,源自越南语「son mai」。
3689,sono,/ˈso.no/,名词,声响。,借拉丁 sonus。
3690,sonor,/ˈso.noɹ/,名词,叮当声。,第二版新增。
3691,sonyón,/sonˈjoːn/,名词,梦，梦境。,"法语 ""songe"" + 后缀 ""-ón""。"
3692,soprano,/soˈprano/,名词,高音。,源自意大利语「soprano」。
3693,sorela,/soˈʁela/,名词,姐姐。,源自拉丁语「soror」变体。
3694,sosietas,/sosiˈetʰas/,名词,社团。,源自拉丁语「societas」。
3695,sosio,/soˈsio/,名词,社会。,源自世界语「socio」。
3696,sóta,/ˈsoː.tʰa/,名词,甜（名词）。,原生词根。
3697,sotif,/ˈsotʰif/,名词,刀刃。,原生词根。
3698,sotonko,/soˈtʰoŋkʰo/,名词,鱿鱼。,源自马来语「sotong」。
3699,soup,/ˈsoup/,名词,汤。,源自日耳曼语「soup」。
3700,sov,/ˈsov/,名词,房子（≤三层）。,原创词。
3701,sova,/ˈsova/,名词,猫头鹰。,源自俄语「сова」(sova)。
3702,sove,/ˈsovə/,名词,幻象。,原生词根。
3703,soven,/ˈso.vən/,动词,建造房屋。,"""sov"" + 动词化后缀 ""-en""。"
3704,spaĝeti,/spaˈd͡ʒetʰi/,名词,意大利面。,源自意大利语「spaghetti」。
3705,sparar,/ˈspa.ʁaɹ/,动词,节省，省下。,源自英语「spare」加动词化 -ar
3706,spatium,/spaˈtʰium/,名词,空间。,源自拉丁语「spatium」。
3707,spear,/ˈspeaɹ/,名词,长矛。,源自日耳曼语「spear」。
3708,spektator,/spəˈkʰtʰatʰoɹ/,名词,观众。,源自拉丁语「spectator」。
3709,sperar,/ˈspeʁaɹ/,动词,期望。,源自拉丁语「sperare」。
3710,sperto,/ˈspeɹtʰo/,名词,经验。,源自拉丁语「experientia」。
3711,spesiali,/spəsiˈali/,形容词,特殊的。,源自拉丁语「specialis」。
3712,spesies,/spəˈsiəs/,名词,类别。,源自拉丁语「species」。
3713,spider,/ˈspidəɹ/,名词,蜘蛛。,源自日耳曼语「spider」。
3714,spira,/ˈspi.ʁa/,动词,呼吸。,"拉丁语 ""spirare""。"
3715,spolia,/spoˈlia/,名词,战利品。,源自拉丁语「spolia」。
3716,sporinko,/spoˈʁiŋkʰo/,名词,弹簧。,源自英语「spring」。
3717,sporto,/ˈspoɹtʰo/,名词,体育。,源自英语「sport」。
3718,sráv,/sraːv/,动词,受苦。,"英语 ""starv""。"
3719,stabila,/stʰaˈbila/,形容词,稳定的。,源自拉丁语「stabilis」。
3720,stabiles,/ˈstʰa.bi.les/,名词,安稳，稳定。,「stabila」（稳定的）+ 后缀 -es（抽象名词）
3721,stacio,/stʰaˈki.o/,名词,车站。,借拉丁 statio。
3722,stadium,/stʰaˈdium/,名词,球场。,源自英语「stadium」。
3723,stako,/ˈstʰa.kʰo/,名词,堆，沓。,源自德语「Stapel」。
3724,stǽlúvrut,/stʰæːˈluːvrutʰ/,动词,融化。,原生词根。
3725,stancía,/stʰaˈnkiːa/,名词,驿站。,源自俄语「станция」(stantsiya)。
3726,standingarmeó,/stʰan.diŋ.ar.meˈoː/,名词,常备军。,"""standing"" + ""armeó""。"
3727,star,/stʰaɹ/,动词,站。,借世界语 stari。
3728,stara,/ˈstʰa.ʁa/,动词,站立。,"拉丁语 ""stare""。"
3729,stari,/ˈstʰa.ʁi/,动词,站起，起身。,源自拉丁语「stare」(stare) + 动词化 -i（对比 stara）。
3730,start,/stʰaɹtʰ/,动词,开始。,借英语 start。
3731,starte,/ˈstʰaɹ.tʰə/,动词,开始。,"英语 ""start"" + ""-e""。"
3732,stat,/ˈstʰatʰ/,名词,体育场。,源自法语「stade」。
3733,statik,/ˈstʰatʰikʰ/,名词,静力。,源自希腊语「στατική」(statike)。
3734,statim,/ˈstʰatʰim/,副词,立刻。,源自拉丁语「statim」。
3735,statio,/stʰaˈtʰio/,名词,车站。,源自拉丁语「statio」。
3736,statistika,/stʰatʰiˈstʰikʰa/,名词,统计。,源自拉丁语「statistica」。
3737,stato,/ˈstʰatʰo/,名词,状态。,源自拉丁语「status」。
3738,statua,/stʰaˈtʰua/,名词,雕塑。,源自拉丁语「statua」。
3739,statuto,/stʰaˈtʰu.tʰo/,名词,章程。,借拉丁 statutum。
3740,steadji,/ˈstʰe.ad͡ʒi/,动词,使稳定。,"""stead""（稳定）+ 使动后缀 ""-ji""。"
3741,stefan,/ˈstʰefan/,名词,月桂花环。,源自希腊语「στεφάνη」(stephane)。
3742,stein,/ˈstʰein/,名词,石头。,源自德语「Stein」。
3743,stejí,/ˈstʰed͡ʒiː/,动词,使稳定，安于。,"英语 ""steady"" + 使动后缀 ""-ji""。"
3744,stel,/ˈstʰel/,名词,星星。,源自拉丁语「stella」。
3745,stelfulgo,/stʰəlˈful.ɡo/,名词,繁星。,"""stel""（星）+ ""fulgo""（闪烁）。"
3746,step,/stʰəp/,名词,草原。,第二版新增。
3747,stepalaud,/stʰə.paˈlaud/,名词,草原百灵鸟。,第二版新增。
3748,stev,/ˈstʰev/,名词,炖菜。,源自日耳曼语「stew」。
3749,stiblulga,/stʰiˈblulɡa/,名词,测量。,原生词根。
3750,stibresa,/stʰiˈbresa/,形容词,倔强的。,原生词根。
3751,stiefel,/stʰiˈefəl/,名词,靴子。,源自德语「Stiefel」。
3752,stil,/ˈstʰil/,名词,钢铁。,源自英语「steel」。
3753,stimda,/ˈstʰimda/,形容词,蓬松的。,原生词根。
3754,stipe,/ˈstʰi.pʰə/,名词,树干。,源自拉丁语「stipes」
3755,stok,/ˈstʰokʰ/,名词,股票。,源自英语「stock」。
3756,stokã,/ˈstʰokʰɐ̃/,名词,深处。,原生词根。
3757,stokbuo,/stʰoˈkʰbuo/,名词,餐巾。,源自德语「Serviette」。
3758,stól,/ˈstʰoːl/,名词,凳。,源自日耳曼语「stool」。
3759,stoma,/ˈstʰoma/,名词,暮色。,原生词根。
3760,storata,/stʰoˈʁatʰa/,名词,道路。,源自拉丁语「strata」。
3761,storateĝi,/stʰoʁaˈtʰed͡ʒi/,名词,策略。,源自英语「strategy」。
3762,storategos,/stʰoʁaˈtʰeɡos/,名词,战略家。,源自希腊语「στρατηγός」(strategos)。
3763,storuktura,/stʰoʁuˈkʰtʰuʁa/,名词,结构。,源自拉丁语「structura」。
3764,storumpofo,/stʰoʁuˈmpofo/,名词,袜子。,源自德语「Strumpf」。
3765,stukat,/ˈstʰukʰatʰ/,动词,敲击。,源自俄语「стучать」(stukat)。
3766,stúlgå,/ˈstʰuːlɡɔː/,名词,仇敌。,原生词根。
3767,stupa,/ˈstʰupa/,名词,佛塔。,源自梵语「स्तूप」(stupa)。
3768,sturmo,/ˈstʰuɹmo/,名词,暴风。,源自德语「Sturm」。
3769,sub,/sub/,介词,在……下面。,源自拉丁语「sub」。
3770,sube,/ˈsu.bə/,介词,在……下。,造词（与方位格 -æt 相对）。
3771,subite,/suˈbi.tʰe/,副词,突然地。,源自拉丁语「subito」。
3772,subjektivi,/subˈd͡ʒek.tʰi.vi/,形容词,主观的。,源自拉丁语「subiectivus」
3773,submarin,/suˈbmaʁin/,名词,潜水艇。,源自英语「submarine」。
3774,submerĝer,/suˈbmeɹd͡ʒəɹ/,动词,沉没。,源自拉丁语「submergere」。
3775,subsista,/subˈsis.tʰa/,动词,存在，存续。,源自拉丁语「subsistere」
3776,subteno,/suˈbtʰeno/,名词,支持。,源自拉丁语「subtenere」。
3777,subtila,/subˈti.la/,形容词,细腻的，清秀的，精致的。,源自拉丁语「subtilis」
3778,suĉa,/ˈsu.tʃa/,动词,吸吮。,"拉丁语 ""sugere""。"
3779,sudoro,/suˈdo.ʁo/,名词,汗。,源自拉丁语「sudor」
3780,sufero,/suˈfeʁo/,名词,痛苦。,源自世界语「sufero」。
3781,sufiĉ,/su.ˈfitʃ/,动词,足够。,借世界语 sufiĉi。
3782,sufiĉe,/suˈfitʃə/,副词,足够地。,源自世界语「sufiĉe」。
3783,sukceso,/sukˈtʰe.so/,名词,成功。,源自法语「succès」。
3784,sukseso,/suˈkʰseso/,名词,成功。,源自世界语「sukceso」。
3785,sukumara,/sukʰuˈmaʁa/,形容词,柔和的。,源自梵语「सुकुमार」(sukumara)。
3786,sultan,/ˈsultʰan/,名词,苏丹。,借词「sultan」。
3787,sumar,/ˈsumaɹ/,动词,总结。,源自拉丁语「summare」。
3788,sumatim,/ˈsu.ma.tʰim/,副词,总之，概括地。,源自拉丁语「summatim」
3789,sumo,/ˈsumo/,名词,相扑。,源自日语「相撲」(sumo)。
3790,sunluntva,/sun.lunˈtʰva/,名词,冬日午后慵懒的阳光，照在身上暖而无力。,sun+lun（日光）+ tva（慵懒）。
3791,super,/ˈsu.pəɹ/,介词,在……上面。,源自拉丁语「super」。
3792,superar,/suˈpe.ʁaɹ/,动词,超越，胜过。,源自拉丁语「superare」
3793,superba,/suˈpeɹba/,形容词,骄傲的，自豪的。,源自拉丁语「superbus」
3794,superbi,/suˈpeɹbi/,形容词,傲慢的。,源自拉丁语「superbus」。
3795,superior,/suˈpe.ʁioɹ/,名词,上级，上司。,源自拉丁语「superior」
3796,superiori,/supəʁiˈoʁi/,形容词,优越的。,源自拉丁语「superior」。
3797,supre,/ˈsu.prə/,介词,在……上。,造词。
3798,suprekurer,/suˈpre.kʰu.ʁeɹ/,动词,向上跑，跑上台。,「supre」（在……上）+「kurer」（奔跑）
3799,supremajuĝistó,/su.pre.ma.d͡ʒu.ˈd͡ʒis.tʰoː/,名词,最高裁判者。,"""suprema"" + ""juĝistó""。"
3800,sursel,/suɹˈsel/,动词,骑上。,第二版新增。
3801,susam,/ˈsusam/,名词,芝麻。,借词「susam」。
3802,susen,/ˈsusən/,名词,鸢尾。,借词「susen」。
3803,sushi,/ˈsuʃi/,名词,寿司。,源自日语「寿司」(sushi)。
3804,suspekto,/suˈspekʰtʰo/,名词,嫌疑犯。,源自法语「suspect」。
3805,suspender,/suˈspendəɹ/,动词,悬挂。,源自拉丁语「suspendere」。
3806,suspenderil,/susˈpen.də.ʁil/,名词,挂件（悬挂之物）。,「suspender」+「-il」。
3807,suspir,/su.ˈspiɹ/,动词,叹气。,借世界语 suspiri。
3808,sutra,/ˈsutʰra/,名词,经。,源自梵语「सूत्र」(sutra)。
3809,svan,/ˈsvan/,名词,天鹅。,源自日耳曼语「swan」。
3810,svasti,/ˈsvastʰi/,名词,福祉。,源自梵语「स्वस्ति」(svasti)。
3811,sviokla,/sviˈokʰla/,名词,甜菜。,源自俄语「свёкла」(svyokla)。
3812,svitĉo,/ˈsvitʰʃo/,名词,开关。,源自英语「switch」。
3813,svorto,/ˈsvoɹtʰo/,名词,剑。,源自日耳曼语「sword」。
3814,swadrospam,/swaˈdrospam/,名词,鸟群。,原生词根。
3815,swaksek,/ˈswa.kʰsəkʰ/,名词,深夜。,原生词根。
3816,swar,/swaɹ/,动词,承诺，发誓。,原创词。
3817,swaswokmum,/swasˈwokʰ.mum/,名词,绞架。,原生词根。
3818,swelet,/swˈelətʰ/,动词,咀嚼。,原生词根。
3819,swesva,/swˈesva/,名词,光泽。,原生词根。
3820,swétu,/ˈsweː.tʰu/,名词,数算。,原生词根。
3821,swisuphas,/swiˈsuphas/,副词,悄然地。,原生词根。
3822,swohifi,/swoˈhifi/,名词,讽刺剧。,源自希腊语「satira」。
3823,swua,/ˈswu.a/,动词,潮湿。,原生词根。
3824,swupini,/swuˈpini/,名词,信使。,原生词根。
3825,swusdil,/ˈswus.dil/,名词,歌者。,原生词根。
3826,szokzupak,/szoˈkʰzupakʰ/,名词,梭鱼。,源自波兰语「szczupak」。
3827,ta,/tʰa/,指示代词,那（远指）。,"""toka"" 简化变体。"
3828,tabako,/tʰaˈbakʰo/,名词,烟草。,源自西班牙语「tabaco」。
3829,tablo,/ˈtʰa.blo/,名词,桌子。,"拉丁语 ""tabula""。"
3830,tabloshar,/ˈtʰa.blo.ʃaɹ/,名词,同桌。,"""tablo"" + ""shar""。"
3831,tablosharven,/tʰab.lo.ʃaɹˈven/,名词,多年同坐一张桌后才有的那种熟悉与信任。,tabloshar（同桌）+ ven（情谊）。
3832,tabulo,/tʰaˈbu.lo/,名词,板，白板。,借拉丁 tabula。
3833,taĉi,/ˈtʰatʃi/,名词,太刀。,源自日语「太刀」(tachi)。
3834,tága,/ˈtʰaː.ɡa/,动词,挖掘。,原生词根。
3835,tagmezo,/tʰaɡˈme.zo/,名词,中午。,tago（日）+ mezo（中）复合。
3836,tago,/ˈtʰa.ɡo/,名词,日，白天。,原生词根。
3837,tak,/ˈtʰakʰ/,名词,竹子。,源自日语「竹」(take)。
3838,takhi,/ˈtʰakʰhi/,形容词,迅捷的。,源自希腊语「ταχύς」(takhys)。
3839,taksi,/ˈtʰakʰsi/,名词,出租车。,源自英语「taxi」。
3840,taksiarkos,/tʰakʰsiˈaɹkʰos/,名词,司令。,源自希腊语「ταξίαρχος」(taxiarchos)。
3841,takso,/ˈtʰakʰso/,名词,税收。,源自英语「tax」。
3842,taktik,/ˈtʰakʰtʰikʰ/,名词,战术。,源自英语「tactic」。
3843,tamen,/ˈtʰamən/,副词,然而。,源自拉丁语「tamen」。
3844,tanholonko,/tʰanhoˈloŋkʰo/,名词,火龙果。,源自越南语「thanh long」。
3845,tanko,/ˈtʰaŋkʰo/,名词,坦克。,源自英语「tank」。
3846,tanmef,/ˈtʰanməf/,名词,织工。,原生词根。
3847,tantli,/ˈtant.li/,副词,如此，这么，那么地。,源自拉丁语「tantum」+ -li（副词化）
3848,tanto,/ˈtʰantʰo/,名词,短刀。,源自日语「短刀」(tanto)。
3849,tap,/ˈtʰap/,名词,宝塔。,源自越南语「thap」。
3850,tapas,/ˈtʰapas/,名词,苦行。,源自梵语「तपस्」(tapas)。
3851,tapeini,/tʰapəˈini/,形容词,卑微的。,源自希腊语「ταπεινός」(tapeinos)。
3852,tapis,/ˈtʰapis/,名词,地毯。,源自法语「tapis」。
3853,tapkoham,/tʰaˈpkʰoham/,名词,占婆塔。,源自越南语「thap cham」。
3854,tára,/ˈtʰaː.ʁa/,名词,塔。,"拉丁语 ""turris"" 变体。"
3855,tarbe,/ˈtʰaɹbə/,名词,集市。,原生词根。
3856,tarifo,/tʰaˈʁifo/,名词,关税。,源自英语「tariff」。
3857,tærna,/ˈtʰæɹ.na/,形容词,永恒的。,"瑞典语 ""evig"" + 拉丁语 ""aeterna""。"
3858,tærnali,/tʰæˈɹnali/,副词,永恒地。,「tærna」+ 后缀 -li（副词化）。
3859,tærnen,/ˈtʰæɹnən/,动词,变成永恒。,「tærna」+ 后缀 -en（变成）。
3860,tærnokt,/ˈtʰæɹ.nokʰtʰ/,名词,永夜。,tærna（永恒）+ nokt 复合。
3861,taruni,/tʰaˈʁuni/,名词,玫瑰。,源自梵语「तरुणी」(taruni)。
3862,tas,/tʰas/,名词,杯。,"法语 ""tasse""。"
3863,tasho,/ˈtʰaʃo/,名词,口袋。,源自德语「Tasche」。
3864,tashokit,/tʰaˈʃokʰitʰ/,动词,拖曳。,源自俄语「тащить」(tashchit)。
3865,tasko,/ˈtʰaskʰo/,名词,任务。,源自英语「task」。
3866,taso,/ˈtʰaso/,名词,杯子。,源自法语「tasse」。
3867,tatami,/tʰaˈtʰami/,名词,榻榻米。,源自日语「畳」(tatami)。
3868,tauga,/ˈtau.ga/,形容词,合适的。,源自德语「taugen」
3869,taugainstrumén,/tʰau.ɡa.in.stʰə.ruˈmeːn/,名词,合适工具。,"""taʌga"" + ""instrumén""。"
3870,tauge,/ˈtʰau.ɡə/,副词,适合地。,造词。
3871,taverno,/tʰaˈveɹno/,名词,酒馆。,源自法语「taverne」。
3872,te,/tʰə/,代词,你（宾格，仅诗歌用）。,"拉丁语 ""tē""。"
3873,teatro,/tʰəˈatʰro/,名词,剧院。,源自法语「théâtre」。
3874,teatrum,/tʰəˈatʰrum/,名词,剧场。,源自拉丁语「theatrum」。
3875,tediosa,/te.diˈo.sa/,形容词,无聊的，乏味的。,源自拉丁语「taediosus」
3876,tefti,/ˈtʰeftʰi/,名词,陡坡。,原生词根。
3877,teĝer,/ˈtʰed͡ʒəɹ/,动词,覆盖。,源自拉丁语「tegere」。
3878,teier,/tʰəˈiəɹ/,名词,茶壶。,源自法语「théière」。
3879,teknika,/ˈtek.ni.ka/,名词,技术，技艺。,源自拉丁语「technica」
3880,tekser,/ˈtʰekʰsəɹ/,动词,编织。,源自拉丁语「texere」。
3881,teksto,/ˈtʰekʰ.stʰo/,名词,文章，文本。,源自拉丁语「textus」
3882,tekstus,/ˈtʰek.stʰus/,名词,文本。,源自拉丁语「textus」
3883,tékutdo,/tʰeːˈkʰutʰdo/,名词,镰刀。,原生词根。
3884,telefon,/tʰəˈlefon/,名词,电话。,源自英语「telephone」。
3885,telefono,/tʰə.ləˈfo.no/,名词,电话。,借英语 telephone。
3886,teleskop,/tʰəˈleskʰop/,名词,望远镜。,源自英语「telescope」。
3887,television,/tʰələviˈsion/,名词,电视。,源自英语「television」。
3888,téma,/ˈtʰeː.ma/,名词,主题，话题。,"拉丁语 ""thema""。"
3889,temelioun,/tʰəməliˈoun/,动词,奠基。,源自希腊语「θεμελιοῦν」(themelioun)。
3890,temerari,/tʰəməˈʁaʁi/,形容词,鲁莽的。,源自拉丁语「temerarius」。
3891,temperamento,/tʰəmpəʁaˈmentʰo/,名词,气质。,源自希腊语「temperament」。
3892,temperantia,/tʰəmpəʁaˈntʰia/,名词,节制。,源自拉丁语「temperantia」。
3893,tempesta,/temˈpes.tʰa/,名词,天气，气候。,源自拉丁语「tempestas」
3894,tempet,/ˈtʰempətʰ/,名词,风暴。,源自法语「tempête」。
3895,tempo,/ˈtʰempo/,名词,速度。,源自意大利语「tempo」。
3896,tempor,/ˈtʰem.poɹ/,名词,时段。,"拉丁语 ""tempus""。"
3897,tempura,/tʰəˈmpuʁa/,名词,天妇罗。,源自日语「天ぷら」(tempura)。
3898,tempus,/ˈtʰempus/,名词,时间点。,源自拉丁语「tempus」。
3899,tener,/ˈtʰe.nəɹ/,副词,温柔地。,第二版新增。
3900,tenera,/tʰəˈneʁa/,形容词,温柔的。,「tener」词根。
3901,teni,/ˈtʰe.ni/,动词,握着，持。,"拉丁语 ""tenere""。"
3902,tenor,/ˈtʰenoɹ/,名词,男高音。,源自意大利语「tenore」。
3903,tenua,/ˈte.nu.a/,形容词,细的，纤细的。,源自拉丁语「tenuis」
3904,teoloĝia,/tʰəoloˈd͡ʒia/,名词,神学。,源自拉丁语「theologia」。
3905,teorem,/tʰəˈoʁəm/,名词,定理。,源自英语「theorem」。
3906,teoria,/tʰəoˈʁia/,名词,理论。,源自拉丁语「theoria」。
3907,ter,/tʰəɹ/,名词,地。,"拉丁语 ""terra""。"
3908,teraso,/tʰəˈɹraso/,名词,露台。,源自法语「terrasse」。
3909,terma,/ˈtʰeɹma/,名词,公共浴场。,源自拉丁语「thermae」。
3910,termi,/ˈtʰeɹmi/,形容词,热烈的。,源自希腊语「θερμός」(thermos)。
3911,termometer,/tʰəɹmoˈmetʰəɹ/,名词,温度计。,源自英语「thermometer」。
3912,terura,/tʰəˈʁuʁa/,形容词,可怕的。,源自拉丁语「terror」。
3913,testimonium,/tʰəstʰimoˈnium/,名词,证词。,源自拉丁语「testimonium」。
3914,testis,/ˈtʰestʰis/,名词,证人。,源自拉丁语「testis」。
3915,teva,/ˈtʰe.va/,形容词,满腔的，沸腾于心的。,原生词根。
3916,tía,/ˈtʰiː.a/,数词,十。,日耳曼词源。
3917,tial,/tʰiˈal/,连词,所以。,"世界语 ""tial""。"
3918,tiam,/tʰi.ˈam/,副词,当时。,"世界语 ""tiam""。"
3919,tíamens,/tʰiːˈaməns/,名词,十月。,「tía」+「mensis」。
3920,tiebreak,/tʰiəˈbreakʰ/,名词,决胜局。,源自英语「tiebreak」。
3921,tik,/ˈtʰikʰ/,名词,机缘。,源自希腊语「τύχη」(tyche)。
3922,tim,/ˈtʰim/,名词,荣誉。,源自希腊语「τιμή」(time)。
3923,timaçel,/tʰiˈma.səl/,名词,敬畏与仰望交织，不敢攫取的复杂心情。,tima（畏）+ çel（仰望）。
3924,timi,/ˈtʰi.mi/,动词,害怕。,"拉丁语 ""timere""。"
3925,timida,/tʰiˈmida/,形容词,害羞的。,源自拉丁语「timidus」。
3926,timji,/ˈtʰim.d͡ʒi/,动词,使恐惧，恐吓。,「timo」+ 使动后缀 -ji。
3927,timo,/ˈtʰimo/,名词,恐惧。,源自拉丁语「timor」。
3928,tinger,/ˈtʰin.d͡ʒəɹ/,动词,染色，浸染。,源自拉丁语「tingere」
3929,tintil,/ˈtʰin.tʰil/,名词,小铃铛。,第二版新增。
3930,tintinabulum,/tʰintʰinaˈbulum/,名词,铃。,源自拉丁语「tintinnabulum」。
3931,tinyénla,/tʰiˈnjeːn.la/,形容词,理所当然的。,"第二版新增，越南语 ""tự nhiên"" + 形容词化后缀 ""-la""。"
3932,tinyénlen,/tʰinˈjeːn.lən/,动词,变成理所当然。,「tinyénla」+ 后缀 -en（变成）。
3933,tinyénli,/tʰinˈjeːn.li/,副词,理所当然地。,「tinyénla」+ 后缀 -li（副词化）。
3934,tipo,/ˈtʰi.po/,名词,种类，类型。,"拉丁语 ""typus""。"
3935,tipu,/ˈtʰipu/,名词,罚款。,源自拉丁语「multa」。
3936,tira,/ˈtʰi.ʁa/,动词,拉。,原生词根。
3937,tiramisu,/tʰiʁaˈmisu/,名词,提拉米苏。,源自意大利语「tiramisù」。
3938,tirania,/tʰiʁaˈnia/,名词,独裁。,源自希腊语「τυραννία」(tyrannia)。
3939,tiroir,/tʰiˈʁoiɹ/,名词,抽屉。,源自法语「tiroir」。
3940,tirsos,/ˈtʰiɹsos/,名词,酒神杖。,源自希腊语「θύρσος」(thyrsos)。
3941,tirtul,/ˈtʰiɹtʰul/,名词,寡妇。,原生词根。
3942,tishodek,/tʰiˈʃodəkʰ/,名词,桌布。,源自德语「Tischdecke」。
3943,tisia,/tʰiˈsia/,名词,祭品。,源自希腊语「θυσία」(thysia)。
3944,titan,/ˈtʰitʰan/,名词,泰坦。,源自希腊语「Τιτάν」(titan)。
3945,titbinem,/tʰiˈtʰbinəm/,名词,决赛。,源自英语「final」。
3946,titulus,/tʰiˈtʰulus/,名词,标题。,源自拉丁语「titulus」。
3947,togioda,/tʰo.ɡiˈo.da/,名词,器物被长久使用后磨出的温润光泽。,togio（打磨）+ da（久）。
3948,togiodasu,/tʰoɡioˈdasu/,动词,抛光。,源自日语「研ぎを出す」(togi o dasu)。
3949,tohu,/ˈtʰohu/,名词,豆腐。,源自日语「豆腐」(tofu)。
3950,toi,/ˈtʰoi/,名词,玩具。,源自英语「toy」。
3951,toit,/ˈtʰoitʰ/,名词,屋顶。,源自法语「toit」。
3952,toka,/ˈtʰo.kʰa/,代词,那/那里/那个。,原生指示代词。
3953,tokali,/ˈtʰo.kʰa.li/,副词,那样，如此。,「toka」（那）＋副词化后缀 -li
3954,token,/ˈtʰokʰən/,名词,护腿。,原生词根。
3955,toki,/ˈtʰo.kʰi/,代词,这/这里/这个。,原生指示代词。
3956,tokin,/ˈtʰo.kʰin/,名词,人，人类。,原生词根。
3957,tokinin,/tʰoˈkʰi.nin/,名词,女人。,"""tokin"" + 阴性后缀 ""-in""。"
3958,tokne,/ˈtʰokʰnə/,名词,裁缝。,原生词根。
3959,tokonoma,/tʰokʰoˈnoma/,名词,壁龛。,源自日语「床の間」(tokonoma)。
3960,tokson,/ˈtʰokʰson/,名词,弓箭。,源自希腊语「τόξον」(toxon)。
3961,toksotes,/tʰoˈkʰsotʰəs/,名词,弓箭手。,源自希腊语「τοξότης」(toxotes)。
3962,toleri,/tʰoˈleʁi/,形容词,污浊的。,源自希腊语「θολερός」(tholeros)。
3963,tom,/ˈtʰom/,形容词,鲜香的。,源自越南语「thom」。
3964,tomat,/ˈtʰomatʰ/,名词,番茄。,源自西班牙语「tomate」。
3965,tomen,/ˈtʰo.mən/,动词,触摸。,原创词。
3966,tomor,/ˈtʰo.moɹ/,名词,明天。,"英语 ""tomorrow"" 简化。"
3967,tomzó,/ˈtʰomzoː/,名词,印记。,原生词根。
3968,topfo,/ˈtʰopfo/,名词,罐子。,源自德语「Topf」。
3969,topi,/ˈtʰo.pi/,动词,起立。,原生词根。
3970,topografia,/tʰopoɡraˈfia/,名词,风景画。,源自拉丁语「topographia」。
3971,topol,/ˈtʰopol/,名词,白杨。,源自俄语「тополь」(topol)。
3972,tor,/ˈtʰoɹ/,名词,大门。,源自德语「Tor」。
3973,tóra,/ˈtʰoː.ʁa/,名词,桥。,原生词根。
3974,toraks,/ˈtʰo.ʁaks/,名词,胸膛，胸腔。,源自希腊语「θώραξ」
3975,torero,/tʰoˈʁeʁo/,名词,斗牛士。,源自西班牙语「torero」。
3976,torí,/ˈtʰoʁiː/,名词,鸟居。,源自日语「鳥居」(torii)。
3977,tormentar,/torˈmen.taɹ/,动词,折磨，使痛苦。,源自拉丁语「tormentum」
3978,tornat,/ˈtʰoɹnatʰ/,名词,龙卷风。,源自法语「tornade」。
3979,toro,/ˈtʰoʁo/,名词,灯笼。,源自日语「とろ」(toro)。
3980,toshal,/ˈtʰoʃal/,名词,缝隙。,原生词根。
3981,totaliter,/tʰotʰaˈlitʰəɹ/,副词,完全地。,源自拉丁语「totaliter」。
3982,totum,/ˈtʰotʰum/,名词,整体。,源自拉丁语「totum」。
3983,tourismo,/tʰouˈʁismo/,名词,旅游。,源自英语「tourism」。
3984,touristo,/tʰouˈʁistʰo/,名词,游客。,源自法语「touriste」。
3985,tournamento,/tʰouɹnaˈmentʰo/,名词,淘汰赛。,源自英语「tournament」。
3986,tr,/tʰr/,名词,竹制品。,源自越南语「tre」。
3987,tradukteur,/tʰraduˈkʰtʰeuɹ/,名词,翻译家。,源自法语「traducteur」。
3988,trãfde,/ˈtʰrɐ̃fdə/,名词,锤子。,原生词根。
3989,tragodos,/tʰraˈɡodos/,名词,悲剧诗人。,源自希腊语「τραγῳδός」(tragodos)。
3990,tragoedia,/tʰraɡoəˈdia/,名词,悲剧。,源自拉丁语「tragoedia」。
3991,train,/ˈtʰrain/,名词,火车。,源自英语「train」。
3992,trajno,/ˈtʰra.d͡ʒ.no/,名词,火车。,借英语 train。
3993,trakta,/ˈtrak.ta/,动词,处理，办理。,源自拉丁语「tractare」
3994,traktar,/ˈtʰrak.tʰaɹ/,动词,处理，对待。,源自拉丁语「tractare」
3995,traktir,/ˈtʰrakʰtʰiɹ/,名词,客栈。,源自俄语「трактир」(traktir)。
3996,trala,/ˈtʰrala/,形容词,笔直的。,原生词根。
3997,tranĉa,/ˈtʰran.tʃa/,动词,切割。,"拉丁语 ""truncare""。"
3998,tranga,/ˈtʰraŋ.ɡa/,形容词,奇怪的。,源自英语「strange」。
3999,trankuilen,/traŋ.kʰuiˈlen/,动词,平静下来，安静下来。,「trankuili」（平静的，词典词）+ -en（变成）
4000,trankuili,/tʰraŋkʰuˈili/,形容词,平静的。,源自拉丁语「tranquillus」。
4001,trans,/ˈtʰrans/,介词,穿过，通过。,「transir」（穿越）简化。
4002,transdon,/tʰrans.ˈdon/,动词,递交。,借世界语 transdoni。
4003,transform,/tʰransˈfoɹm/,动词,转化。,"英语 ""transform""。"
4004,transir,/ˈtʰransiɹ/,动词,穿越。,源自拉丁语「transire」。
4005,transoformer,/tʰransoˈfoɹməɹ/,名词,变压器。,源自英语「transformer」。
4006,transokriptio,/tʰransokʰriˈptʰio/,名词,抄写。,源自拉丁语「transcriptio」。
4007,transolatio,/tʰransolaˈtʰio/,名词,翻译。,源自拉丁语「translatio」。
4008,trása,/ˈtʰraː.sa/,动词,拖拽，拉。,原生词根。
4009,traski,/ˈtʰraskʰi/,副词,由衷地。,原生词根。
4010,trat,/ˈtʰratʰ/,名词,贸易。,源自英语「trade」。
4011,tré,/tʰreː/,数词,三。,日耳曼词源。
4012,tre,/tʰrə/,副词/形容词,很，非常。,"法语 ""très""。"
4013,trebela,/tʰrəˈbela/,形容词,真美，极美。,"""tre"" + ""belli""。"
4014,trebelen,/tʰrəˈbelən/,动词,变成真美。,「trebela」+ 后缀 -en（变成）。
4015,trebeli,/tʰrəˈbeli/,副词,真美地。,「trebela」+ 后缀 -li（副词化）。
4016,trejni,/ˈtʰred͡ʒni/,动词,锻炼，训练。,源自英语「train」。
4017,treknum,/ˈtʰrekʰnum/,名词,豆子。,原生词根。
4018,trekŭ,/ˈtʰrekʰʌ/,名词,角落。,原生词根。
4019,trem,/tʰrəm/,动词,颤抖。,原创词。
4020,trembolemento,/tʰrəmboləˈmentʰo/,名词,地震。,源自法语「tremblement」。
4021,trenein,/tʰrəˈnein/,动词,哀悼。,源自希腊语「θρηνεῖν」(threnein)。
4022,trergo,/ˈtʰreɹɡo/,动词,呜咽。,原生词根。
4023,treta,/ˈtʰre.tʰa/,形容词,狭窄的。,原生词根。
4024,tribepǽ,/tʰriˈbepæː/,名词,铁链。,原生词根。
4025,tribunal,/tʰriˈbunal/,名词,法庭。,源自拉丁语「tribunal」。
4026,tribunus,/tʰriˈbunus/,名词,保民官。,源自拉丁语「tribunus」。
4027,triera,/tʰriˈeʁa/,名词,战舰。,源自希腊语「τριήρης」(triera)。
4028,trikter,/ˈtʰrikʰtʰəɹ/,名词,漏斗。,源自德语「Trichter」。
4029,trilo,/ˈtʰrilo/,名词,颤音。,源自意大利语「trillo」。
4030,trimil,/ˈtʰri.mil/,数词,三千。,"""tri""（三）+ ""mil""（千）。"
4031,trink,/tʰriŋkʰ/,动词,喝。,借世界语 trinki。
4032,trintǽm,/ˈtʰrintʰæːm/,名词,边疆。,原生词根。
4033,trio,/ˈtʰrio/,名词,三重奏。,源自意大利语「trio」。
4034,trista,/ˈtʰristʰa/,形容词,悲伤的。,源自拉丁语「tristis」。
4035,tristen,/ˈtʰris.tʰən/,动词,变成悲伤。,「trista」+ 变成后缀 -en。
4036,triumfus,/tʰriˈumfus/,名词,凯旋。,源自拉丁语「triumphus」。
4037,troba,/ˈtʰroba/,名词,酒囊。,原生词根。
4038,trofi,/ˈtʰrofi/,名词,奖杯。,源自英语「trophy」。
4039,troika,/tʰroˈikʰa/,名词,三套车。,源自俄语「тройка」(troika)。
4040,trolavo,/tʰroˈlavo/,动词,摇晃。,原生词根。
4041,tropa,/ˈtʰropa/,名词,小路。,源自斯拉夫语「tropa」。
4042,trovar,/tʰroˈvaɹ/,动词,找到，发现。,源自法语「trouver」
4043,trudu,/ˈtʰrudu/,名词,奶酪。,原生词根。
4044,truk,/ˈtʰrukʰ/,名词,卡车。,源自英语「truck」。
4045,trustin,/ˈtʰrustʰin/,名词,巫师。,原生词根。
4046,tŭ,/tʰʌ/,动词,说，讲（较正式）。,"区别于 ""zai""。"
4047,tuba,/ˈtʰuba/,名词,小号。,源自拉丁语「tuba」。
4048,tufvagro,/tʰuˈfvaɡro/,名词,铁器。,原生词根。
4049,tukso,/ˈtʰukʰso/,名词,咖啡杯。,源自德语「Tasse」。
4050,túla,/ˈtʰuː.la/,动词,建造，筑造。,原生词根。
4051,tumbuk,/ˈtʰumbukʰ/,动词,舂米。,源自马来语「tumbuk」。
4052,tumulta,/tʰuˈmul.tʰa/,形容词,喧闹的，嘈杂的。,源自拉丁语「tumultus」
4053,tunel,/ˈtʰunəl/,名词,隧道。,源自德语「Tunnel」。
4054,túpkes,/ˈtʰuːpkʰəs/,名词,水桶。,原生词根。
4055,turbidi,/tʰuˈɹbidi/,形容词,汹涌的。,源自拉丁语「turbidus」。
4056,turbin,/ˈtʰuɹbin/,名词,涡轮。,源自英语「turbine」。
4057,turis,/ˈtʰuɹris/,名词,塔楼。,源自拉丁语「turris」。
4058,turne,/ˈtʰuɹ.nə/,动词,转。,"法语 ""tourner""。"
4059,turno,/ˈtʰuɹno/,名词,转折，转弯。,「turne」词根。
4060,turpo,/ˈtʰuɹpo/,名词,萝卜。,借词「turp」。
4061,tús,/ˈtʰuːs/,名词,蘑菇。,原生词根。
4062,tush,/tʰuʃ/,动词,触摸。,借世界语 tuŝi。
4063,tute,/ˈtʰu.tʰə/,副词,都，完全地。,"世界语 ""tute""。"
4064,tútkelke,/ˈtʰuːtʰ.kʰəl.kʰə/,副词,一点点。,"""tút"" + ""kelke""。"
4065,tvá,/tʰvaː/,数词,二。,日耳曼词源。
4066,tváfoye,/ˈtʰvaː.fo.je/,副词,两次。,「tvá」（二）+「foy」（次）+ 副词词尾 -e
4067,tvak,/ˈtʰvakʰ/,名词,肉桂。,源自梵语「त्वच्」(tvak)。
4068,tvorok,/ˈtʰvoʁokʰ/,名词,乳酪。,源自俄语「творог」(tvorog)。
4069,uǽmek,/uˈæːməkʰ/,名词,史诗。,原生词根。
4070,ublora,/uˈbloʁa/,形容词,稀薄的。,原生词根。
4071,ubogi,/uˈboɡi/,形容词,简陋的。,源自俄语「убогий」(ubogiy)。
4072,ubru,/ˈubru/,名词,冰川。,原生词根。
4073,uĉiwa,/uˈtʃiwa/,名词,团扇。,源自日语「団扇」(uchiwa)。
4074,udanko,/uˈdaŋkʰo/,名词,虾。,源自马来语「udang」。
4075,udon,/ˈudon/,名词,乌冬面。,源自日语「うどん」(udon)。
4076,ufleta,/uˈfletʰa/,形容词,崎岖的。,原生词根。
4077,ufufa,/uˈfufa/,名词,边界。,原生词根。
4078,uhena,/uˈhena/,形容词,豪爽的。,原生词根。
4079,uhro,/ˈuhro/,名词,手表。,源自德语「Uhr」。
4080,uhup,/ˈuhup/,名词,香料。,原生词根。
4081,uhupkant,/u.hupˈkʰantʰ/,名词,香料在热汤里慢慢释放滋味的那个过程。,uhup（香料）+ kant（唱，喻释香）。
4082,uka,/ˈukʰa/,形容词,陈旧的。,原生词根。
4083,ukeni,/uˈkʰeni/,名词,科学家。,源自俄语「учёный」(ucheny)。
4084,ukha,/ˈukʰha/,名词,鱼汤。,源自俄语「уха」(ukha)。
4085,ukío,/uˈkʰiːo/,名词,浮世绘。,源自日语「浮世絵」(ukiyoe)。
4086,Ukraín,/u.kʰraˈiːn/,名词,乌克兰。,第二版新增。
4087,ukvak,/ˈukʰvakʰ/,名词,老妪。,原生词根。
4088,úla,/ˈuː.la/,介词,除了，除......之外。,原生功能词。
4089,ulam,/ˈulam/,名词,预言。,原生词根。
4090,ulei,/uˈlei/,名词,蜂房。,源自斯拉夫语「uley」。
4091,ulfuk,/ˈulfukʰ/,动词,舔舐。,原生词根。
4092,ulka,/ˈulkʰa/,形容词,平坦的。,原生词根。
4093,ultimatum,/ulˈtʰi.ma.tʰum/,名词,最后通牒。,源自拉丁语「ultimatum」
4094,ulúran,/uˈluːʁan/,名词,小径。,原生词根。
4095,um,/ˈum/,名词,梅花。,源自日语「梅」(ume)。
4096,umdí,/ˈumdiː/,名词,绳索。,原生词根。
4097,ŭmpre,/ˈʌm.prə/,名词,火箭。,原生词根。
4098,úmro,/ˈuːmro/,名词,格言。,源自拉丁语「sententia」。
4099,úna,/ˈuː.na/,连词,除非，如果不。,原生功能词。
4100,ŭna,/ˈʌ.na/,副词,突然，忽然。,原生词根。
4101,unán,/ˈunaːn/,名词,赛马场。,源自希腊语「ἱππόδρομος」(hippodromos)。
4102,ungo,/ˈun.ɡo/,名词,指甲。,"拉丁语 ""unguis""。"
4103,ungom,/ˈuŋɡom/,名词,柳树。,原生词根。
4104,unidæstateté,/u.ni.dæ.stʰa.tʰəˈtʰeː/,名词,联合州。,"""unidæ"" + ""stateté""。"
4105,únifha,/uːˈnifha/,形容词,憨厚的。,原生词根。
4106,unika,/ˈu.ni.kʰa/,形容词,唯一的。,"拉丁语 ""unicus""。"
4107,unikeco,/u.niˈkʰe.ko/,名词,独特性。,unika（独特）+ -eco。
4108,uniken,/uˈnikʰən/,动词,变成唯一。,「unika」+ 后缀 -en（变成）。
4109,unikli,/uˈnikʰli/,副词,唯一地。,「unika」+ 后缀 -li（副词化）。
4110,unilatera,/unilaˈtʰeʁa/,形容词,单方面的。,源自拉丁语「unus」+「latus」。
4111,unipkå,/uˈnipkʰɔː/,副词,匆匆地。,原生词根。
4112,unitas,/uˈnitʰas/,名词,统一。,源自拉丁语「unitas」。
4113,uniti,/uˈnitʰi/,形容词,统一的。,源自拉丁语「unitus」。
4114,universit,/uniˈveɹsitʰ/,名词,大学。,源自法语「université」。
4115,unueko,/unuˈekʰo/,名词,团结。,源自世界语「unueco」。
4116,uonmil,/uˈonmil/,名词,浆果。,原生词根。
4117,upanishat,/upaˈniʃatʰ/,名词,奥义书。,源自梵语「उपनिषद्」(upanishad)。
4118,uporno,/uˈpoɹno/,副词,顽强地。,源自俄语「упорно」(uporno)。
4119,úra,/ˈuː.ʁa/,形容词,有用的（与 utíl 同源）。,"拉丁语 ""utilis""。"
4120,ŭra,/ˈʌ.ʁa/,形容词,突如其来的。,原生词根。
4121,urbeto,/uɹˈbe.tʰo/,名词,小镇。,urbo + -et-（小）。
4122,urboso,/uˈɹboso/,名词,城市。,源自拉丁语「urbs」。
4123,úren,/ˈuːʁən/,动词,变成有用的（与 utíl 同源）。,「úra」+ 后缀 -en（变成）。
4124,ŭren,/ˈʌʁən/,动词,变成突如其来。,「ŭra」+ 后缀 -en（变成）。
4125,urgenta,/uɹˈd͡ʒen.tʰa/,形容词,紧急的，急迫的。,"源自拉丁语「urgens, urgentis」"
4126,urgo,/ˈuɹ.go/,名词,急切，紧迫感。,源自拉丁语「urgere」
4127,úrli,/ˈuːɹli/,副词,有用的（与 utíl 同源）地。,「úra」+ 后缀 -li（副词化）。
4128,ŭrli,/ˈʌɹli/,副词,突如其来地。,「ʌra」+ 后缀 -li（副词化）。
4129,urme,/ˈuɹmə/,名词,岩石。,原生词根。
4130,úsa,/ˈuː.sa/,动词,使用（与 utíl 同根）。,"拉丁语 ""uti""。"
4131,usap,/ˈusap/,名词,马镫。,原生词根。
4132,ushanka,/uˈʃaŋkʰa/,名词,皮帽。,源自俄语「ушанка」(ushanka)。
4133,ushotra,/uˈʃotʰra/,名词,骆驼。,源自梵语「उष्ट्र」(ushtra)。
4134,úsi,/ˈuːsi/,名词,桌。,源自日耳曼语「table」。
4135,usnef,/ˈusnəf/,名词,花粉。,原生词根。
4136,úta,/ˈuː.tʰa/,动词,走出，离开。,原生词根。
4137,utíl,/uˈtʰiːl/,名词,用处。,"世界语 ""utila""，名词化。"
4138,utpasben,/uˈtʰpasbən/,名词,短衣。,原生词根。
4139,utru,/ˈutʰru/,名词,瞬间。,原生词根。
4140,uvazak,/uˈvazakʰ/,动词,留意。,源自波兰语「uwazac」。
4141,uvros,/ˈuvros/,名词,涟漪。,原生词根。
4142,uzar,/uˈzaɹ/,动词,使用。,源自拉丁语「uti」
4143,uzu,/ˈuzu/,名词,山脚。,原生词根。
4144,uzum,/ˈuzum/,名词,葡萄干。,借词「uzum」。
4145,vada,/ˈvada/,名词,火把。,原生词根。
4146,vága,/ˈvaː.ɡa/,动词,游泳。,原生词根。
4147,vahap,/ˈvahap/,动词,窃窃私语。,原生词根。
4148,vahuko,/vaˈhukʰo/,名词,墨汁。,原生词根。
4149,vai,/ˈvai/,名词,荔枝。,源自越南语「vai」。
4150,-vai,/vai/,后缀,应该。,第二版新增情态词缀。
4151,vainaçil,/vai.naˈsel/,名词,空杯散落的香气，留香淡淡不散。,vain（杯）+ açil（余香）。
4152,vainila,/vaiˈnila/,名词,香草。,源自西班牙语「vainilla」。
4153,vaishia,/vaiˈʃia/,名词,吠舍。,源自梵语「वैश्य」(vaishya)。
4154,vakation,/vakʰaˈtʰion/,名词,假期。,源自英语「vacation」。
4155,vako,/ˈvakʰo/,名词,蚊帐。,源自越南语「man」。
4156,vaksin,/ˈvakʰsin/,名词,疫苗。,源自英语「vaccine」。
4157,vakua,/ˈva.kua/,名词,真空，空虚。,源自拉丁语「vacuum」
4158,vakuero,/vakʰuˈeʁo/,名词,牛仔。,源自西班牙语「vaquero」。
4159,vakuo,/ˈva.ku.o/,名词,真空。,源自拉丁语「vacuum」
4160,vakzupap,/vaˈkʰzupap/,名词,彼岸。,原生词根。
4161,val,/val/,名词,山谷。,第二版新增。
4162,vála,/ˈvaː.la/,形容词,值得的。,原生词根。
4163,válen,/ˈvaːlən/,动词,变成值得。,「vála」+ 后缀 -en（变成）。
4164,valenki,/vaˈleŋkʰi/,名词,毡靴。,源自俄语「валенки」(valenki)。
4165,váli,/ˈvaːli/,副词,值得地。,「vála」+ 后缀 -li（副词化）。
4166,valizo,/vaˈli.zo/,名词,手提箱，行李箱。,借法语 valise。
4167,valsán,/ˈvalsaːn/,名词,瀑布。,原生词根。
4168,valvo,/ˈvalvo/,名词,阀门。,源自英语「valve」。
4169,vanara,/vaˈnaʁa/,名词,猴子。,源自梵语「वानर」(vanara)。
4170,vandati,/vaˈndatʰi/,动词,礼拜。,源自梵语「वन्दति」(vandati)。
4171,vanmieu,/vanmiˈeu/,名词,文庙。,源自越南语「van mieu」。
4172,væó,/ˈvæoː/,名词,拐杖。,原生词根。
4173,varior,/vaˈɹrioɹ/,名词,战士。,源自日耳曼语「warrior」。
4174,varit,/ˈvaʁitʰ/,动词,酿造。,源自俄语「варить」(varit)。
4175,varmen,/ˈvaɹmən/,动词,变成温暖。,「varmi」+ 后缀 -en（变成）。
4176,varmi,/ˈvaɹ.mi/,形容词,温暖的。,"德语 ""warm""。"
4177,varmili,/vaˈɹmili/,副词,温暖地。,「varmi」+ 后缀 -li（副词化）。
4178,vas,/ˈvas/,名词,花瓶。,源自法语「vase」。
4179,vasglo,/ˈvas.ɡlo/,名词,陶器在光下泛出的柔和淡淡的光晕。,vas（瓶罐）+ glo（光）。
4180,vaswúp,/ˈvaswuːp/,名词,信物。,原生词根。
4181,vay,/vaj/,代词,它（中性单数）。,原生代词。
4182,váyn,/ˈvaːjn/,动词,染，染色。,原生词根；见词典「çélaváyn」词源（çéla 天空 + váyn 染）
4183,vaynto,/ˈvajn.tʰo/,名词,风。,"自创词根 + 后缀 ""-to""。"
4184,vebsit,/ˈvebsitʰ/,名词,网站。,源自英语「website」。
4185,veda,/ˈveda/,名词,吠陀。,源自梵语「वेद」(veda)。
4186,vehar,/ˈve.haɹ/,动词,驾驶，行驶。,源自拉丁语「vehere」
4187,veigtoliftinko,/vəiɡtʰoliˈftʰiŋkʰo/,名词,举重。,源自英语「weightlifting」。
4188,vék,/ˈveːkʰ/,名词,周。,源自日耳曼语「week」。
4189,vekiĝ,/və.ˈkʰid͡ʒ/,动词,醒来。,借世界语 vekiĝi。
4190,veksilum,/vəˈkʰsilum/,名词,军旗。,源自拉丁语「vexillum」。
4191,véla,/ˈveː.la/,名词,面纱，幕布。,"拉丁语 ""velum""。"
4192,ven,/vən/,动词词根,来。,"""venir"" 词根。"
4193,vendeur,/vəˈndeuɹ/,名词,店员。,源自法语「vendeur」。
4194,venia,/vəˈnia/,名词,宽恕。,源自拉丁语「venia」。
4195,venir,/vəˈniɹ/,动词,来。,"法语 ""venir""。"
4196,vent,/vəntʰ/,名词,风。,"拉丁语 ""ventus""。"
4197,ventro,/ˈven.tʰro/,名词,腹部。,"拉丁语 ""venter""。"
4198,venusdien,/və.nusˈdi.en/,名词,星期五（金曜日）。,venus（金星）+ dien。
4199,veplat,/ˈveplatʰ/,名词,晚辈。,原生词根。
4200,ver,/ˈveɹ/,名词,春日。,源自拉丁语「ver」。
4201,verden,/ˈveɹdən/,动词,变成绿色。,「verdi」+ 后缀 -en（变成）。
4202,verdi,/ˈveɹ.di/,形容词,绿色的。,第二版新增。
4203,verdire,/vəɹˈdi.ʁə/,动词,真诚表达。,"""vērus"" + ""dire""。"
4204,verdli,/ˈveɹdli/,副词,绿色地。,「verdi」+ 后缀 -li（副词化）。
4205,verifiker,/veˈʁifikeɹ/,动词,证实，确认，核实。,源自拉丁语「verificare」
4206,veritas,/vəˈʁitʰas/,名词,真理。,源自拉丁语「veritas」。
4207,verkenest,/vəɹˈkʰe.nəstʰ/,名词,春天那些适合发呆与思念的午后。,verk（春日）+ enest（窝）。
4208,verki,/ˈveɹ.kʰi/,动词,创作。,源自德语「Werk」。
4209,vermo,/ˈveɹ.mo/,名词,虫。,"拉丁语 ""vermis""。"
4210,vero,/ˈveɹro/,名词,玻璃杯。,源自法语「verre」。
4211,versh,/vəɹʃ/,动词,倾倒。,借世界语 verŝi。
4212,verter,/ˈveɹtʰəɹ/,动词,转弯。,源自拉丁语「vertere」。
4213,vesper,/ˈves.pəɹ/,名词,傍晚。,"拉丁语 ""vesper""。"
4214,vesperglo,/vəs.pəɹˈɡlo/,名词,黄昏最后一抹光，天边将熄未熄的暖红。,vesper（傍晚）+ glo（光）。
4215,vesperli,/ˈves.pəɹ.li/,副词,在傍晚。,「vesper」（傍晚，拉丁语 vesper）+ 副词后缀 -li
4216,vespero,/vesˈpe.ʁo/,名词,傍晚，晚上。,源自拉丁语「vesper」。
4217,vesta,/ˈves.ta/,名词,衣物，衣服。,源自拉丁语「vestis」
4218,vestiment,/ˈves.tʰi.ment/,名词,衣物，衣服。,源自拉丁语「vestimentum」
4219,vestimento,/ves.tʰiˈmen.tʰo/,名词,衣物，服装。,源自拉丁语「vestimentum」
4220,vestis,/ˈves.tʰis/,名词,衣服，服装。,源自拉丁语「vestis」
4221,vetkuko,/vəˈtʰkʰukʰo/,名词,武士。,原生词根。
4222,vezir,/ˈveziɹ/,名词,维齐尔。,借词「vezir」。
4223,vheat,/ˈvheatʰ/,名词,麦。,源自日耳曼语「wheat」。
4224,via,/ˈvia/,名词,街道。,源自拉丁语「via」。
4225,viagra,/viˈaɡra/,名词,老虎。,源自梵语「व्याघ्र」(vyaghra)。
4226,vianda,/viˈan.da/,名词,肉。,原生词根。
4227,vibrolga,/viˈbrolɡa/,名词,短弓。,原生词根。
4228,vid,/vid/,动词,看（静态）。,"拉丁语 ""videre""。"
4229,vidanta,/viˈdan.tʰa/,分词,正在看着的。,「vid」(看) + 现在分词 -anta
4230,video,/viˈde.o/,名词,视频。,借英语 video。
4231,vido,/ˈvi.do/,名词,目光，视线，注视。,「vid」（看，词典词）+ 名词化 -o
4232,vigor,/ˈvi.ɡoɹ/,名词,活力，精力。,源自拉丁语「vigor」
4233,vigora,/ˈvi.ɡo.ʁa/,形容词,有活力的，生气勃勃的。,源自拉丁语「vigor」
4234,vigorar,/viˈɡo.raɹ/,动词,振作，有活力。,源自拉丁语「vigor」
4235,vigori,/viˈgo.ʁi/,形容词,有活力的。,源自拉丁语「vigor」
4236,vihara,/viˈhaʁa/,名词,寺院。,源自梵语「विहार」(vihara)。
4237,víi,/ˈviːi/,名词,协奏曲。,源自意大利语「concerto」。
4238,vijar,/viˈd͡ʒaɹ/,动词,旅行。,"俄语 ""путешествовать"" 变体。"
4239,viktim,/ˈvikʰtʰim/,名词,受害者。,源自法语「victime」。
4240,viktor,/ˈvikʰtʰoɹ/,名词,冠军。,源自拉丁语「victor」。
4241,viktoria,/vikʰtʰoˈʁia/,名词,胜利。,源自拉丁语「victoria」。
4242,vila,/ˈvila/,名词,别墅。,源自意大利语「villa」。
4243,vilaĝ,/ˈvilad͡ʒ/,名词,村庄。,源自法语「village」。
4244,vin,/vin/,名词,酒。,第二版新增。
4245,vind,/vind/,动词,寻找。,"词尾清化，源自德语 ""finden""。"
4246,vindi,/ˈvin.di/,动词,寻找。,"""vind"" 的现在时词干。"
4247,vinea,/viˈnea/,名词,葡萄园。,源自拉丁语「vinea」。
4248,vinum,/ˈvinum/,名词,葡萄酒。,源自拉丁语「vinum」。
4249,violina,/vioˈlina/,名词,小提琴。,源自拉丁语「violina」。
4250,violonselo,/violoˈnselo/,名词,大提琴。,源自拉丁语「violoncello」。
4251,vipera,/ˈvi.pe.ʁa/,名词/形容词,毒蛇；毒蛇的。,源自拉丁语「vipera」
4252,vipula,/viˈpula/,形容词,辽阔的。,源自梵语「विपुल」(vipula)。
4253,vir,/ˈviɹ/,名词,电线。,源自英语「wire」。
4254,víra,/ˈviː.ʁa/,名词,男人（与 vir 同源）。,"拉丁语 ""vir""。"
4255,virápris,/viˈʁaːpris/,动词,结冰。,原生词根。
4256,virfírmeso,/viɹˈfiːɹ.me.so/,名词,男子汉般的坚定。,"""vir"" + ""fírmeso""。"
4257,virtus,/ˈviɹtʰus/,名词,美德。,源自拉丁语「virtus」。
4258,virus,/ˈviʁus/,名词,病毒。,源自英语「virus」。
4259,visgu,/ˈvisɡu/,名词,篝火。,原生词根。
4260,visha,/ˈvi.ʃa/,动词,擦拭。,原生词根。
4261,vishivka,/viˈʃivkʰa/,名词,刺绣。,源自俄语「вышивка」(vyshivka)。
4262,vishoma,/viˈʃoma/,形容词,整齐的。,原生词根。
4263,vishonu,/viˈʃonu/,名词,毗湿奴。,源自梵语「विष्णु」(vishnu)。
4264,visi,/ˈvisi/,名词,船舵。,原生词根。
4265,visisim,/viˈsisim/,副词,依次。,源自拉丁语「vicissim」。
4266,visitar,/ˈvi.si.tʰaɹ/,动词,拜访，访问。,源自拉丁语「visitare」
4267,visno,/ˈvisno/,名词,酸樱桃。,借词「visne」。
4268,vitamin,/viˈtʰamin/,名词,维生素。,源自英语「vitamin」。
4269,vitar,/ˈvi.tʰaɹ/,动词,避免，回避。,源自拉丁语「vitare」
4270,viv,/viv/,动词,活着。,借世界语 vivi。
4271,vivaci,/ˈvi.va.si/,形容词,活跃的，兴致勃勃的。,源自拉丁语「vivax」
4272,vivio,/viˈvi.o/,名词,生命。,"拉丁语 ""vita"" + ""-io""。"
4273,vivion,/viˈvi.on/,名词,人生。,"""vivio"" + 后缀 ""-on""。"
4274,vizaĝo,/viˈza.d͡ʒo/,名词,脸。,源自法语「visage」。
4275,vizitar,/viˈzi.tʰaɹ/,动词,拜访，探望。,源自拉丁语「visitare」
4276,vlir,/vliɹ/,动词,看，看见。,原创词。
4277,voĉo,/ˈvo.tʃo/,名词,嗓音，声音。,借世界语 voĉo。
4278,vodka,/ˈvodkʰa/,名词,伏特加。,源自俄语「водка」(vodka)。
4279,vohnunko,/voˈhnuŋkʰo/,名词,住宅。,源自德语「Wohnung」。
4280,voiaĝeur,/voiaˈd͡ʒeuɹ/,名词,旅行者。,源自法语「voyageur」。
4281,voisin,/voˈisin/,名词,邻居。,源自法语「voisin」。
4282,vojaĝo,/voˈja.d͡ʒo/,名词,旅行，出差。,借法语 voyage。
4283,vojo,/ˈvo.jo/,名词,路，道路。,"拉丁语 ""via""。"
4284,vojodufur,/ˈvo.jo.ˌdu.fuɹ/,名词,路边，路缘。,vojo（路）+ dufur（边缘）
4285,vok,/vokʰ/,动词,呼唤。,源自拉丁语「vocare」。
4286,vokabulum,/vokʰaˈbulum/,名词,词汇。,源自拉丁语「vocabulum」。
4287,voko,/ˈvo.kʰo/,名词,通话，呼唤。,借拉丁 vocare。
4288,vol,/vol/,动词,想要。,"拉丁语 ""velle""。"
4289,vól,/ˈvoːl/,名词,羊毛。,源自日耳曼语「wool」。
4290,volar,/ˈvolaɹ/,动词,飞翔。,源自拉丁语「volare」。
4291,volen,/ˈvo.lən/,动词,使有意愿。,"""vol"" + 动词化后缀 ""-en""。"
4292,volfo,/ˈvolfo/,名词,狼。,源自日耳曼语「wolf」。
4293,volver,/ˈvolvəɹ/,动词,滚动。,源自拉丁语「volvere」。
4294,voma,/ˈvo.ma/,动词,呕吐。,"拉丁语 ""vomere""。"
4295,vonko,/ˈvoŋkʰo/,名词,吊床。,源自越南语「vong」。
4296,vøns,/vøns/,动词,沸腾。,原生词根。
4297,voøas,/voˈøas/,名词,麦酒。,原生词根。
4298,vopkor,/ˈvopkʰoɹ/,名词,晨光。,原生词根。
4299,vopu,/ˈvopu/,名词,图腾。,原生词根。
4300,vorkoshop,/voˈɹkʰoʃop/,名词,车间。,源自英语「workshop」。
4301,vosto,/ˈvos.tʰo/,名词,尾巴。,原生词根。
4302,vot,/ˈvotʰ/,名词,投票。,源自英语「vote」。
4303,vræ,/ˈvræ/,名词,开端。,原生词根。
4304,vredél,/ˈvredeːl/,名词,懦夫。,原生词根。
4305,vrestolinko,/vrəstʰoˈliŋkʰo/,名词,摔跤。,源自英语「wrestling」。
4306,vroip,/ˈvroip/,名词,山洪。,原生词根。
4307,vrokbon,/ˈvrokʰbon/,名词,皮囊。,原生词根。
4308,vrúe,/ˈvruːə/,名词,陶工。,原生词根。
4309,vue,/ˈvuə/,名词,牧场。,原生词根。
4310,vulgari,/vuˈlɡaʁi/,形容词,粗俗的。,源自拉丁语「vulgaris」。
4311,vulto,/ˈvul.tʰo/,名词,面容，外貌，样子。,源自拉丁语「vultus」（面容）
4312,vumi,/ˈvumi/,名词,峡谷。,原生词根。
4313,vumtugra,/vuˈmtʰuɡra/,副词,再三地。,原生词根。
4314,vund,/vund/,动词,伤害。,借世界语 vundi。
4315,vusde,/ˈvusdə/,名词,祭祀。,原生词根。
4316,vut,/ˈvutʰ/,名词,神灵。,原生词根。
4317,w,/w/,字母,元音，闭央圆唇。,音系构建。
4318,Wa,/wa/,叹词,是的，对的。,原生功能词。
4319,waianko,/waiˈaŋkʰo/,名词,皮影戏。,源自马来语「wayang」。
4320,waka,/ˈwa.kʰa/,名词,和歌。,源自日语「和歌」(waka)。
4321,wara,/ˈwa.ʁa/,助词,确实，的确（强调助词）。,原生功能词。
4322,x,/ks/,字母,组合。,拉丁字母。
4323,xana,/ˈksa.na/,名词,外部，外面。,原生词根。
4324,xara,/ˈksa.ʁa/,形容词,外部的，陌生的。,原生词根。
4325,xaren,/ˈksaʁən/,动词,变成外部。,「xara」+ 后缀 -en（变成）。
4326,xarli,/ˈksaɹli/,副词,外部地。,「xara」+ 后缀 -li（副词化）。
4327,ya,/ja/,代词,我。,原生代词。
4328,yaph,/jaf/,代词,我们。,"""ya"" 的复数。"
4329,yester,/ˈjes.tʰəɹ/,名词,昨天。,"英语 ""yesterday"" 简化。"
4330,zæa,/ˈzæa/,名词,麦子。,原生词根。
4331,zai,/zai/,动词,说，聊天。,原生词根。
4332,zaiac,/zaˈiak/,名词,兔子。,源自俄语「заяц」(zayats)。
4333,zaik,/ˈzaikʰ/,名词,犁。,原生词根。
4334,zålhansé,/zɔːˈlhanseː/,名词,兽穴。,原生词根。
4335,zambak,/ˈzambakʰ/,名词,百合。,借词「zambak」。
4336,zána,/ˈzaː.na/,数词,零。,"拉丁语 ""zephyrus"" 变体（零概念）。"
4337,zanĝil,/ˈzan.d͡ʒil/,名词,夹子，发夹。,「zanĝo」（钳子）+ 后缀 -il（工具）
4338,zanĝo,/ˈzand͡ʒo/,名词,钳子。,源自德语「Zange」。
4339,zape,/ˈzapə/,名词,玉米。,原生词根。
4340,zára,/ˈzaː.ʁa/,动词,抓住，握住。,原生词根。
4341,zasá,/ˈzasaː/,名词,船帆。,原生词根。
4342,zátfep,/ˈzaːtʰfəp/,名词,渔夫。,原生词根。
4343,zefot,/ˈzefotʰ/,名词,说书人。,原生词根。
4344,zeitin,/zəˈitʰin/,名词,橄榄。,借词「zeytin」。
4345,zencefil,/zəˈnkefil/,名词,姜。,借词「zencefil」。
4346,zeni,/ˈze.ni/,名词,枕头。,原生词根。
4347,zenu,/ˈzenu/,名词,护腕。,原生词根。
4348,zésé,/ˈzeːseː/,动词,褪色。,原生词根。
4349,zieĝel,/ziˈed͡ʒəl/,名词,砖。,源自德语「Ziegel」。
4350,zimer,/ˈziməɹ/,名词,房间。,源自德语「Zimmer」。
4351,zinko,/ˈziŋ.kʰo/,名词,锌。,源自德语「Zink」。
4352,zíre,/ˈziːʁə/,名词,倒影。,原生词根。
4353,zírelun,/ˈziː.ʁə.lun/,名词,月光落在水面上的倒影，随波而碎。,zíre（倒影）+ lun（月）。
4354,zíta,/ˈziːtʰa/,名词,午夜。,原生词根。
4355,zlmp,/ˈzl̩mp/,名词,耳机。,原创词。
4356,zoket,/ˈzokʰətʰ/,名词,荒原。,原生词根。
4357,zólogia,/zoːloˈɡia/,名词,动物学。,源自希腊语「ζωολογία」(zoologia)。
4358,zølrikon,/zøˈlrikʰon/,名词,片刻。,原生词根。
4359,zorg,/zoɹɡ/,动词,关心。,借世界语 zorgi。
4360,zóta,/ˈzoː.tʰa/,形容词,安静的。,原生词根。
4361,zótbi,/ˈzoːtʰbi/,名词,木牍。,原生词根。
4362,zóten,/ˈzoːtʰən/,动词,变成安静。,「zóta」+ 后缀 -en（变成）。
4363,zotiki,/zoˈtʰikʰi/,形容词,生动的。,源自希腊语「ζωτικός」(zotikos)。
4364,zubro,/ˈzubro/,名词,野牛。,源自斯拉夫语「zubr」。
4365,zuf,/ˈzuf/,名词,坟冢。,原生词根。
4366,zurek,/ˈzuʁəkʰ/,名词,酸汤。,源自波兰语「zurek」。
4367,zvon,/ˈzvon/,名词,教堂钟。,源自俄语「звон」(zvon)。
